customer_id,Geography,Gender,Age,Balance,NumOfProducts,frequency,recency,monetary_value,prob_alive,predicted_transactions_12m,predicted_monetary_value,clv_12m,clv_lifetime,clv_segment,churn_risk
15634602,France,Female,42,0.0,1,2,0.79,184.13,0.23,0.25,201.85,50.31,445.25,High Value,High Risk
15647311,Spain,Female,41,83807.86,1,1,0.03,256.41,0.01,0.02,308.5,4.92,24.6,High Value,High Risk
15619304,France,Female,42,159660.8,3,4,3.15,228.91,0.07,0.04,239.22,8.76,43.82,High Value,High Risk
15737888,Spain,Female,43,125510.82,1,2,0.03,331.7,0.0,0.0,361.92,0.05,0.24,Above Average,High Risk
15574012,Spain,Male,44,113755.78,2,3,3.15,269.55,0.13,0.06,285.72,15.77,157.71,High Value,High Risk
15592531,France,Male,50,0.0,2,12,0.03,245.03,0.0,0.0,248.59,0.0,0.0,Low Value,High Risk
15656148,Germany,Female,29,115046.74,4,2,1.57,188.92,0.23,0.13,207.04,27.62,245.31,High Value,High Risk
15792365,France,Male,44,142051.07,2,6,0.03,227.83,0.0,0.0,234.58,0.0,0.0,Below Average,High Risk
15592389,France,Male,27,134603.88,1,2,0.03,282.37,0.0,0.0,308.41,0.04,0.21,Above Average,High Risk
15767821,France,Male,31,102016.72,2,2,0.03,233.72,0.0,0.0,255.64,0.0,0.0,Average,High Risk
15737173,Spain,Male,24,0.0,2,1,0.03,147.53,0.0,0.0,179.47,0.2,1.0,Above Average,High Risk
15632264,France,Female,34,0.0,2,4,0.03,141.23,0.0,0.0,147.99,0.0,0.0,Below Average,High Risk
15691483,France,Female,25,0.0,2,2,0.03,163.13,0.0,0.0,179.07,0.0,0.0,Average,High Risk
15600882,Spain,Female,35,0.0,2,12,0.03,188.93,0.0,0.0,191.75,0.0,0.0,Low Value,High Risk
15643966,Germany,Male,45,143129.41,2,5,0.03,262.38,0.0,0.0,271.64,0.0,0.0,Below Average,High Risk
15788218,Spain,Female,24,0.0,2,15,0.03,163.13,0.0,0.0,165.11,0.0,0.0,Low Value,High Risk
15661507,Spain,Male,45,0.0,1,2,0.03,174.53,0.0,0.0,191.44,0.0,0.0,Average,High Risk
15568982,France,Female,24,0.0,2,10,0.03,216.23,0.0,0.0,220.06,0.0,0.0,Low Value,High Risk
15577657,France,Male,41,0.0,2,13,0.03,218.03,0.0,0.0,220.99,0.0,0.0,Low Value,High Risk
15597945,Spain,Female,32,0.0,2,3,0.03,189.23,0.0,0.0,201.0,0.0,0.0,Average,High Risk
15699309,Spain,Female,38,0.0,1,1,1.57,151.43,0.34,0.12,184.1,22.87,134.51,High Value,Medium Risk
15725737,France,Male,46,0.0,2,5,0.03,199.13,0.0,0.0,206.36,0.0,0.0,Below Average,High Risk
15625047,France,Female,38,0.0,1,7,0.03,252.23,0.0,0.0,258.56,0.0,0.0,Below Average,High Risk
15738191,France,Male,25,0.0,2,5,0.03,171.53,0.0,0.0,177.87,0.0,0.0,Below Average,High Risk
15736816,Germany,Male,36,136815.64,1,2,0.03,304.08,0.0,0.0,331.95,0.04,0.22,Above Average,High Risk
15700772,France,Male,44,0.0,2,3,0.03,169.73,0.0,0.0,180.43,0.0,0.0,Below Average,High Risk
15728693,Germany,Female,43,141349.43,1,4,0.03,249.69,0.0,0.0,260.86,0.0,0.0,Average,High Risk
15589475,Spain,Female,39,0.0,3,1,1.18,175.73,0.34,0.16,212.89,34.51,202.84,High Value,Medium Risk
15706552,France,Male,36,85311.7,1,10,0.03,234.03,0.0,0.0,238.14,0.0,0.0,Low Value,High Risk
15750181,Germany,Male,41,110112.54,2,3,0.03,241.73,0.0,0.0,256.38,0.0,0.0,Below Average,High Risk
15659428,Spain,Female,42,0.0,2,10,0.03,154.43,0.0,0.0,157.28,0.0,0.0,Low Value,High Risk
15732963,Spain,Female,29,0.0,2,15,0.03,215.03,0.0,0.0,217.56,0.0,0.0,Low Value,High Risk
15788448,Spain,Male,31,145260.23,1,4,0.03,224.68,0.0,0.0,234.82,0.0,0.0,Average,High Risk
15729599,Spain,Male,33,76548.6,1,10,0.03,314.6,0.0,0.0,319.99,0.0,0.0,Low Value,High Risk
15717426,France,Male,36,0.0,1,10,0.03,253.43,0.0,0.0,257.85,0.0,0.0,Low Value,High Risk
15585768,Germany,Male,41,70349.48,2,10,0.03,247.44,0.0,0.0,251.76,0.0,0.0,Low Value,High Risk
15619360,Spain,Male,40,0.0,1,1,0.03,140.03,0.0,0.0,170.59,0.09,0.47,Above Average,High Risk
15738148,France,Female,51,122522.32,1,2,3.15,217.29,0.22,0.07,237.82,16.47,146.55,High Value,High Risk
15687946,France,Female,61,117419.35,1,2,0.03,256.81,0.0,0.0,280.68,0.04,0.19,Above Average,High Risk
15684171,Spain,Female,61,155931.11,1,7,0.03,289.9,0.0,0.0,297.08,0.0,0.0,Below Average,High Risk
15754849,Germany,Female,32,109421.13,2,6,0.03,308.59,0.0,0.0,317.5,0.0,0.0,Below Average,High Risk
15602280,Germany,Female,27,112045.67,1,12,3.54,324.64,0.0,0.0,329.26,0.05,0.23,Above Average,High Risk
15771573,Germany,Female,39,137843.8,1,12,3.54,268.43,0.0,0.0,272.3,0.04,0.19,Above Average,High Risk
15766205,Germany,Male,38,103391.38,1,2,0.03,240.41,0.0,0.0,262.89,0.04,0.18,Above Average,High Risk
15616550,Germany,Male,44,116363.37,2,4,0.03,285.6,0.0,0.0,298.22,0.0,0.0,Below Average,High Risk
15768193,Germany,Male,36,146050.97,2,2,0.03,253.21,0.0,0.0,276.78,0.0,0.01,Above Average,High Risk
15683553,France,Female,33,0.0,2,2,0.03,234.83,0.0,0.0,256.85,0.0,0.01,Above Average,High Risk
15702298,Germany,Male,41,125561.97,1,2,3.15,273.2,0.22,0.07,298.47,20.67,183.92,High Value,High Risk
15760861,France,Male,43,125211.92,1,1,0.03,262.39,0.01,0.02,315.58,5.03,25.16,High Value,High Risk
15630053,France,Male,45,127864.4,1,1,0.03,273.62,0.0,0.0,328.9,0.1,0.51,Above Average,High Risk
15623944,Spain,Female,66,0.0,1,1,1.57,171.73,0.34,0.12,208.15,25.86,152.08,High Value,Medium Risk
15804771,France,Male,51,40685.92,1,5,0.03,254.64,0.0,0.0,263.66,0.0,0.0,Below Average,High Risk
15651280,Germany,Male,35,136857.0,1,1,0.03,299.88,0.0,0.0,360.01,0.11,0.56,Above Average,High Risk
15773469,Germany,Female,27,152328.88,2,3,0.03,284.09,0.0,0.0,301.07,0.0,0.0,Average,High Risk
15751208,Spain,Male,56,78707.16,1,11,0.03,286.29,0.0,0.0,290.77,0.0,0.0,Low Value,High Risk
15592461,Germany,Male,26,109166.37,1,5,0.03,256.67,0.0,0.0,265.75,0.0,0.0,Below Average,High Risk
15789484,Germany,Female,36,169831.46,2,10,0.03,304.02,0.0,0.0,309.24,0.0,0.0,Below Average,High Risk
15641582,Germany,Male,43,123180.01,2,17,0.03,297.08,0.0,0.0,300.06,0.0,0.0,Low Value,High Risk
15638424,Germany,Female,35,150725.53,2,8,0.03,276.22,0.0,0.0,282.22,0.0,0.0,Below Average,High Risk
15755648,France,Female,21,98373.26,1,2,0.03,277.58,0.0,0.0,303.21,0.0,0.0,Average,High Risk
15703793,Germany,Male,58,133745.44,4,1,0.79,308.52,0.34,0.23,370.26,86.43,465.74,High Value,Medium Risk
15620344,France,Male,29,0.0,1,2,0.03,242.33,0.0,0.0,264.98,0.0,0.0,Average,High Risk
15779052,Germany,Female,25,157780.84,2,8,0.03,259.43,0.0,0.0,265.09,0.0,0.0,Below Average,High Risk
15770811,France,Male,36,0.0,2,15,0.03,154.13,0.0,0.0,156.02,0.0,0.0,Low Value,High Risk
15614049,France,Male,55,0.0,2,13,0.03,203.88,0.0,0.0,206.67,0.0,0.0,Low Value,High Risk
15662085,France,Female,32,0.0,1,12,0.03,201.83,0.0,0.0,204.82,0.0,0.0,Low Value,High Risk
15575185,Spain,Male,33,77253.22,1,7,0.03,300.57,0.0,0.0,308.0,0.0,0.0,Below Average,High Risk
15803136,Germany,Female,41,122189.66,2,4,0.03,201.32,0.0,0.0,210.52,0.0,0.0,Below Average,High Risk
15641732,France,Female,36,0.0,2,1,0.03,161.33,0.0,0.0,195.83,0.22,1.09,Above Average,High Risk
15701164,France,Female,34,90307.62,1,5,0.03,226.31,0.0,0.0,234.41,0.0,0.0,Below Average,High Risk
15738751,France,Female,46,0.0,2,1,0.03,146.33,0.0,0.0,178.05,0.1,0.49,Above Average,High Risk
15805254,Spain,Female,75,0.0,2,17,0.03,225.28,0.0,0.0,227.6,0.0,0.0,Low Value,High Risk
15762418,Spain,Male,22,121681.82,1,1,1.18,301.49,0.34,0.16,361.93,58.67,344.83,High Value,Medium Risk
15625759,France,Male,30,0.0,2,3,0.03,217.13,0.0,0.0,230.43,0.0,0.0,Below Average,High Risk
15622897,France,Female,46,0.0,3,2,1.57,192.23,0.23,0.13,210.64,28.1,249.56,High Value,High Risk
15767954,Germany,Female,28,81623.67,2,5,0.03,264.33,0.0,0.0,273.66,0.0,0.0,Below Average,High Risk
15757535,Spain,Female,44,0.0,3,10,1.97,192.53,0.0,0.0,195.99,0.22,1.1,Above Average,High Risk
15731511,France,Male,45,118626.55,2,3,0.03,318.72,0.0,0.0,337.6,0.0,0.0,Average,High Risk
15809248,France,Female,36,0.0,2,4,0.03,155.63,0.0,0.0,162.97,0.0,0.0,Below Average,High Risk
15640635,France,Male,29,0.0,2,13,0.03,229.13,0.0,0.0,232.22,0.0,0.0,Low Value,High Risk
15676966,Spain,Male,42,0.0,2,6,0.03,217.43,0.0,0.0,223.91,0.0,0.0,Below Average,High Risk
15699461,Spain,Male,35,176273.95,1,14,0.03,233.47,0.0,0.0,236.38,0.0,0.0,Low Value,High Risk
15738721,Spain,Male,41,102827.44,1,12,0.03,307.27,0.0,0.0,311.65,0.0,0.0,Low Value,High Risk
15693683,Germany,Male,29,97086.4,2,13,0.03,319.19,0.0,0.0,323.37,0.0,0.0,Low Value,High Risk
15604348,Spain,Male,22,0.0,2,3,0.03,211.43,0.0,0.0,224.42,0.0,0.0,Average,High Risk
15633059,France,Male,34,0.0,2,3,0.03,122.33,0.0,0.0,130.43,0.0,0.0,Below Average,High Risk
15808582,France,Female,40,0.0,1,8,0.03,197.93,0.0,0.0,202.37,0.0,0.0,Below Average,High Risk
15743192,France,Female,44,0.0,2,2,0.03,185.33,0.0,0.0,203.15,0.0,0.0,Average,High Risk
15580146,France,Male,31,82674.15,1,3,0.03,295.32,0.0,0.0,312.91,0.0,0.0,Average,High Risk
15776605,Spain,Male,36,0.0,2,3,0.03,156.83,0.0,0.0,166.82,0.0,0.0,Average,High Risk
15804919,Spain,Female,65,0.0,1,1,0.39,218.18,0.34,0.42,263.2,110.48,465.74,High Value,Medium Risk
15613854,Spain,Female,46,107073.27,2,6,1.57,262.24,0.02,0.02,269.92,6.13,30.64,High Value,High Risk
15599195,Germany,Male,32,88938.62,1,1,0.03,249.0,0.01,0.02,299.72,4.78,23.9,High Value,High Risk
15812878,Germany,Female,36,99806.85,1,2,0.03,310.67,0.0,0.0,339.11,0.05,0.23,Above Average,High Risk
15602312,Spain,Male,33,150092.8,1,1,0.03,259.39,0.0,0.0,312.04,0.1,0.49,Above Average,High Risk
15744689,Germany,Male,35,92833.89,1,3,3.54,218.39,0.13,0.05,231.76,11.42,114.23,High Value,High Risk
15803526,Germany,Male,30,90536.81,1,4,0.03,280.02,0.0,0.0,292.42,0.0,0.0,Average,High Risk
15665790,Germany,Male,39,108055.1,2,3,0.03,237.1,0.0,0.0,251.5,0.0,0.0,Average,High Risk
15591100,Spain,Male,36,106190.55,1,12,0.03,278.09,0.0,0.0,282.08,0.0,0.0,Low Value,High Risk
15609618,Germany,Male,28,154475.54,2,15,3.54,294.39,0.0,0.0,297.75,0.0,0.02,Above Average,High Risk
15675522,Germany,Female,30,132351.29,2,15,0.03,265.45,0.0,0.0,268.51,0.0,0.0,Low Value,High Risk
15705512,Germany,Female,37,167864.4,1,2,0.03,279.04,0.0,0.0,304.8,0.0,0.0,Average,High Risk
15661670,Germany,Female,31,107818.63,1,2,3.15,232.89,0.22,0.07,254.74,17.64,156.97,High Value,High Risk
15600781,Germany,Male,34,185173.81,2,1,0.03,288.99,0.0,0.0,347.11,0.19,0.95,Above Average,High Risk
15682472,France,Male,34,129433.34,2,3,0.03,325.31,0.0,0.0,344.55,0.0,0.0,Average,High Risk
15580203,Spain,Male,39,120193.42,1,2,0.03,278.61,0.0,0.0,304.33,0.0,0.0,Average,High Risk
15690673,France,Female,39,0.0,2,2,0.03,195.23,0.0,0.0,213.89,0.0,0.0,Average,High Risk
15760085,Germany,Female,48,126384.42,1,14,0.03,281.95,0.0,0.0,285.41,0.0,0.0,Low Value,High Risk
15779659,France,Female,28,0.0,1,1,0.03,185.93,0.0,0.0,224.98,0.25,1.26,Above Average,High Risk
15627360,France,Male,42,152603.45,1,3,3.54,207.6,0.13,0.05,220.38,10.86,108.63,High Value,High Risk
15671137,France,Female,52,0.0,1,1,0.39,165.63,0.34,0.42,200.92,84.34,465.74,High Value,Medium Risk
15575492,France,Female,41,0.0,2,3,0.03,246.83,0.0,0.0,261.76,0.0,0.0,Average,High Risk
15591607,France,Male,24,101827.07,1,3,0.03,306.31,0.0,0.0,324.5,0.0,0.0,Average,High Risk
15740404,France,Female,34,0.0,2,5,0.03,225.83,0.0,0.0,233.92,0.0,0.0,Below Average,High Risk
15718369,Germany,Female,33,130862.43,1,12,0.03,315.48,0.0,0.0,319.97,0.0,0.0,Low Value,High Risk
15677871,France,Male,38,122570.87,1,12,0.03,282.64,0.0,0.0,286.7,0.0,0.0,Low Value,High Risk
15642004,France,Male,25,0.0,2,1,0.03,204.23,0.01,0.02,246.67,3.93,19.67,High Value,High Risk
15712543,Germany,Male,39,124828.46,2,12,0.03,313.36,0.0,0.0,317.83,0.0,0.0,Low Value,High Risk
15584518,Germany,Female,50,144895.05,2,8,0.03,254.36,0.0,0.0,259.92,0.0,0.0,Below Average,High Risk
15802381,Germany,Female,34,63663.93,1,7,0.03,210.48,0.0,0.0,215.85,0.0,0.0,Below Average,High Risk
15610156,France,Male,40,133463.1,1,2,0.03,268.21,0.0,0.0,293.05,0.04,0.2,Above Average,High Risk
15640905,Spain,Female,35,129490.36,2,1,0.39,250.61,0.34,0.42,301.63,126.61,465.74,High Value,Medium Risk
15698932,Germany,Male,44,137452.09,1,3,0.03,304.11,0.0,0.0,322.18,0.0,0.0,Below Average,High Risk
15724944,France,Male,34,0.0,2,12,0.03,197.33,0.0,0.0,200.27,0.0,0.0,Low Value,High Risk
15628145,France,Female,43,125851.93,1,7,0.03,281.32,0.0,0.0,288.31,0.0,0.0,Below Average,High Risk
15612350,France,Female,31,40915.55,1,1,1.97,276.53,0.34,0.1,332.34,33.48,196.95,High Value,Medium Risk
15800703,Spain,Female,21,113157.22,1,7,0.03,221.51,0.0,0.0,227.14,0.0,0.0,Below Average,High Risk
15705707,Spain,Female,29,138296.94,2,3,0.03,267.85,0.0,0.0,283.93,0.0,0.0,Average,High Risk
15754105,France,Male,37,106967.18,1,1,0.03,270.64,0.0,0.0,325.36,0.1,0.51,Above Average,High Risk
15703264,France,Male,44,120681.63,1,3,0.03,296.94,0.0,0.0,314.62,0.0,0.0,Average,High Risk
15650237,Spain,Female,32,0.0,2,3,0.03,224.63,0.0,0.0,238.34,0.0,0.0,Average,High Risk
15759618,France,Female,48,0.0,1,3,3.54,158.93,0.13,0.05,169.04,8.33,83.32,High Value,High Risk
15811589,Spain,Male,42,0.0,2,3,0.03,213.23,0.0,0.0,226.32,0.0,0.0,Average,High Risk
15709368,France,Female,43,0.0,2,10,0.03,182.63,0.0,0.0,185.93,0.0,0.0,Low Value,High Risk
15679145,Spain,Male,57,0.0,1,2,2.76,218.98,0.22,0.08,239.65,18.87,167.8,High Value,High Risk
15655007,France,Female,33,0.0,2,3,0.03,225.83,0.0,0.0,239.61,0.0,0.0,Average,High Risk
15623595,Spain,Female,28,0.0,2,3,0.03,174.23,0.0,0.0,185.18,0.0,0.0,Average,High Risk
15589975,France,Female,73,97259.25,1,8,0.03,297.55,0.0,0.0,303.97,0.0,0.0,Below Average,High Risk
15804017,Germany,Female,33,123246.7,1,1,0.03,265.88,0.0,0.0,319.72,0.17,0.87,Above Average,High Risk
15692132,Spain,Female,22,101060.25,1,8,0.03,290.36,0.0,0.0,296.64,0.0,0.0,Below Average,High Risk
15630910,France,Female,49,108007.36,1,2,0.03,315.7,0.0,0.0,344.56,0.0,0.0,Average,High Risk
15680772,Spain,Female,36,0.0,2,3,0.03,214.73,0.0,0.0,227.9,0.0,0.01,Average,High Risk
15585388,Germany,Male,31,125189.75,2,15,0.03,274.68,0.0,0.0,277.84,0.0,0.0,Low Value,High Risk
15724623,Germany,Female,24,113034.22,1,2,2.76,287.2,0.22,0.08,313.65,24.69,219.61,High Value,High Risk
15588537,Spain,Female,41,109013.23,1,3,0.03,260.26,0.0,0.0,275.93,0.0,0.0,Average,High Risk
15611325,Germany,Male,24,57929.81,2,3,0.03,276.15,0.0,0.0,292.69,0.0,0.0,Average,High Risk
15587562,France,Female,29,130114.39,1,1,0.03,222.14,0.0,0.0,267.89,0.15,0.73,Above Average,High Risk
15613172,Germany,Male,27,95826.49,2,2,0.03,263.3,0.0,0.0,287.72,0.0,0.01,Above Average,High Risk
15651022,Germany,Male,44,129608.57,1,3,3.94,220.92,0.13,0.04,234.42,10.44,104.38,High Value,High Risk
15586310,France,Male,30,169462.09,1,1,0.03,252.1,0.0,0.0,303.4,0.17,0.83,Above Average,High Risk
15625524,France,Male,40,0.0,2,8,0.03,152.03,0.0,0.0,155.56,0.0,0.0,Below Average,High Risk
15755209,Spain,Female,35,133868.21,1,10,0.03,222.33,0.0,0.0,226.26,0.0,0.0,Low Value,High Risk
15790355,Germany,Male,36,190479.48,2,2,0.03,261.28,0.0,0.0,285.53,0.0,0.01,Above Average,High Risk
15762615,Spain,Female,40,101993.12,1,11,0.03,254.42,0.0,0.0,258.44,0.0,0.0,Low Value,High Risk
15625426,Germany,Female,55,161608.81,1,1,1.18,310.84,0.34,0.16,373.0,60.46,355.38,High Value,Medium Risk
15716334,Spain,Female,45,122311.21,1,2,0.03,331.53,0.0,0.0,361.73,0.05,0.24,Above Average,High Risk
15789669,France,Male,65,0.0,2,3,0.03,170.18,0.0,0.0,180.9,0.0,0.0,Average,High Risk
15810845,France,Male,42,0.0,2,3,0.03,189.23,0.0,0.0,201.0,0.0,0.0,Average,High Risk
15719377,France,Female,50,0.0,1,5,1.57,239.63,0.03,0.04,248.17,10.3,51.51,High Value,High Risk
15654506,France,Male,32,0.0,2,3,0.03,152.63,0.0,0.0,162.39,0.0,0.0,Average,High Risk
15726676,Spain,Male,30,0.0,2,8,0.03,183.23,0.0,0.0,187.38,0.0,0.0,Below Average,High Risk
15587421,Germany,Female,34,111388.18,2,3,0.03,282.01,0.0,0.0,298.87,0.0,0.0,Average,High Risk
15726931,France,Female,41,56214.85,2,3,3.15,285.85,0.13,0.06,302.92,16.72,167.2,High Value,High Risk
15771086,France,Female,36,84327.77,2,1,0.03,227.65,0.0,0.0,274.42,0.31,1.53,Above Average,High Risk
15702741,France,Male,32,93012.89,1,2,0.03,255.0,0.0,0.0,278.72,0.0,0.0,Average,High Risk
15679200,Spain,Male,29,61710.44,2,3,0.03,245.97,0.0,0.0,260.85,0.0,0.0,Below Average,High Risk
15594815,France,Male,35,174790.15,1,4,0.03,321.01,0.0,0.0,335.07,0.0,0.0,Average,High Risk
15635905,Spain,Female,32,0.0,2,10,0.03,183.23,0.0,0.0,186.54,0.0,0.0,Low Value,High Risk
15777892,Germany,Male,37,107720.64,1,4,0.03,291.98,0.0,0.0,304.86,0.0,0.0,Average,High Risk
15656176,France,Male,57,0.0,2,17,0.03,157.48,0.0,0.0,159.18,0.0,0.0,Low Value,High Risk
15811127,France,Male,35,96423.84,1,2,0.03,231.24,0.0,0.0,252.95,0.0,0.0,Average,High Risk
15604482,Spain,Male,30,141040.01,1,2,0.03,332.48,0.0,0.0,362.76,0.05,0.24,Above Average,High Risk
15622911,France,Male,42,105420.18,1,5,0.03,303.24,0.0,0.0,313.82,0.0,0.0,Below Average,High Risk
15600974,Spain,Male,50,0.0,1,7,1.97,153.23,0.01,0.01,157.3,1.51,7.54,Above Average,High Risk
15727868,France,Female,38,129022.06,2,3,0.79,290.18,0.13,0.2,307.5,60.76,465.74,High Value,High Risk
15627801,Spain,Male,33,176666.62,1,1,0.03,232.58,0.0,0.0,280.26,0.31,1.57,Above Average,High Risk
15773039,France,Male,37,0.0,1,4,0.03,163.43,0.0,0.0,171.09,0.0,0.0,Average,High Risk
15755262,Spain,Female,41,89763.84,1,1,1.18,256.87,0.34,0.16,309.04,50.09,294.44,High Value,Medium Risk
15679531,France,Male,34,134954.53,1,7,0.03,262.58,0.0,0.0,269.15,0.0,0.0,Below Average,High Risk
15684181,France,Male,45,0.0,1,1,1.97,191.33,0.34,0.1,231.38,23.31,137.12,High Value,Medium Risk
15612087,France,Male,45,106376.85,1,2,0.03,276.9,0.0,0.0,302.47,0.04,0.2,Above Average,High Risk
15624592,France,Male,31,0.0,2,13,0.03,179.33,0.0,0.0,181.82,0.0,0.0,Low Value,High Risk
15573152,France,Female,41,0.0,2,3,0.03,184.43,0.0,0.0,195.94,0.0,0.0,Below Average,High Risk
15594917,France,Female,34,63095.01,1,1,0.03,274.92,0.01,0.02,330.43,5.27,26.34,High Value,High Risk
15785542,Germany,Male,26,118287.01,2,1,0.03,247.91,0.0,0.0,298.42,0.16,0.81,Above Average,High Risk
15723488,Germany,Male,47,106854.21,1,10,2.76,276.03,0.0,0.0,280.8,0.23,1.14,Above Average,High Risk
15680920,France,Male,46,49512.55,1,2,0.03,279.0,0.0,0.0,304.75,0.0,0.0,Average,High Risk
15786308,Spain,Female,33,0.0,2,3,0.03,217.43,0.0,0.0,230.75,0.0,0.0,Below Average,High Risk
15774854,France,Male,54,0.0,1,11,3.15,181.03,0.0,0.0,184.0,0.06,0.31,Above Average,High Risk
15725311,France,Female,31,114722.05,2,15,0.03,293.9,0.0,0.0,297.26,0.0,0.0,Low Value,High Risk
15787155,Spain,Male,30,0.0,1,10,0.03,152.63,0.0,0.0,155.45,0.0,0.0,Low Value,High Risk
15727829,France,Male,42,0.0,2,3,0.03,168.53,0.0,0.0,179.16,0.0,0.0,Average,High Risk
15733247,France,Male,33,0.0,1,3,3.94,253.43,0.13,0.04,268.73,11.97,119.65,High Value,High Risk
15568748,Germany,Male,45,99564.22,1,8,2.36,276.46,0.0,0.0,282.46,1.14,5.72,Above Average,High Risk
15699029,France,Male,37,170557.91,2,1,0.03,279.75,0.0,0.0,336.15,0.18,0.92,Above Average,High Risk
15774393,France,Female,30,0.0,2,15,0.03,206.63,0.0,0.0,209.07,0.0,0.0,Low Value,High Risk
15676895,Germany,Female,39,74596.15,3,12,2.36,237.33,0.0,0.0,240.79,0.05,0.25,Above Average,High Risk
15605461,Germany,Female,29,130830.22,1,1,0.03,255.18,0.0,0.0,307.04,0.34,1.72,Above Average,High Risk
15808473,France,Male,72,0.0,2,1,0.03,227.83,0.01,0.02,274.64,4.38,21.9,High Value,High Risk
15787174,France,Female,37,0.0,2,1,0.03,152.03,0.01,0.02,184.81,2.95,14.73,Above Average,High Risk
15723886,Germany,Male,20,119714.25,2,5,0.03,306.49,0.0,0.0,317.17,0.0,0.0,Below Average,High Risk
15704769,France,Female,67,113978.97,2,8,0.03,272.81,0.0,0.0,278.74,0.0,0.0,Below Average,High Risk
15772896,Germany,Male,42,100160.75,1,2,2.36,304.1,0.22,0.09,331.98,30.27,269.12,High Value,High Risk
15711540,France,Female,29,0.0,1,2,0.03,212.03,0.0,0.0,232.11,0.03,0.16,Above Average,High Risk
15764866,Germany,Female,43,116220.5,3,1,1.18,237.89,0.34,0.16,286.55,46.45,273.02,High Value,Medium Risk
15794056,France,Female,46,0.0,3,1,0.79,198.83,0.34,0.23,240.27,56.09,329.29,High Value,Medium Risk
15795149,France,Male,28,81173.83,2,3,0.03,284.7,0.0,0.0,301.71,0.0,0.01,Above Average,High Risk
15812009,Spain,Male,38,0.0,2,1,0.03,197.03,0.0,0.0,238.13,0.13,0.65,Above Average,High Risk
15651001,Germany,Female,39,116803.8,1,1,0.03,293.72,0.0,0.0,352.72,0.11,0.55,Above Average,High Risk
15813844,France,Male,37,105961.68,2,13,0.03,286.47,0.0,0.0,290.26,0.0,0.0,Low Value,High Risk
15596175,Germany,Male,67,117411.6,1,8,2.36,295.21,0.0,0.0,301.58,1.22,6.11,Above Average,High Risk
15576269,Spain,Male,34,0.0,2,3,0.03,155.33,0.0,0.0,165.24,0.0,0.0,Average,High Risk
15797219,France,Female,40,123497.58,1,3,3.94,267.09,0.13,0.04,283.14,12.61,126.07,High Value,High Risk
15685500,Germany,Male,26,152400.51,2,3,0.03,309.6,0.0,0.0,327.97,0.0,0.0,Average,High Risk
15599792,France,Female,26,0.0,2,1,0.03,161.93,0.01,0.02,196.54,3.13,15.67,Above Average,High Risk
15657566,Germany,Male,24,103097.85,1,11,0.03,265.59,0.0,0.0,269.78,0.0,0.0,Low Value,High Risk
15772423,Germany,Male,54,126418.14,1,2,3.15,303.45,0.22,0.07,331.27,22.95,204.14,High Value,High Risk
15628112,Germany,Female,36,77846.9,1,1,0.03,304.82,0.0,0.0,365.87,0.11,0.57,Above Average,High Risk
15753754,Spain,Female,34,0.0,2,1,0.03,174.53,0.01,0.02,211.47,3.37,16.86,Above Average,High Risk
15694717,Germany,Male,37,79731.91,1,2,0.03,236.88,0.0,0.0,259.06,0.03,0.17,Above Average,High Risk
15665834,Spain,Male,28,0.0,1,2,0.03,207.23,0.0,0.0,226.91,0.0,0.0,Average,High Risk
15636684,France,Male,34,0.0,2,17,0.03,216.53,0.0,0.0,218.77,0.0,0.0,Low Value,High Risk
15592979,Germany,Female,34,37266.67,2,2,0.03,269.91,0.0,0.0,294.89,0.0,0.0,Average,High Risk
15750803,France,Female,30,127992.25,1,8,0.03,284.73,0.0,0.0,290.9,0.0,0.0,Below Average,High Risk
15607178,Germany,Male,38,54901.01,1,4,0.03,326.19,0.0,0.0,340.46,0.0,0.0,Average,High Risk
15713853,Germany,Male,42,108748.08,2,15,0.03,295.35,0.0,0.0,298.72,0.0,0.0,Low Value,High Risk
15673481,Spain,Female,48,99906.19,1,2,0.03,292.98,0.0,0.0,319.92,0.0,0.0,Average,High Risk
15686776,France,Female,32,184686.41,2,2,0.03,246.38,0.0,0.0,269.37,0.0,0.0,Average,High Risk
15700696,Spain,Male,31,79019.8,1,12,0.03,295.02,0.0,0.0,299.24,0.0,0.0,Low Value,High Risk
15813163,Spain,Female,36,99240.51,1,3,0.03,234.44,0.0,0.0,248.69,0.0,0.0,Below Average,High Risk
15653857,France,Male,34,0.0,2,3,0.03,147.83,0.0,0.0,157.33,0.0,0.0,Average,High Risk
15777076,France,Male,36,0.0,2,3,0.03,193.73,0.0,0.0,205.75,0.0,0.0,Average,High Risk
15717398,Spain,Female,39,0.0,1,2,2.76,163.13,0.22,0.08,179.07,14.1,125.38,High Value,High Risk
15799217,Germany,Female,35,52436.2,1,2,0.03,308.18,0.0,0.0,336.41,0.0,0.0,Average,High Risk
15787071,Spain,Male,41,0.0,2,15,0.03,193.43,0.0,0.0,195.73,0.0,0.0,Low Value,High Risk
15619955,Germany,Male,34,100337.96,3,1,1.18,295.11,0.34,0.16,354.36,57.44,337.62,High Value,Medium Risk
15796505,Germany,Female,34,149297.19,2,1,0.03,321.16,0.01,0.02,385.23,6.14,30.71,High Value,High Risk
15725166,France,Male,30,0.0,2,3,0.03,210.53,0.0,0.0,223.47,0.0,0.0,Average,High Risk
15800116,Germany,Male,28,145605.44,1,5,0.03,291.29,0.0,0.0,301.49,0.0,0.0,Below Average,High Risk
15758685,Spain,Female,37,0.0,2,12,0.03,210.23,0.0,0.0,213.34,0.0,0.0,Low Value,High Risk
15694456,France,Male,62,0.0,1,4,1.18,240.23,0.07,0.09,251.01,22.95,114.75,High Value,High Risk
15767339,France,Female,53,0.0,2,4,0.03,235.28,0.0,0.0,245.86,0.0,0.0,Below Average,High Risk
15683562,France,Male,35,84026.86,1,8,0.03,267.83,0.0,0.0,273.66,0.0,0.0,Below Average,High Risk
15668893,France,Male,39,0.0,2,13,0.03,233.03,0.0,0.0,236.17,0.0,0.0,Low Value,High Risk
15669169,Spain,Male,29,0.0,2,17,0.03,230.93,0.0,0.0,233.31,0.0,0.0,Low Value,High Risk
15643024,Germany,Male,35,138718.92,1,5,1.57,221.07,0.03,0.04,229.0,9.51,47.53,High Value,High Risk
15699389,France,Male,42,118274.71,1,10,0.03,318.41,0.0,0.0,323.85,0.0,0.0,Low Value,High Risk
15708608,France,Female,22,174185.98,2,13,0.03,318.59,0.0,0.0,322.76,0.0,0.0,Low Value,High Risk
15626144,France,Male,40,113208.86,2,3,0.03,278.51,0.0,0.0,295.18,0.0,0.0,Average,High Risk
15573112,Spain,Male,29,103907.28,1,1,0.03,256.04,0.0,0.0,308.06,0.1,0.48,Above Average,High Risk
15790678,France,Female,32,119023.28,1,2,0.03,218.85,0.0,0.0,239.5,0.0,0.0,Average,High Risk
15727556,Spain,Female,26,166297.89,1,7,0.03,301.78,0.0,0.0,309.23,0.0,0.0,Below Average,High Risk
15697307,Spain,Male,34,0.0,2,4,0.03,174.83,0.0,0.0,182.95,0.0,0.0,Below Average,High Risk
15652266,Germany,Male,42,63227.0,1,12,0.03,283.03,0.0,0.0,287.09,0.0,0.0,Low Value,High Risk
15607098,Spain,Female,41,94521.17,2,2,0.03,298.91,0.0,0.0,326.35,0.0,0.01,Above Average,High Risk
15655774,France,Male,27,0.0,2,3,0.03,173.33,0.0,0.0,184.23,0.0,0.0,Average,High Risk
15590241,Spain,Female,34,112822.26,1,3,3.54,300.99,0.13,0.05,318.9,15.72,157.18,High Value,High Risk
15785819,France,Male,38,0.0,2,5,0.03,202.73,0.0,0.0,210.08,0.0,0.0,Below Average,High Risk
15774510,France,Female,31,125169.26,1,5,0.03,290.88,0.0,0.0,301.07,0.0,0.0,Below Average,High Risk
15684173,Spain,Female,44,0.0,3,3,2.76,204.53,0.13,0.06,217.14,13.62,136.18,High Value,High Risk
15811490,France,Male,33,0.0,2,8,0.03,186.53,0.0,0.0,190.75,0.0,0.0,Below Average,High Risk
15803976,France,Female,31,0.0,2,4,0.03,206.63,0.0,0.0,216.05,0.0,0.0,Below Average,High Risk
15682541,Spain,Female,36,132311.71,1,2,0.03,261.85,0.0,0.0,286.15,0.0,0.0,Average,High Risk
15695699,France,Male,35,0.0,2,3,0.03,204.53,0.0,0.0,217.14,0.0,0.0,Average,High Risk
15624188,France,Female,33,0.0,2,10,0.03,212.03,0.0,0.0,215.79,0.0,0.0,Low Value,High Risk
15812191,France,Male,33,118082.89,1,1,0.03,242.19,0.0,0.0,291.65,0.16,0.8,Above Average,High Risk
15636673,France,Male,31,119266.69,1,1,0.03,276.46,0.01,0.02,332.26,5.3,26.49,High Value,High Risk
15594898,France,Male,43,0.0,1,2,0.79,217.73,0.23,0.25,238.3,59.39,465.74,High Value,High Risk
15660211,Germany,Male,35,156847.29,2,3,0.03,266.89,0.0,0.0,282.92,0.0,0.0,Average,High Risk
15773972,France,Male,50,137104.47,1,1,1.57,261.49,0.34,0.12,314.52,39.07,229.8,High Value,Medium Risk
15746726,Germany,Male,31,78398.69,1,2,0.03,204.96,0.0,0.0,224.45,0.0,0.0,Average,High Risk
15712287,France,Female,80,0.0,2,6,0.03,231.53,0.0,0.0,238.39,0.0,0.0,Below Average,High Risk
15702919,Germany,Male,30,63669.42,1,2,0.03,290.88,0.0,0.0,317.63,0.0,0.0,Average,High Risk
15674398,France,Male,38,0.0,2,1,0.03,191.03,0.0,0.0,231.02,0.26,1.29,Above Average,High Risk
15631868,Spain,Male,36,153804.44,1,2,0.03,301.26,0.0,0.0,328.89,0.04,0.22,Above Average,High Risk
15581539,Spain,Male,37,0.0,2,1,0.03,140.63,0.0,0.0,171.3,0.19,0.96,Above Average,High Risk
15666252,Spain,Male,42,0.0,2,15,0.03,210.23,0.0,0.0,212.71,0.0,0.0,Low Value,High Risk
15677512,Spain,Female,22,0.0,1,1,0.03,186.83,0.0,0.0,226.05,0.25,1.26,Above Average,High Risk
15626114,France,Male,24,95741.75,1,1,0.03,203.6,0.0,0.0,245.91,0.13,0.67,Above Average,High Risk
15810834,Spain,Female,57,145965.33,1,2,0.03,243.96,0.0,0.0,266.74,0.04,0.18,Above Average,High Risk
15678910,France,Female,30,141441.75,1,11,0.03,281.5,0.0,0.0,285.91,0.0,0.0,Low Value,High Risk
15585215,France,Female,31,0.0,2,1,0.03,227.33,0.0,0.0,274.04,0.15,0.75,Above Average,High Risk
15682757,France,Male,30,0.0,2,1,0.03,218.63,0.0,0.0,263.73,0.29,1.47,Above Average,High Risk
15736601,France,Male,35,144428.87,1,1,0.03,292.44,0.0,0.0,351.2,0.19,0.96,Above Average,High Risk
15736008,France,Female,46,95441.27,1,3,3.54,268.08,0.13,0.05,284.17,14.01,140.07,High Value,High Risk
15669064,Germany,Male,35,144848.74,1,1,0.03,278.96,0.01,0.02,335.22,5.35,26.73,High Value,High Risk
15624528,Germany,Male,26,116244.14,2,12,0.03,275.39,0.0,0.0,279.35,0.0,0.0,Low Value,High Risk
15598493,France,Male,50,0.0,2,12,0.03,195.23,0.0,0.0,198.14,0.0,0.0,Low Value,High Risk
15702669,Germany,Male,44,117028.6,2,3,0.03,275.13,0.0,0.0,291.62,0.0,0.01,Above Average,High Risk
15728669,Germany,Female,30,112013.81,1,2,3.15,251.14,0.22,0.07,274.54,19.02,169.17,High Value,High Risk
15742668,Spain,Female,37,108269.37,1,2,0.03,263.52,0.0,0.0,287.96,0.0,0.0,Average,High Risk
15697441,France,Male,29,182123.79,1,2,2.76,224.68,0.22,0.08,245.83,19.35,172.13,High Value,High Risk
15740476,Germany,Female,32,150923.74,2,5,0.03,275.63,0.0,0.0,285.32,0.0,0.0,Below Average,High Risk
15636624,Spain,Female,39,165272.13,1,1,1.97,320.04,0.34,0.1,383.9,38.67,227.5,High Value,Medium Risk
15807923,Germany,Female,39,115301.31,1,3,3.94,290.94,0.13,0.04,308.29,13.73,137.27,High Value,High Risk
15745844,Germany,Female,40,129502.49,2,10,2.36,269.51,0.0,0.0,274.18,0.26,1.29,Above Average,High Risk
15786170,France,Male,31,118342.26,1,1,0.03,274.01,0.0,0.0,329.36,0.18,0.9,Above Average,High Risk
15681081,Spain,Female,47,0.0,2,8,0.03,161.93,0.0,0.0,165.66,0.0,0.0,Below Average,High Risk
15684484,France,Male,22,0.0,2,3,0.03,161.33,0.0,0.0,171.57,0.0,0.0,Average,High Risk
15785869,France,Female,25,0.0,2,3,0.03,213.83,0.0,0.0,226.95,0.0,0.0,Average,High Risk
15763859,France,Female,43,0.0,2,3,0.03,250.43,0.0,0.0,265.56,0.0,0.0,Average,High Risk
15658935,Germany,Female,34,106937.05,2,3,0.03,264.63,0.0,0.0,280.54,0.0,0.0,Average,High Risk
15747358,Germany,Male,59,170331.37,1,4,0.03,282.89,0.0,0.0,295.4,0.0,0.0,Average,High Risk
15735203,Germany,Female,32,114510.85,1,1,0.03,272.29,0.01,0.02,327.32,5.22,26.1,High Value,High Risk
15576256,France,Male,39,0.0,2,8,0.03,173.03,0.0,0.0,176.98,0.0,0.0,Below Average,High Risk
15659420,Spain,Male,32,107594.11,2,5,0.03,273.37,0.0,0.0,283.0,0.0,0.0,Below Average,High Risk
15593365,Spain,Male,39,81273.13,1,2,0.03,302.4,0.0,0.0,330.14,0.04,0.22,Above Average,High Risk
15777352,Spain,Female,32,169399.6,1,2,0.03,249.1,0.0,0.0,272.32,0.0,0.0,Average,High Risk
15812007,Spain,Male,25,0.0,2,10,0.03,199.43,0.0,0.0,202.99,0.0,0.0,Low Value,High Risk
15625461,France,Female,45,187841.99,2,1,0.03,263.29,0.01,0.02,316.65,5.05,25.25,High Value,High Risk
15611759,Spain,Female,57,126776.3,2,13,0.03,340.52,0.0,0.0,344.96,0.0,0.0,Low Value,High Risk
15661629,Spain,Male,34,126436.29,1,3,3.54,233.35,0.13,0.05,247.54,12.2,122.01,High Value,High Risk
15633950,France,Male,41,101960.74,1,1,0.03,296.42,0.01,0.02,355.91,5.68,28.38,High Value,High Risk
15592386,France,Male,58,0.0,2,5,0.03,164.43,0.0,0.0,170.54,0.0,0.0,Below Average,High Risk
15803716,Spain,Male,28,0.0,2,5,0.03,210.23,0.0,0.0,217.82,0.0,0.0,Below Average,High Risk
15696674,Germany,Female,45,150842.93,1,2,0.79,270.83,0.23,0.25,295.89,73.74,465.74,High Value,High Risk
15706365,France,Female,50,102535.57,1,12,0.03,269.75,0.0,0.0,273.64,0.0,0.0,Low Value,High Risk
15745088,Germany,Female,29,99027.61,2,3,0.03,208.02,0.0,0.0,220.82,0.0,0.0,Below Average,High Risk
15676715,France,Male,68,0.0,2,15,0.03,212.93,0.0,0.0,215.44,0.0,0.0,Low Value,High Risk
15613085,Spain,Female,33,0.0,1,4,0.03,186.83,0.0,0.0,195.44,0.0,0.0,Average,High Risk
15633537,Germany,Female,42,87271.41,2,3,0.03,236.28,0.0,0.0,250.63,0.0,0.0,Below Average,High Risk
15594720,Germany,Female,35,102742.91,2,13,0.03,213.37,0.0,0.0,216.27,0.0,0.0,Low Value,High Risk
15684042,Germany,Male,34,40105.51,2,3,0.03,259.9,0.0,0.0,275.54,0.0,0.01,Above Average,High Risk
15611579,Spain,Male,42,141947.67,1,5,0.03,317.82,0.0,0.0,328.88,0.0,0.0,Below Average,High Risk
15774696,Germany,Female,75,106307.91,2,1,0.03,298.84,0.01,0.02,358.79,5.72,28.61,High Value,High Risk
15688074,Germany,Male,31,125013.72,1,1,0.03,317.27,0.01,0.02,380.63,6.07,30.35,High Value,High Risk
15759537,Germany,Male,35,58469.37,2,12,0.03,286.71,0.0,0.0,290.82,0.0,0.0,Low Value,High Risk
15758449,France,Female,39,0.0,1,11,0.03,229.13,0.0,0.0,232.79,0.0,0.0,Low Value,High Risk
15583456,Germany,Male,45,117231.63,3,20,3.94,299.75,0.0,0.0,302.3,0.0,0.0,Average,High Risk
15667871,Spain,Male,35,152390.26,1,1,0.03,249.59,0.0,0.0,300.42,0.16,0.82,Above Average,High Risk
15629677,Spain,Female,39,0.0,3,1,0.79,204.53,0.34,0.23,247.02,57.66,338.54,High Value,Medium Risk
15713578,France,Female,50,0.0,2,15,0.03,143.33,0.0,0.0,145.1,0.0,0.0,Low Value,High Risk
15591509,France,Male,36,101583.11,2,3,0.03,282.29,0.0,0.0,299.17,0.0,0.0,Average,High Risk
15568240,Germany,Female,30,77168.87,2,17,0.03,221.06,0.0,0.0,223.34,0.0,0.0,Low Value,High Risk
15622993,Germany,Male,28,124695.72,2,3,0.03,289.36,0.0,0.0,306.62,0.0,0.0,Average,High Risk
15689294,Germany,Male,44,105934.96,1,1,0.03,287.07,0.0,0.0,344.84,0.39,1.93,Above Average,High Risk
15720910,France,Female,66,0.0,1,12,0.03,186.43,0.0,0.0,189.22,0.0,0.0,Low Value,High Risk
15721181,Spain,Male,46,0.0,2,2,0.03,181.73,0.0,0.0,199.25,0.0,0.0,Average,High Risk
15776433,Spain,Male,62,0.0,2,3,0.03,232.43,0.0,0.0,246.57,0.0,0.01,Average,High Risk
15748936,Spain,Female,45,0.0,2,3,0.03,211.13,0.0,0.0,224.1,0.0,0.01,Average,High Risk
15717225,France,Female,21,161525.96,2,4,0.03,241.58,0.0,0.0,252.42,0.0,0.0,Below Average,High Risk
15685226,Germany,Female,29,147199.07,1,10,0.03,291.36,0.0,0.0,296.38,0.0,0.0,Low Value,High Risk
15785611,Germany,Male,38,183102.29,1,4,0.03,304.82,0.0,0.0,318.22,0.0,0.0,Average,High Risk
15573456,Spain,Male,46,127209.0,2,3,3.54,271.19,0.13,0.05,287.46,14.17,141.69,High Value,High Risk
15684548,Spain,Male,38,0.0,2,3,3.15,165.23,0.13,0.06,175.68,9.7,96.97,High Value,High Risk
15807432,Germany,Female,37,136925.09,2,3,0.03,270.78,0.0,0.0,287.03,0.0,0.01,Above Average,High Risk
15584766,France,Male,33,54503.55,1,4,0.03,238.24,0.0,0.0,248.94,0.0,0.0,Average,High Risk
15612187,Germany,Male,32,155726.85,1,2,0.03,242.24,0.0,0.0,264.88,0.0,0.0,Average,High Risk
15762218,France,Female,39,0.0,2,15,0.03,208.73,0.0,0.0,211.19,0.0,0.0,Low Value,High Risk
15747795,Germany,Female,38,129499.42,1,5,0.03,254.81,0.0,0.0,263.83,0.0,0.0,Below Average,High Risk
15781589,Spain,Male,52,0.0,2,13,0.03,226.23,0.0,0.0,229.29,0.0,0.0,Low Value,High Risk
15732674,Spain,Male,36,70438.01,2,10,0.03,205.75,0.0,0.0,209.41,0.0,0.0,Low Value,High Risk
15642291,France,Male,23,0.0,2,13,0.03,203.93,0.0,0.0,206.72,0.0,0.0,Low Value,High Risk
15692761,France,Male,36,0.0,1,3,0.03,213.83,0.0,0.0,226.95,0.0,0.0,Below Average,High Risk
15578045,Spain,Female,49,141434.04,1,3,3.54,238.9,0.13,0.05,253.39,12.49,124.9,High Value,High Risk
15745354,Spain,Female,37,0.0,2,1,0.03,181.73,0.0,0.0,220.0,0.12,0.6,Above Average,High Risk
15701376,Germany,Male,37,152958.29,2,17,0.03,278.42,0.0,0.0,281.23,0.0,0.0,Low Value,High Risk
15691625,Germany,Female,41,138306.34,1,1,0.03,238.45,0.0,0.0,287.21,0.32,1.61,Above Average,High Risk
15566594,Spain,Male,23,0.0,2,4,0.03,211.13,0.0,0.0,220.73,0.0,0.0,Below Average,High Risk
15760431,France,Male,38,0.0,2,1,0.03,253.43,0.01,0.02,304.97,4.86,24.31,High Value,High Risk
15686302,Spain,Female,31,124328.84,1,4,0.03,300.14,0.0,0.0,313.35,0.0,0.0,Average,High Risk
15801559,Germany,Female,41,181461.48,3,18,3.54,287.06,0.0,0.0,289.79,0.0,0.0,Average,High Risk
15810432,Spain,Male,35,0.0,2,3,0.03,236.93,0.0,0.0,251.32,0.0,0.0,Average,High Risk
15809616,Spain,Male,26,0.0,2,3,0.03,186.23,0.0,0.0,197.84,0.0,0.0,Average,High Risk
15720559,Germany,Female,61,110368.03,1,1,1.97,235.69,0.34,0.1,283.95,28.6,168.27,High Value,Medium Risk
15695632,France,Female,39,89588.35,1,12,0.03,241.25,0.0,0.0,244.76,0.0,0.0,Low Value,High Risk
15659843,France,Female,46,0.0,2,2,0.03,191.33,0.0,0.0,209.66,0.0,0.0,Average,High Risk
15615624,France,Female,28,0.0,2,2,0.03,179.93,0.0,0.0,197.3,0.0,0.0,Average,High Risk
15810418,Germany,Female,60,115924.89,1,1,1.18,315.47,0.34,0.16,378.49,61.35,360.62,High Value,Medium Risk
15674551,Germany,Male,40,111756.5,1,2,2.76,236.43,0.22,0.08,258.57,20.36,181.05,High Value,High Risk
15622834,France,Female,35,0.0,1,1,0.03,201.83,0.0,0.0,243.82,0.13,0.67,Above Average,High Risk
15566111,France,Male,39,0.0,1,3,0.03,177.23,0.0,0.0,188.34,0.0,0.0,Below Average,High Risk
15784597,France,Male,26,162923.85,1,3,0.03,272.84,0.0,0.0,289.2,0.0,0.0,Average,High Risk
15652883,Germany,Male,39,124576.65,2,4,0.03,224.25,0.0,0.0,234.38,0.0,0.0,Below Average,High Risk
15576313,Germany,Female,40,71340.09,1,3,0.03,218.73,0.0,0.0,232.12,0.0,0.0,Below Average,High Risk
15597602,Germany,Male,57,137946.39,1,4,1.18,271.78,0.07,0.09,283.84,25.95,129.76,High Value,High Risk
15743040,Germany,Male,41,127892.57,2,3,0.03,294.03,0.0,0.0,311.55,0.0,0.01,Above Average,High Risk
15595039,Germany,Female,37,114754.08,1,2,3.15,239.6,0.22,0.07,262.02,18.15,161.46,High Value,High Risk
15799384,France,Male,33,0.0,1,2,0.03,203.33,0.0,0.0,222.68,0.0,0.0,Average,High Risk
15581197,France,Female,51,99286.98,1,4,0.03,304.99,0.0,0.0,318.4,0.0,0.0,Average,High Risk
15693737,Germany,Female,30,79871.02,2,1,0.03,261.79,0.0,0.0,314.87,0.17,0.86,Above Average,High Risk
15624623,France,Male,35,104088.59,2,4,0.03,230.25,0.0,0.0,240.63,0.0,0.0,Below Average,High Risk
15690134,Germany,Female,42,85679.25,1,4,0.03,213.36,0.0,0.0,223.04,0.0,0.0,Average,High Risk
15782735,France,Female,35,0.0,1,1,0.03,186.23,0.0,0.0,225.34,0.25,1.26,Above Average,High Risk
15611088,France,Female,31,0.0,2,3,0.03,235.43,0.0,0.0,249.74,0.0,0.0,Below Average,High Risk
15672145,France,Female,34,121551.58,2,12,0.03,236.69,0.0,0.0,240.14,0.0,0.0,Low Value,High Risk
15732628,France,Male,46,122220.19,1,2,0.03,300.02,0.0,0.0,327.56,0.04,0.22,Above Average,High Risk
15787470,Spain,Male,47,116528.15,1,1,1.18,242.11,0.34,0.16,291.55,47.26,277.78,High Value,Medium Risk
15803406,France,Female,26,77780.29,1,1,0.03,297.91,0.01,0.02,357.68,5.7,28.52,High Value,High Risk
15644572,France,Male,40,125832.2,1,5,0.03,227.02,0.0,0.0,235.14,0.0,0.0,Below Average,High Risk
15694860,France,Female,38,68065.8,1,2,2.36,275.12,0.22,0.09,300.55,27.4,243.64,High Value,High Risk
15658169,Spain,Female,47,127299.34,2,2,0.03,310.2,0.0,0.0,338.59,0.0,0.0,Average,High Risk
15794396,Germany,Female,38,174937.64,1,2,0.03,227.11,0.0,0.0,248.47,0.0,0.0,Average,High Risk
15785798,France,Male,40,0.0,2,15,0.03,253.43,0.0,0.0,256.36,0.0,0.0,Low Value,High Risk
15710825,Spain,Male,31,110071.1,1,2,0.03,253.43,0.0,0.0,277.01,0.0,0.0,Average,High Risk
15668444,Spain,Female,44,139432.37,1,1,0.03,254.4,0.0,0.0,306.12,0.34,1.71,Above Average,High Risk
15726631,France,Female,39,127357.76,1,8,0.03,304.2,0.0,0.0,310.75,0.0,0.0,Below Average,High Risk
15733797,France,Male,36,0.0,2,2,0.03,150.23,0.0,0.0,165.08,0.0,0.0,Average,High Risk
15747960,France,Male,33,0.0,1,4,0.03,218.33,0.0,0.0,228.22,0.0,0.0,Average,High Risk
15634632,France,Male,38,0.0,2,1,0.03,211.73,0.0,0.0,255.56,0.29,1.43,Above Average,High Risk
15707362,Germany,Male,43,95556.31,1,1,0.39,229.08,0.34,0.42,276.12,115.9,465.74,High Value,Medium Risk
15662976,Spain,Male,37,0.0,1,11,0.03,189.53,0.0,0.0,192.62,0.0,0.0,Low Value,High Risk
15732778,Germany,Male,29,111681.98,2,1,0.03,216.32,0.01,0.02,260.99,4.16,20.81,High Value,High Risk
15718443,France,Male,39,0.0,2,1,0.03,160.13,0.0,0.0,194.41,0.22,1.09,Above Average,High Risk
15670039,Spain,Female,25,108738.71,2,1,0.03,228.44,0.0,0.0,275.36,0.31,1.54,Above Average,High Risk
15773792,France,Female,32,133950.37,1,5,1.57,275.73,0.03,0.04,285.43,11.85,59.24,High Value,High Risk
15613786,Spain,Male,26,0.0,2,6,0.03,243.83,0.0,0.0,251.02,0.0,0.0,Below Average,High Risk
15726032,France,Male,33,89968.69,1,3,0.03,256.88,0.0,0.0,272.36,0.0,0.0,Average,High Risk
15663252,Spain,Female,32,0.0,2,15,0.03,253.43,0.0,0.0,256.36,0.0,0.0,Low Value,High Risk
15593782,Germany,Female,38,130878.75,3,2,1.97,321.78,0.23,0.11,351.16,38.04,338.02,High Value,High Risk
15633283,France,Male,35,0.0,2,3,0.03,159.23,0.0,0.0,169.35,0.0,0.0,Average,High Risk
15749167,France,Male,35,0.0,2,5,0.03,224.33,0.0,0.0,232.37,0.0,0.0,Below Average,High Risk
15759298,Spain,Male,27,134169.62,1,14,0.03,266.45,0.0,0.0,269.73,0.0,0.0,Low Value,High Risk
15681705,France,Male,28,0.0,2,3,0.03,233.93,0.0,0.0,248.16,0.0,0.0,Average,High Risk
15591986,Germany,Male,46,141078.37,1,2,2.36,263.78,0.22,0.09,288.24,26.28,233.67,High Value,High Risk
15798888,Germany,Female,31,117992.59,1,1,0.03,257.79,0.01,0.02,310.14,4.95,24.73,High Value,High Risk
15809722,France,Female,40,100812.33,2,3,0.03,258.54,0.0,0.0,274.11,0.0,0.0,Average,High Risk
15677538,France,Male,38,0.0,1,10,0.03,169.13,0.0,0.0,172.21,0.0,0.0,Low Value,High Risk
15797736,France,Male,29,80262.6,1,5,0.03,271.12,0.0,0.0,280.67,0.0,0.0,Below Average,High Risk
15695585,Spain,Male,34,156478.62,1,8,0.03,314.57,0.0,0.0,321.33,0.0,0.0,Below Average,High Risk
15744398,France,Female,23,0.0,2,2,0.03,155.93,0.0,0.0,171.26,0.0,0.0,Average,High Risk
15750658,France,Male,37,0.0,3,4,0.03,237.83,0.0,0.0,248.51,0.0,0.0,Below Average,High Risk
15578186,Germany,Male,37,115217.99,2,3,0.03,221.93,0.0,0.0,235.49,0.0,0.0,Below Average,High Risk
15676519,Spain,Male,61,0.0,2,3,3.54,196.68,0.13,0.05,208.86,10.29,102.95,High Value,High Risk
15758639,France,Male,37,0.0,2,3,0.03,190.73,0.0,0.0,202.58,0.0,0.0,Average,High Risk
15613772,France,Male,39,135096.77,1,4,1.18,239.79,0.07,0.09,250.55,22.91,114.54,High Value,High Risk
15731744,France,Male,30,0.0,2,3,0.03,206.03,0.0,0.0,218.72,0.0,0.01,Average,High Risk
15807709,Germany,Female,55,180075.22,1,12,0.03,299.56,0.0,0.0,303.84,0.0,0.0,Low Value,High Risk
15714689,Spain,Male,29,97541.24,1,1,0.03,252.32,0.01,0.02,303.65,4.84,24.21,High Value,High Risk
15699005,France,Female,41,156067.05,1,2,0.03,291.15,0.0,0.0,317.94,0.04,0.21,Above Average,High Risk
15624170,France,Female,38,81550.94,2,6,0.03,265.53,0.0,0.0,273.29,0.0,0.0,Below Average,High Risk
15725679,France,Female,47,0.0,1,2,2.36,157.73,0.22,0.09,173.21,15.79,140.42,High Value,High Risk
15804256,Germany,Male,36,92310.54,2,13,0.03,304.15,0.0,0.0,308.16,0.0,0.0,Low Value,High Risk
15662403,France,Female,32,169089.38,2,2,0.03,265.29,0.0,0.0,289.88,0.0,0.0,Average,High Risk
15733616,France,Male,40,80613.93,1,7,0.03,315.55,0.0,0.0,323.32,0.0,0.0,Below Average,High Risk
15591995,Germany,Male,26,121581.56,2,13,0.03,303.59,0.0,0.0,307.58,0.0,0.0,Low Value,High Risk
15677020,France,Female,58,0.0,1,11,3.15,179.43,0.0,0.0,182.38,0.06,0.31,Above Average,High Risk
15727688,Spain,Male,32,0.0,2,6,0.03,164.93,0.0,0.0,170.01,0.0,0.0,Below Average,High Risk
15715941,France,Male,54,0.0,2,8,0.03,211.03,0.0,0.0,215.73,0.0,0.0,Below Average,High Risk
15714485,France,Male,60,85891.55,1,1,1.97,318.87,0.34,0.1,382.52,38.53,226.69,High Value,Medium Risk
15730059,Spain,Male,44,77637.35,2,15,0.03,264.9,0.0,0.0,267.95,0.0,0.0,Low Value,High Risk
15715527,Spain,Female,41,0.0,1,1,0.03,161.33,0.0,0.0,195.83,0.11,0.53,Above Average,High Risk
15576623,France,Male,31,0.0,2,2,0.03,173.63,0.0,0.0,190.46,0.0,0.01,Average,High Risk
15805565,Germany,Male,30,116927.89,1,2,0.03,283.53,0.0,0.0,309.66,0.0,0.0,Average,High Risk
15677307,Germany,Female,40,137326.65,1,2,0.03,282.5,0.0,0.0,308.55,0.0,0.0,Average,High Risk
15773890,France,Male,22,0.0,2,8,0.03,218.33,0.0,0.0,223.18,0.0,0.0,Below Average,High Risk
15598883,Spain,Female,37,0.0,2,3,0.03,178.13,0.0,0.0,189.29,0.0,0.0,Average,High Risk
15568506,Germany,Female,31,67238.98,2,17,0.03,229.74,0.0,0.0,232.1,0.0,0.0,Low Value,High Risk
15761043,Germany,Female,38,86569.76,2,2,0.03,263.82,0.0,0.0,288.29,0.0,0.0,Average,High Risk
15782236,Spain,Male,34,0.0,2,2,0.03,218.93,0.0,0.0,239.6,0.0,0.01,Above Average,High Risk
15593601,France,Male,34,133598.4,1,8,0.03,297.32,0.0,0.0,303.74,0.0,0.0,Below Average,High Risk
15682048,France,Female,51,136188.78,1,4,1.18,260.0,0.07,0.09,271.58,24.83,124.15,High Value,High Risk
15746902,Spain,Male,38,0.0,2,3,0.03,236.33,0.0,0.0,250.69,0.0,0.0,Below Average,High Risk
15752081,France,Female,56,0.0,3,20,3.94,146.33,0.0,0.0,147.68,0.0,0.0,Average,High Risk
15781307,Germany,Male,37,120092.52,2,3,0.03,310.11,0.0,0.0,328.51,0.0,0.0,Average,High Risk
15775912,France,Male,48,101238.24,2,6,1.57,284.67,0.02,0.02,292.95,6.65,33.25,High Value,High Risk
15745417,France,Male,58,89685.92,1,8,0.03,296.56,0.0,0.0,302.96,0.0,0.0,Below Average,High Risk
15653547,France,Male,56,131317.48,1,10,0.03,339.5,0.0,0.0,345.29,0.0,0.0,Low Value,High Risk
15595766,Spain,Male,37,93722.73,2,8,0.03,232.85,0.0,0.0,237.99,0.0,0.0,Below Average,High Risk
15742358,Germany,Male,32,101160.99,1,11,0.03,284.06,0.0,0.0,288.51,0.0,0.0,Low Value,High Risk
15763274,France,Male,48,120320.54,1,1,0.03,274.72,0.0,0.0,330.2,0.37,1.85,Above Average,High Risk
15786063,France,Female,31,0.0,2,3,0.03,231.23,0.0,0.0,245.31,0.0,0.01,Average,High Risk
15600258,France,Male,43,0.0,2,3,0.03,208.73,0.0,0.0,221.57,0.0,0.01,Average,High Risk
15573318,France,Male,26,0.0,2,3,0.03,181.43,0.0,0.0,192.77,0.0,0.0,Average,High Risk
15653849,Germany,Female,48,152827.99,1,1,1.18,249.61,0.34,0.16,300.45,48.7,286.26,High Value,Medium Risk
15694272,France,Male,30,64097.75,1,1,0.03,274.12,0.01,0.02,329.49,5.25,26.27,High Value,High Risk
15736112,Spain,Female,57,119035.35,2,3,0.03,240.8,0.0,0.0,255.4,0.0,0.01,Average,High Risk
15749851,Spain,Female,26,135219.57,1,5,0.03,287.8,0.0,0.0,297.88,0.0,0.0,Below Average,High Risk
15663478,France,Male,32,93694.42,1,8,0.03,293.45,0.0,0.0,299.79,0.0,0.0,Below Average,High Risk
15592300,Spain,Male,35,59408.63,1,3,0.03,234.61,0.0,0.0,248.87,0.0,0.0,Below Average,High Risk
15567832,France,Female,40,114354.95,1,2,0.03,241.08,0.0,0.0,263.62,0.0,0.0,Average,High Risk
15592846,Germany,Male,35,128173.9,2,4,0.03,268.54,0.0,0.0,280.47,0.0,0.0,Below Average,High Risk
15739803,Spain,Male,34,0.0,2,3,0.03,204.23,0.0,0.0,216.82,0.0,0.0,Below Average,High Risk
15794142,Germany,Female,62,114931.35,3,10,1.97,260.31,0.0,0.0,264.84,0.3,1.48,Above Average,High Risk
15667896,France,Male,37,151226.18,2,13,0.03,327.84,0.0,0.0,332.13,0.0,0.0,Low Value,High Risk
15626578,France,Male,26,0.0,2,15,0.03,185.03,0.0,0.0,187.24,0.0,0.0,Low Value,High Risk
15776223,France,Female,42,64740.12,1,5,0.03,251.39,0.0,0.0,260.3,0.0,0.0,Below Average,High Risk
15802593,France,Female,49,0.0,3,14,2.76,149.63,0.0,0.0,151.6,0.01,0.03,Above Average,High Risk
15720187,Germany,Female,30,143964.36,2,3,0.03,221.32,0.0,0.0,234.84,0.0,0.0,Average,High Risk
15595440,France,Male,49,122451.46,2,12,0.03,228.94,0.0,0.0,232.29,0.0,0.0,Low Value,High Risk
15600651,France,Male,24,0.0,3,2,0.03,223.13,0.0,0.0,244.15,0.34,1.71,Above Average,High Risk
15750141,Germany,Female,36,65253.07,2,1,0.03,288.64,0.0,0.0,346.7,0.39,1.94,Above Average,High Risk
15657284,Germany,Male,47,106901.94,1,8,2.36,277.83,0.0,0.0,283.86,1.15,5.75,Above Average,High Risk
15763063,Spain,Female,25,128509.63,1,3,0.03,282.36,0.0,0.0,299.24,0.0,0.0,Below Average,High Risk
15709324,France,Male,34,0.0,2,3,0.03,123.53,0.0,0.0,131.69,0.0,0.0,Average,High Risk
15711309,Germany,Male,33,129834.67,1,1,0.03,249.13,0.0,0.0,299.87,0.34,1.68,Above Average,High Risk
15775318,Spain,Female,51,154962.99,3,6,1.18,256.36,0.02,0.03,263.88,7.78,38.92,High Value,High Risk
15705515,Germany,Male,40,138241.9,2,2,0.03,253.44,0.0,0.0,277.03,0.0,0.01,Above Average,High Risk
15634844,Germany,Male,41,91536.93,1,1,1.18,254.0,0.34,0.16,305.64,49.54,291.2,High Value,Medium Risk
15717046,Spain,Male,53,0.0,2,5,0.03,224.48,0.0,0.0,232.53,0.0,0.0,Below Average,High Risk
15571816,Spain,Female,70,0.0,1,7,0.03,278.43,0.0,0.0,285.36,0.0,0.0,Below Average,High Risk
15670080,Germany,Female,29,105204.01,1,10,0.03,250.72,0.0,0.0,255.1,0.0,0.0,Low Value,High Risk
15800440,Spain,Male,61,152968.73,1,1,0.03,286.77,0.01,0.02,344.48,5.49,27.46,High Value,High Risk
15665678,Spain,Male,36,158261.68,1,11,0.03,260.35,0.0,0.0,264.46,0.0,0.0,Low Value,High Risk
15788126,Spain,Female,38,121021.05,1,8,0.03,283.16,0.0,0.0,289.29,0.0,0.0,Below Average,High Risk
15811773,France,Male,36,0.0,2,6,0.03,161.33,0.0,0.0,166.31,0.0,0.0,Below Average,High Risk
15689614,Spain,Female,63,137715.66,1,1,0.03,299.67,0.01,0.02,359.77,5.74,28.68,High Value,High Risk
15795564,Germany,Male,31,121192.22,2,8,0.03,297.57,0.0,0.0,303.99,0.0,0.0,Below Average,High Risk
15706647,France,Male,31,0.0,3,14,0.03,226.73,0.0,0.0,229.57,0.0,0.0,Low Value,High Risk
15728505,France,Male,44,100486.18,2,1,0.03,255.52,0.01,0.02,307.44,4.9,24.51,High Value,High Risk
15622003,France,Male,35,92566.53,2,3,0.03,298.17,0.0,0.0,315.92,0.0,0.0,Average,High Risk
15607312,Spain,Female,49,0.0,2,17,3.94,192.83,0.0,0.0,194.85,0.0,0.0,Average,High Risk
15644753,Spain,Male,40,110929.96,1,4,0.03,330.28,0.0,0.0,344.71,0.0,0.0,Average,High Risk
15653620,France,Female,27,0.0,2,13,0.03,162.23,0.0,0.0,164.51,0.0,0.0,Low Value,High Risk
15761986,Spain,Female,32,138901.61,1,1,0.03,209.08,0.0,0.0,252.41,0.28,1.41,Above Average,High Risk
15633922,France,Male,30,123217.66,2,6,0.03,303.08,0.0,0.0,311.85,0.0,0.0,Below Average,High Risk
15734674,France,Female,41,0.0,1,2,0.03,176.33,0.0,0.0,193.39,0.0,0.0,Average,High Risk
15658032,France,Male,39,0.0,2,3,0.03,208.73,0.0,0.0,221.57,0.0,0.01,Average,High Risk
15692671,Spain,Male,36,0.0,2,3,0.03,208.73,0.0,0.0,221.57,0.0,0.0,Average,High Risk
15737741,Spain,Female,33,108431.87,2,3,0.79,257.83,0.13,0.2,273.36,54.02,465.74,High Value,High Risk
15576352,Spain,Female,57,0.0,2,5,0.03,182.98,0.0,0.0,189.69,0.0,0.0,Below Average,High Risk
15753719,Germany,Female,30,72392.41,1,3,0.03,237.13,0.0,0.0,251.53,0.0,0.0,Below Average,High Risk
15722010,Spain,Male,53,170491.84,1,3,3.54,268.79,0.13,0.05,284.93,14.04,140.44,High Value,High Risk
15680998,France,Male,44,0.0,1,7,0.03,215.93,0.0,0.0,221.43,0.0,0.0,Below Average,High Risk
15591047,Spain,Female,47,157296.02,2,2,2.36,233.91,0.22,0.09,255.84,23.33,207.4,High Value,High Risk
15788291,Germany,Female,38,144606.22,1,10,2.76,291.55,0.0,0.0,296.57,0.24,1.21,Above Average,High Risk
15604044,France,Male,38,134811.3,1,2,0.03,287.18,0.0,0.0,313.62,0.0,0.0,Average,High Risk
15679587,France,Female,34,115897.12,1,12,0.03,275.97,0.0,0.0,279.94,0.0,0.0,Low Value,High Risk
15775153,Spain,Male,32,82034.0,1,1,0.03,262.87,0.0,0.0,316.15,0.17,0.86,Above Average,High Risk
15603925,Spain,Female,26,174318.13,2,6,0.03,312.59,0.0,0.0,321.61,0.0,0.0,Below Average,High Risk
15697183,Spain,Male,43,0.0,2,3,0.03,203.93,0.0,0.0,216.51,0.0,0.0,Below Average,High Risk
15567446,Germany,Male,39,111574.41,1,12,0.03,269.72,0.0,0.0,273.6,0.0,0.0,Low Value,High Risk
15637476,Germany,Female,57,162448.69,1,1,1.97,292.07,0.34,0.1,350.76,35.33,207.86,High Value,Medium Risk
15714939,Germany,Female,34,148249.54,1,5,0.03,223.01,0.0,0.0,231.01,0.0,0.0,Below Average,High Risk
15683503,France,Female,43,0.0,3,16,3.15,178.73,0.0,0.0,180.74,0.0,0.01,Average,High Risk
15645569,Spain,Female,26,123709.46,2,12,0.03,305.2,0.0,0.0,309.56,0.0,0.0,Low Value,High Risk
15782569,France,Female,72,0.0,1,12,0.03,232.03,0.0,0.0,235.42,0.0,0.0,Low Value,High Risk
15592387,France,Male,30,0.0,1,1,1.97,168.23,0.34,0.1,204.0,20.55,120.89,High Value,Medium Risk
15609286,France,Male,37,150525.8,1,14,0.03,288.51,0.0,0.0,292.05,0.0,0.0,Low Value,High Risk
15814035,France,Male,29,0.0,1,12,0.03,178.73,0.0,0.0,181.42,0.0,0.0,Low Value,High Risk
15661249,France,Male,53,0.0,2,6,0.03,211.88,0.0,0.0,218.21,0.0,0.0,Below Average,High Risk
15629117,France,Male,28,0.0,2,4,0.03,173.63,0.0,0.0,181.71,0.0,0.0,Below Average,High Risk
15607170,France,Male,35,0.0,2,8,0.03,208.13,0.0,0.0,212.78,0.0,0.0,Below Average,High Risk
15686611,France,Male,30,129755.99,1,3,0.03,225.42,0.0,0.0,239.18,0.0,0.0,Below Average,High Risk
15603203,France,Female,27,0.0,2,2,0.03,193.43,0.0,0.0,211.94,0.0,0.0,Average,High Risk
15619857,France,Female,64,129555.7,1,2,0.03,275.91,0.0,0.0,301.4,0.04,0.2,Above Average,High Risk
15805062,Spain,Male,38,87202.38,1,1,0.03,274.37,0.01,0.02,329.79,5.26,26.29,High Value,High Risk
15660271,Germany,Male,26,146133.39,1,11,0.03,284.12,0.0,0.0,288.57,0.0,0.0,Low Value,High Risk
15719352,Spain,Male,39,170184.99,2,2,0.03,304.93,0.0,0.0,332.88,0.0,0.0,Average,High Risk
15766575,Germany,Female,62,140745.33,1,2,3.15,276.06,0.22,0.07,301.57,20.89,185.83,High Value,High Risk
15594594,Spain,Male,42,139070.51,1,10,0.03,241.18,0.0,0.0,245.41,0.0,0.0,Low Value,High Risk
15646161,Spain,Female,37,0.0,2,13,0.03,200.33,0.0,0.0,203.07,0.0,0.0,Low Value,High Risk
15682585,France,Male,35,114193.24,1,3,0.03,253.97,0.0,0.0,269.29,0.0,0.0,Average,High Risk
15603134,Spain,Female,40,167878.5,1,14,0.03,275.44,0.0,0.0,278.83,0.0,0.0,Low Value,High Risk
15636444,Germany,Female,53,141616.55,2,8,0.03,241.76,0.0,0.0,247.07,0.0,0.0,Below Average,High Risk
15773456,Germany,Male,36,145747.67,2,5,0.03,281.1,0.0,0.0,290.97,0.0,0.0,Below Average,High Risk
15745307,Spain,Female,48,129120.64,1,2,0.03,219.99,0.0,0.0,240.74,0.03,0.16,Above Average,High Risk
15604119,Spain,Male,35,110349.82,1,2,0.03,330.84,0.0,0.0,360.99,0.0,0.0,Average,High Risk
15626900,France,Male,29,141325.56,1,1,0.03,205.59,0.01,0.02,248.28,3.96,19.79,High Value,High Risk
15589030,France,Male,47,0.0,2,1,0.03,193.13,0.01,0.02,233.51,3.72,18.62,High Value,High Risk
15692463,Spain,Female,28,142253.65,1,1,0.03,317.24,0.0,0.0,380.58,0.43,2.13,Above Average,High Risk
15811762,Germany,Female,54,115988.86,1,2,2.36,256.07,0.22,0.09,279.89,25.52,226.89,High Value,High Risk
15718673,Spain,Female,33,75592.43,1,3,0.03,325.02,0.0,0.0,344.25,0.0,0.0,Below Average,High Risk
15724282,Germany,Male,44,164113.04,2,5,0.03,240.49,0.0,0.0,249.05,0.0,0.0,Below Average,High Risk
15738181,France,Male,31,67996.23,2,2,2.36,327.61,0.22,0.09,357.49,32.59,289.8,High Value,High Risk
15633648,Spain,Female,51,0.0,2,2,0.03,208.48,0.0,0.0,228.26,0.0,0.01,Above Average,High Risk
15583725,France,Male,48,138778.15,1,1,0.03,281.97,0.01,0.02,338.79,5.4,27.01,High Value,High Risk
15588350,France,Female,43,147832.15,1,14,0.03,300.99,0.0,0.0,304.67,0.0,0.0,Low Value,High Risk
15798398,France,Female,36,135438.4,1,1,0.03,312.71,0.0,0.0,375.22,0.2,1.02,Above Average,High Risk
15784844,Spain,Male,48,116060.08,1,1,1.97,301.78,0.34,0.1,362.27,36.49,214.68,High Value,Medium Risk
15580684,France,Female,29,112564.62,1,1,0.03,287.78,0.0,0.0,345.67,0.11,0.54,Above Average,High Risk
15809663,France,Female,27,125406.58,1,1,0.03,251.6,0.01,0.02,302.8,4.83,24.14,High Value,High Risk
15640078,Germany,Female,39,135134.99,1,1,1.97,275.19,0.34,0.1,330.76,33.32,196.01,High Value,Medium Risk
15698786,France,Female,39,133102.92,1,3,3.54,322.79,0.13,0.05,341.89,16.85,168.52,High Value,High Risk
15569807,France,Female,34,42157.08,1,2,3.15,271.33,0.22,0.07,296.43,20.53,182.67,High Value,High Risk
15730830,France,Female,30,0.0,2,5,0.03,224.03,0.0,0.0,232.06,0.0,0.0,Below Average,High Risk
15805112,France,Male,38,82259.29,1,2,0.03,247.28,0.0,0.0,270.35,0.0,0.0,Average,High Risk
15633064,France,Female,36,0.0,2,1,0.03,129.83,0.0,0.0,158.5,0.09,0.43,Above Average,High Risk
15703119,France,Male,38,0.0,2,10,0.03,194.03,0.0,0.0,197.51,0.0,0.0,Low Value,High Risk
15730447,France,Female,49,0.0,2,6,0.03,187.13,0.0,0.0,192.8,0.0,0.0,Below Average,High Risk
15813850,France,Male,52,0.0,1,10,0.03,216.93,0.0,0.0,220.77,0.0,0.0,Low Value,High Risk
15711889,France,Male,42,150461.07,1,1,0.03,278.31,0.0,0.0,334.45,0.37,1.87,Above Average,High Risk
15664610,Germany,Male,48,133994.52,1,5,1.57,214.84,0.03,0.04,222.57,9.24,46.19,High Value,High Risk
15751710,Spain,Male,31,164870.81,2,13,0.03,297.22,0.0,0.0,301.14,0.0,0.0,Low Value,High Risk
15692926,Germany,Male,25,121702.73,1,11,0.03,225.9,0.0,0.0,229.51,0.0,0.0,Low Value,High Risk
15813741,Spain,Male,25,193858.2,1,8,0.03,244.3,0.0,0.0,249.66,0.0,0.0,Below Average,High Risk
15698474,Germany,Female,54,131039.97,2,1,0.03,262.29,0.01,0.02,315.47,5.03,25.15,High Value,High Risk
15568595,France,Male,64,113829.45,1,12,0.03,256.75,0.0,0.0,260.47,0.0,0.0,Low Value,High Risk
15603065,France,Female,30,0.0,2,2,0.03,223.73,0.0,0.0,244.8,0.0,0.0,Average,High Risk
15592937,Germany,Female,41,81877.38,1,4,0.03,263.45,0.0,0.0,275.17,0.0,0.0,Average,High Risk
15699637,Spain,Male,57,116326.07,1,11,0.03,293.14,0.0,0.0,297.73,0.0,0.0,Low Value,High Risk
15667215,France,Male,31,0.0,2,3,0.03,201.83,0.0,0.0,214.29,0.0,0.0,Average,High Risk
15788659,France,Male,46,0.0,2,6,0.03,206.93,0.0,0.0,213.13,0.0,0.0,Below Average,High Risk
15763218,France,Female,41,0.0,2,1,0.03,196.73,0.01,0.02,237.78,3.79,18.96,High Value,High Risk
15645772,France,Male,33,0.0,2,15,0.03,196.73,0.0,0.0,199.07,0.0,0.0,Low Value,High Risk
15725511,France,Female,31,127070.73,1,4,0.03,244.48,0.0,0.0,255.43,0.0,0.0,Average,High Risk
15575024,France,Male,29,0.0,2,5,0.03,149.33,0.0,0.0,154.96,0.0,0.0,Below Average,High Risk
15640825,Spain,Male,46,122549.64,1,4,0.03,285.04,0.0,0.0,297.64,0.0,0.0,Average,High Risk
15662397,France,Female,42,176099.13,1,7,0.03,270.96,0.0,0.0,277.71,0.0,0.0,Below Average,High Risk
15576368,Germany,Female,48,122388.38,2,1,0.03,263.73,0.0,0.0,317.18,0.35,1.77,Above Average,High Risk
15674991,France,Male,42,0.0,2,15,0.03,198.53,0.0,0.0,200.89,0.0,0.0,Low Value,High Risk
15745621,Spain,Female,32,118879.35,2,10,0.03,268.34,0.0,0.0,272.99,0.0,0.0,Low Value,High Risk
15642394,Spain,Male,35,0.0,2,8,0.03,157.13,0.0,0.0,160.76,0.0,0.0,Below Average,High Risk
15754605,France,Female,39,0.0,2,8,0.03,167.33,0.0,0.0,171.16,0.0,0.0,Below Average,High Risk
15607040,Spain,Female,38,88736.44,2,1,0.03,252.29,0.0,0.0,303.62,0.17,0.83,Above Average,High Risk
15715142,Germany,Male,45,102703.62,1,10,2.76,297.06,0.0,0.0,302.17,0.25,1.23,Above Average,High Risk
15810978,Spain,Female,70,0.0,2,1,0.03,259.83,0.01,0.02,312.56,4.98,24.92,High Value,High Risk
15668886,Spain,Female,38,0.0,2,1,0.03,203.63,0.0,0.0,245.96,0.27,1.37,Above Average,High Risk
15780804,France,Male,55,97318.25,1,7,0.03,225.85,0.0,0.0,231.58,0.0,0.0,Below Average,High Risk
15613880,Spain,Male,58,128468.69,1,7,0.03,264.16,0.0,0.0,270.76,0.0,0.0,Below Average,High Risk
15775238,Germany,Female,41,133432.59,1,5,0.03,272.41,0.0,0.0,282.0,0.0,0.0,Below Average,High Risk
15786905,Germany,Female,40,141782.57,2,3,0.03,302.21,0.0,0.0,320.19,0.0,0.0,Average,High Risk
15747867,France,Male,24,135125.28,1,3,0.03,252.09,0.0,0.0,267.31,0.0,0.0,Below Average,High Risk
15801277,France,Female,31,112212.14,2,3,0.03,290.45,0.0,0.0,307.78,0.0,0.01,Above Average,High Risk
15579334,Germany,Female,45,126674.81,1,1,1.97,307.46,0.34,0.1,369.0,37.17,218.67,High Value,Medium Risk
15802741,France,Female,51,136294.97,1,2,2.76,266.0,0.22,0.08,290.65,22.88,203.51,High Value,High Risk
15720649,France,Female,36,66392.64,1,1,0.03,264.76,0.0,0.0,318.39,0.1,0.5,Above Average,High Risk
15665238,Germany,Male,36,145071.24,1,2,0.03,301.17,0.0,0.0,328.8,0.0,0.0,Average,High Risk
15740900,France,Male,34,0.0,2,10,0.03,175.13,0.0,0.0,178.31,0.0,0.0,Low Value,High Risk
15681068,France,Female,45,109730.22,1,2,0.03,314.61,0.0,0.0,343.37,0.05,0.23,Above Average,High Risk
15748625,France,Male,57,0.0,2,10,0.03,206.38,0.0,0.0,210.05,0.0,0.0,Low Value,High Risk
15727299,Spain,Male,62,64119.38,1,1,0.39,220.72,0.34,0.42,266.21,111.74,465.74,High Value,Medium Risk
15620204,Germany,Female,57,106138.33,2,1,0.39,247.23,0.34,0.42,297.63,124.93,465.74,High Value,Medium Risk
15669516,Spain,Male,36,0.0,2,3,0.03,222.23,0.0,0.0,235.81,0.0,0.01,Average,High Risk
15803457,France,Female,32,0.0,2,2,0.03,223.43,0.0,0.0,244.48,0.0,0.01,Above Average,High Risk
15659098,France,Male,30,95128.86,1,2,0.03,275.55,0.0,0.0,301.01,0.0,0.0,Average,High Risk
15603436,Spain,Female,49,126615.94,2,3,0.03,254.96,0.0,0.0,270.34,0.0,0.01,Above Average,High Risk
15566292,Spain,Male,36,0.0,2,1,0.03,170.63,0.01,0.02,206.85,3.3,16.49,Above Average,High Risk
15808621,Germany,Male,36,76190.48,2,3,0.03,271.07,0.0,0.0,287.33,0.0,0.01,Above Average,High Risk
15580148,Germany,Male,40,168286.81,3,2,1.97,303.66,0.23,0.11,331.5,35.91,319.1,High Value,High Risk
15776231,Germany,Male,35,88109.81,1,5,0.03,262.14,0.0,0.0,271.4,0.0,0.0,Below Average,High Risk
15773809,France,Male,42,0.0,2,1,0.03,184.43,0.0,0.0,223.2,0.12,0.61,Above Average,High Risk
15649423,France,Female,35,0.0,2,13,0.03,172.43,0.0,0.0,174.83,0.0,0.0,Low Value,High Risk
15734886,France,Female,34,123971.51,2,1,0.03,282.42,0.0,0.0,339.32,0.38,1.9,Above Average,High Risk
15650288,Germany,Male,35,116269.01,1,2,0.03,266.39,0.0,0.0,291.08,0.0,0.0,Average,High Risk
15716164,France,Female,41,144260.5,1,1,0.03,227.93,0.0,0.0,274.75,0.31,1.54,Above Average,High Risk
15807609,Spain,Female,25,86605.5,3,1,1.18,269.23,0.34,0.16,323.69,52.47,308.4,High Value,Medium Risk
15578977,France,Male,34,0.0,2,3,0.03,234.23,0.0,0.0,248.47,0.0,0.0,Below Average,High Risk
15677369,Germany,Female,37,58629.97,1,1,0.03,237.83,0.0,0.0,286.48,0.16,0.78,Above Average,High Risk
15804072,Spain,Female,42,0.0,2,2,0.03,208.73,0.0,0.0,228.53,0.0,0.01,Above Average,High Risk
15696859,France,Male,45,0.0,2,4,0.03,140.63,0.0,0.0,147.36,0.0,0.0,Below Average,High Risk
15653780,France,Female,43,0.0,1,7,0.03,184.73,0.0,0.0,189.52,0.0,0.0,Below Average,High Risk
15721658,Spain,Female,56,209767.31,2,3,0.79,289.22,0.13,0.2,306.48,60.56,465.74,High Value,High Risk
15578761,Spain,Female,42,129634.25,2,10,2.36,214.62,0.0,0.0,218.42,0.21,1.03,Above Average,High Risk
15626742,France,Male,36,97530.25,1,4,0.03,283.22,0.0,0.0,295.74,0.0,0.0,Average,High Risk
15672692,France,Female,42,145988.65,2,17,0.03,313.81,0.0,0.0,316.95,0.0,0.0,Low Value,High Risk
15673570,France,Male,37,0.0,2,15,0.03,172.43,0.0,0.0,174.51,0.0,0.0,Low Value,High Risk
15767432,France,Female,25,0.0,3,14,0.03,211.73,0.0,0.0,214.4,0.0,0.0,Low Value,High Risk
15654238,France,Female,40,137494.28,1,1,0.03,279.21,0.0,0.0,335.52,0.1,0.52,Above Average,High Risk
15812750,France,Male,24,147360.0,1,8,0.03,255.07,0.0,0.0,260.65,0.0,0.0,Below Average,High Risk
15790757,France,Female,25,0.0,2,4,0.03,229.13,0.0,0.0,239.46,0.0,0.0,Below Average,High Risk
15723873,Spain,Male,31,125167.02,1,1,0.03,273.78,0.0,0.0,329.09,0.37,1.84,Above Average,High Risk
15744607,Germany,Male,43,121152.05,2,3,3.54,297.87,0.13,0.05,315.6,15.56,155.56,High Value,High Risk
15612966,Germany,Female,60,128981.07,1,10,2.76,252.88,0.0,0.0,257.29,0.21,1.05,Above Average,High Risk
15784209,France,Male,47,0.0,1,8,0.03,147.53,0.0,0.0,150.97,0.0,0.0,Below Average,High Risk
15794278,Spain,Male,67,151858.98,1,8,0.03,344.02,0.0,0.0,351.37,0.0,0.0,Below Average,High Risk
15766741,France,Male,36,114628.4,1,2,0.03,233.6,0.0,0.0,255.5,0.03,0.17,Above Average,High Risk
15661036,France,Male,46,0.0,2,2,0.03,215.93,0.0,0.0,236.34,0.0,0.0,Average,High Risk
15705639,France,Female,28,95059.02,2,3,0.03,282.45,0.0,0.0,299.33,0.0,0.0,Average,High Risk
15637414,France,Female,24,128736.39,1,10,0.03,262.27,0.0,0.0,266.83,0.0,0.0,Low Value,High Risk
15716835,France,Male,24,156325.38,1,11,0.03,241.96,0.0,0.0,245.81,0.0,0.0,Low Value,High Risk
15696231,France,Male,29,105405.97,1,10,0.03,266.04,0.0,0.0,270.66,0.0,0.0,Low Value,High Risk
15641675,France,Female,49,88915.37,3,1,0.79,257.7,0.34,0.23,310.03,72.37,424.9,High Value,Medium Risk
15670755,France,Male,60,0.0,2,13,0.03,205.93,0.0,0.0,208.74,0.0,0.0,Low Value,High Risk
15640059,France,Male,40,0.0,2,8,0.03,180.23,0.0,0.0,184.32,0.0,0.0,Below Average,High Risk
15587535,Spain,Female,46,177619.71,1,1,0.03,214.02,0.0,0.0,258.26,0.08,0.4,Above Average,High Risk
15813034,Spain,Male,38,62276.99,1,2,0.03,290.13,0.0,0.0,316.82,0.04,0.21,Above Average,High Risk
15698839,Germany,Male,46,127559.97,2,6,0.03,214.81,0.0,0.0,221.22,0.0,0.0,Below Average,High Risk
15634245,Germany,Female,47,95523.16,1,3,0.03,302.28,0.0,0.0,320.26,0.0,0.0,Average,High Risk
15677305,France,Female,35,107749.03,1,10,0.03,222.68,0.0,0.0,226.61,0.0,0.0,Low Value,High Risk
15685997,Spain,Female,39,166733.92,2,2,0.03,329.99,0.0,0.0,360.07,0.0,0.01,Above Average,High Risk
15660101,France,Male,31,157120.86,2,3,0.03,319.1,0.0,0.0,338.0,0.0,0.0,Average,High Risk
15815364,Spain,Female,28,0.0,2,3,0.03,219.23,0.0,0.0,232.65,0.0,0.01,Average,High Risk
15647099,France,Female,37,156091.97,1,3,0.03,268.05,0.0,0.0,284.15,0.0,0.0,Average,High Risk
15625944,France,Male,58,98668.18,1,7,0.03,284.3,0.0,0.0,291.36,0.0,0.0,Below Average,High Risk
15583212,France,Female,43,134022.06,1,1,0.03,257.14,0.0,0.0,309.36,0.1,0.48,Above Average,High Risk
15582741,France,Female,35,124151.09,1,1,1.97,284.53,0.34,0.1,341.82,34.43,202.57,High Value,Medium Risk
15637876,Germany,Female,36,77253.5,1,2,2.36,272.37,0.22,0.09,297.56,27.13,241.22,High Value,High Risk
15672056,Germany,Male,43,140080.32,3,4,0.79,290.43,0.07,0.13,303.25,39.66,198.32,High Value,High Risk
15810864,France,Female,82,0.0,2,3,0.03,248.43,0.0,0.0,263.45,0.0,0.01,Above Average,High Risk
15677921,Germany,Male,60,115920.62,2,3,3.54,304.67,0.13,0.05,322.78,15.91,159.1,High Value,High Risk
15685329,France,Female,63,114715.71,1,1,0.39,251.65,0.34,0.42,302.86,127.13,465.74,High Value,Medium Risk
15640442,France,Male,31,129722.57,1,1,0.03,292.02,0.0,0.0,350.7,0.19,0.96,Above Average,High Risk
15639314,France,Male,32,0.0,2,3,0.03,175.13,0.0,0.0,186.13,0.0,0.0,Average,High Risk
15685320,France,Male,36,139180.2,1,1,0.03,307.49,0.0,0.0,369.03,0.41,2.06,Above Average,High Risk
15789158,Germany,Male,49,113599.74,2,2,2.36,266.84,0.22,0.09,291.56,26.58,236.35,High Value,High Risk
15752137,France,Male,33,134944.0,1,10,0.03,271.58,0.0,0.0,276.29,0.0,0.0,Low Value,High Risk
15712551,Germany,Female,58,116922.25,1,2,2.76,272.83,0.22,0.08,298.06,23.46,208.69,High Value,High Risk
15628936,Spain,Male,28,118945.09,1,3,3.54,283.94,0.13,0.05,300.91,14.83,148.32,High Value,High Risk
15797227,France,Male,28,0.0,2,13,0.03,224.63,0.0,0.0,227.67,0.0,0.0,Low Value,High Risk
15769974,Spain,Female,35,119182.73,1,2,0.03,280.06,0.0,0.0,305.9,0.0,0.0,Average,High Risk
15737051,France,Male,27,0.0,2,3,0.03,190.13,0.0,0.0,201.95,0.0,0.0,Average,High Risk
15585595,France,Female,28,71264.02,2,1,0.03,305.13,0.01,0.02,366.23,5.84,29.2,High Value,High Risk
15654060,France,Male,41,0.0,2,3,0.03,153.53,0.0,0.0,163.34,0.0,0.0,Average,High Risk
15745196,France,Female,35,0.0,2,3,0.03,169.73,0.0,0.0,180.43,0.0,0.0,Average,High Risk
15571221,Germany,Male,58,116313.57,1,10,2.76,310.29,0.0,0.0,315.61,0.26,1.29,Above Average,High Risk
15660155,Spain,Male,36,92140.15,1,7,0.03,312.24,0.0,0.0,319.94,0.0,0.0,Below Average,High Risk
15605284,France,Male,26,0.0,2,1,0.03,204.83,0.01,0.02,247.38,3.94,19.72,High Value,High Risk
15694366,Germany,Male,42,177640.09,1,2,0.03,293.22,0.0,0.0,320.17,0.04,0.21,Above Average,High Risk
15653253,Spain,Male,48,167997.6,1,11,0.03,289.84,0.0,0.0,294.38,0.0,0.0,Low Value,High Risk
15763431,France,Male,36,82275.35,2,3,0.03,283.29,0.0,0.0,300.22,0.0,0.01,Above Average,High Risk
15643696,France,Male,49,0.0,2,5,0.03,181.73,0.0,0.0,188.4,0.0,0.0,Below Average,High Risk
15707473,Germany,Female,48,111962.99,1,2,0.03,330.94,0.0,0.0,361.09,0.0,0.01,Average,High Risk
15769504,Germany,Female,34,131736.88,1,1,0.03,299.92,0.01,0.02,360.07,5.74,28.71,High Value,High Risk
15686870,Germany,Male,36,108239.11,2,3,0.03,304.01,0.0,0.0,322.08,0.0,0.0,Average,High Risk
15668747,France,Female,46,98444.19,1,12,0.03,285.68,0.0,0.0,289.78,0.0,0.0,Low Value,High Risk
15766908,Germany,Male,32,114540.38,1,1,0.03,222.49,0.0,0.0,268.3,0.3,1.5,Above Average,High Risk
15570134,France,Female,35,187530.66,2,10,0.03,284.28,0.0,0.0,289.19,0.0,0.0,Below Average,High Risk
15567367,Germany,Female,42,133636.16,1,12,0.03,257.42,0.0,0.0,261.14,0.0,0.0,Low Value,High Risk
15747542,France,Male,52,0.0,2,12,0.03,182.43,0.0,0.0,185.17,0.0,0.0,Low Value,High Risk
15681554,Germany,Female,31,120599.38,2,12,0.03,260.63,0.0,0.0,264.4,0.0,0.0,Low Value,High Risk
15712825,Spain,Female,29,0.0,2,15,0.03,151.73,0.0,0.0,153.59,0.0,0.0,Low Value,High Risk
15640280,France,Male,39,127771.35,2,6,0.03,331.82,0.0,0.0,341.36,0.0,0.0,Below Average,High Risk
15756026,Spain,Female,46,0.0,1,3,3.54,235.43,0.13,0.05,249.74,12.31,123.1,High Value,High Risk
15798906,France,Male,69,0.0,2,8,0.03,210.58,0.0,0.0,215.27,0.0,0.0,Below Average,High Risk
15708917,Germany,Male,53,167772.96,1,14,0.03,261.79,0.0,0.0,265.02,0.0,0.0,Low Value,High Risk
15778463,France,Female,37,95845.6,1,2,0.03,272.0,0.0,0.0,297.16,0.0,0.0,Average,High Risk
15699430,France,Female,35,0.0,2,4,0.03,183.83,0.0,0.0,192.32,0.0,0.0,Below Average,High Risk
15649992,Spain,Male,65,134714.7,2,12,0.03,300.22,0.0,0.0,304.51,0.0,0.0,Low Value,High Risk
15578980,Spain,Female,33,0.0,2,5,0.03,153.23,0.0,0.0,158.98,0.0,0.0,Below Average,High Risk
15775306,Germany,Male,28,122384.22,3,16,3.15,202.83,0.0,0.0,205.08,0.0,0.01,Above Average,High Risk
15619708,France,Male,25,157993.15,2,2,0.03,301.74,0.0,0.0,329.41,0.0,0.01,Above Average,High Risk
15734565,France,Male,29,0.0,2,3,0.03,207.23,0.0,0.0,219.99,0.0,0.0,Average,High Risk
15591969,Spain,Male,27,75263.16,1,12,0.03,222.39,0.0,0.0,225.65,0.0,0.0,Low Value,High Risk
15747807,France,Female,43,137824.03,2,2,0.03,293.32,0.0,0.0,320.29,0.0,0.0,Average,High Risk
15596939,Germany,Male,36,132578.92,2,1,0.03,274.77,0.0,0.0,330.25,0.18,0.9,Above Average,High Risk
15716155,France,Female,36,156021.31,1,1,0.03,330.45,0.0,0.0,396.25,0.12,0.62,Above Average,High Risk
15765311,Spain,Male,34,0.0,1,2,0.03,191.03,0.0,0.0,209.34,0.0,0.0,Average,High Risk
15757811,Spain,Female,69,137453.43,1,12,3.54,320.66,0.0,0.0,325.22,0.05,0.23,Above Average,High Risk
15603830,Spain,Male,36,0.0,2,1,0.03,178.43,0.0,0.0,216.09,0.12,0.59,Above Average,High Risk
15660602,Germany,Male,33,164284.72,2,13,0.03,217.7,0.0,0.0,220.65,0.0,0.0,Low Value,High Risk
15660535,France,Female,47,0.0,2,8,0.03,202.43,0.0,0.0,206.96,0.0,0.0,Below Average,High Risk
15666633,Spain,Male,56,0.0,2,1,0.03,233.33,0.01,0.02,281.15,4.48,22.42,High Value,High Risk
15596914,Germany,Female,31,112373.49,2,3,0.03,264.96,0.0,0.0,280.89,0.0,0.01,Above Average,High Risk
15639788,France,Female,39,0.0,2,4,0.03,171.53,0.0,0.0,179.52,0.0,0.0,Below Average,High Risk
15695846,France,Female,34,0.0,2,10,0.03,203.63,0.0,0.0,207.26,0.0,0.0,Low Value,High Risk
15726234,Spain,Female,41,0.0,1,7,0.03,210.83,0.0,0.0,216.22,0.0,0.0,Below Average,High Risk
15797964,Germany,Female,29,154333.82,1,1,0.03,297.68,0.01,0.02,357.41,5.7,28.5,High Value,High Risk
15625881,Germany,Male,37,111432.77,2,5,0.03,266.11,0.0,0.0,275.5,0.0,0.0,Below Average,High Risk
15780628,France,Female,30,0.0,2,2,0.03,188.33,0.0,0.0,206.41,0.0,0.0,Average,High Risk
15585036,Spain,Female,37,0.0,2,5,0.03,206.63,0.0,0.0,214.1,0.0,0.0,Below Average,High Risk
15589488,Germany,Female,56,111642.08,1,7,0.03,289.22,0.0,0.0,296.39,0.0,0.0,Below Average,High Risk
15585888,Spain,Female,48,0.0,1,4,1.18,164.33,0.07,0.09,172.03,15.73,78.64,High Value,High Risk
15727915,France,Male,36,83543.37,1,1,0.03,226.09,0.0,0.0,272.57,0.15,0.74,Above Average,High Risk
15707567,Germany,Male,50,145338.76,1,2,2.36,297.28,0.22,0.09,324.58,29.59,263.12,High Value,High Risk
15599433,Germany,Male,35,58641.43,1,11,0.03,269.63,0.0,0.0,273.87,0.0,0.0,Low Value,High Risk
15672012,Spain,Female,41,0.0,1,1,1.97,230.33,0.34,0.1,277.6,27.96,164.51,High Value,Medium Risk
15806983,France,Male,44,137148.68,1,1,0.03,269.29,0.0,0.0,323.77,0.36,1.81,Above Average,High Risk
15592222,France,Male,49,80001.23,1,2,0.03,225.2,0.0,0.0,246.39,0.0,0.0,Average,High Risk
15608968,Germany,Male,21,86402.52,2,2,0.03,288.41,0.0,0.0,314.96,0.0,0.0,Average,High Risk
15586959,France,Female,42,0.0,2,2,0.03,138.83,0.0,0.0,152.71,0.0,0.0,Average,High Risk
15646558,Spain,Male,51,122874.74,1,1,0.03,261.11,0.01,0.02,314.07,5.01,25.04,High Value,High Risk
15677610,Germany,Female,41,153895.65,1,11,0.03,231.36,0.0,0.0,235.05,0.0,0.0,Low Value,High Risk
15745012,France,Female,43,0.0,2,10,0.03,194.33,0.0,0.0,197.81,0.0,0.0,Low Value,High Risk
15601589,France,Female,57,0.0,2,13,0.03,209.68,0.0,0.0,212.54,0.0,0.0,Low Value,High Risk
15686436,Spain,Male,32,0.0,2,1,0.03,155.33,0.0,0.0,188.72,0.1,0.52,Above Average,High Risk
15693864,Germany,Female,49,134956.02,1,1,1.97,247.28,0.34,0.1,297.69,29.98,176.41,High Value,Medium Risk
15760550,Spain,Male,39,143637.58,2,12,0.03,299.9,0.0,0.0,304.18,0.0,0.0,Low Value,High Risk
15686137,Spain,Male,32,147506.25,1,12,0.03,214.58,0.0,0.0,217.74,0.0,0.0,Low Value,High Risk
15807663,France,Male,43,190227.46,1,2,3.15,279.57,0.22,0.07,305.37,21.15,188.18,High Value,High Risk
15794916,France,Male,41,113980.21,1,10,0.03,293.56,0.0,0.0,298.61,0.0,0.0,Low Value,High Risk
15614215,France,Male,53,0.0,2,10,0.03,217.28,0.0,0.0,221.13,0.0,0.0,Low Value,High Risk
15805449,France,Male,38,0.0,2,1,0.03,176.63,0.0,0.0,213.96,0.12,0.58,Above Average,High Risk
15686983,Germany,Female,25,76968.12,2,17,0.03,276.84,0.0,0.0,279.64,0.0,0.0,Low Value,High Risk
15808017,France,Male,38,88293.13,2,1,0.03,237.86,0.01,0.02,286.51,4.57,22.84,High Value,High Risk
15646810,Germany,Male,44,108122.39,2,2,2.36,256.61,0.22,0.09,280.46,25.57,227.36,High Value,High Risk
15710424,France,Male,36,0.0,1,5,0.03,128.93,0.0,0.0,133.9,0.0,0.0,Below Average,High Risk
15799422,France,Female,40,0.0,1,11,0.03,158.93,0.0,0.0,161.58,0.0,0.0,Low Value,High Risk
15692750,Germany,Female,45,129818.39,3,3,2.76,265.63,0.13,0.06,281.59,17.66,176.6,High Value,High Risk
15794549,France,Female,35,163943.89,2,3,0.03,295.08,0.0,0.0,312.66,0.0,0.01,Above Average,High Risk
15803764,France,Male,28,0.0,2,3,0.03,166.73,0.0,0.0,177.27,0.0,0.0,Average,High Risk
15674840,France,Female,38,101430.3,2,8,0.03,268.78,0.0,0.0,274.63,0.0,0.0,Below Average,High Risk
15653762,France,Female,39,117301.66,1,3,0.03,226.55,0.0,0.0,240.37,0.0,0.0,Below Average,High Risk
15581229,Germany,Female,32,173340.83,1,1,0.03,229.45,0.01,0.02,276.56,4.41,22.05,High Value,High Risk
15800228,Spain,Female,42,0.0,2,6,0.03,194.03,0.0,0.0,199.89,0.0,0.0,Below Average,High Risk
15656333,France,Female,33,134348.57,1,1,0.03,249.35,0.0,0.0,300.14,0.34,1.68,Above Average,High Risk
15697497,France,Female,45,105525.65,2,15,0.03,230.94,0.0,0.0,233.64,0.0,0.0,Low Value,High Risk
15585362,France,Female,60,0.0,1,2,2.36,235.63,0.22,0.09,257.71,23.5,208.92,High Value,High Risk
15571928,France,Female,43,0.0,3,2,1.57,202.13,0.23,0.13,221.38,29.53,262.29,High Value,High Risk
15785519,France,Male,36,106192.1,1,2,0.03,245.09,0.0,0.0,267.97,0.0,0.0,Average,High Risk
15743007,France,Female,45,45144.43,1,1,1.57,262.78,0.34,0.12,316.05,39.26,230.92,High Value,Medium Risk
15777211,France,Male,65,92113.61,1,10,0.03,247.89,0.0,0.0,252.22,0.0,0.0,Low Value,High Risk
15721935,France,Male,25,0.0,2,12,0.03,154.73,0.0,0.0,157.1,0.0,0.0,Low Value,High Risk
15625021,France,Male,42,0.0,2,3,0.03,173.93,0.0,0.0,184.86,0.0,0.0,Average,High Risk
15702968,Germany,Male,74,106545.53,1,4,0.03,325.51,0.0,0.0,339.75,0.0,0.0,Average,High Risk
15600462,France,Female,43,145618.37,1,11,0.03,240.29,0.0,0.0,244.11,0.0,0.0,Low Value,High Risk
15768104,Spain,Male,37,141541.25,1,2,0.03,313.9,0.0,0.0,342.61,0.0,0.0,Average,High Risk
15780140,Germany,Male,32,57017.06,2,3,0.03,201.94,0.0,0.0,214.41,0.0,0.0,Average,High Risk
15585255,France,Male,42,0.0,1,3,0.03,171.53,0.0,0.0,182.33,0.0,0.0,Below Average,High Risk
15772781,France,Female,51,0.0,3,6,1.18,210.58,0.02,0.03,216.88,6.4,31.99,High Value,High Risk
15669987,Germany,Female,35,125884.95,2,3,3.15,295.12,0.13,0.06,312.7,17.26,172.6,High Value,High Risk
15697000,Germany,Male,32,61825.5,1,7,0.03,290.38,0.0,0.0,297.58,0.0,0.0,Below Average,High Risk
15733119,France,Male,35,0.0,2,3,0.03,213.83,0.0,0.0,226.95,0.0,0.0,Average,High Risk
15782390,France,Female,40,0.0,1,2,0.03,184.73,0.0,0.0,202.5,0.0,0.0,Average,High Risk
15709737,France,Male,36,161064.64,2,12,0.03,271.26,0.0,0.0,275.17,0.0,0.0,Low Value,High Risk
15792388,France,Female,48,90612.34,1,10,0.03,268.03,0.0,0.0,272.68,0.0,0.0,Low Value,High Risk
15786014,France,Male,28,145105.64,2,2,0.03,248.07,0.0,0.0,271.2,0.0,0.01,Above Average,High Risk
15794580,France,Male,58,0.0,1,1,1.57,188.13,0.34,0.12,227.59,28.27,166.28,High Value,Medium Risk
15675964,France,Female,45,0.0,1,12,3.54,200.03,0.0,0.0,203.0,0.03,0.14,Above Average,High Risk
15814275,France,Male,33,174912.72,1,8,0.03,284.41,0.0,0.0,290.57,0.0,0.0,Below Average,High Risk
15754713,Spain,Male,31,135213.71,1,14,0.03,282.7,0.0,0.0,286.17,0.0,0.0,Low Value,High Risk
15693814,Spain,Male,25,0.0,2,3,0.03,240.23,0.0,0.0,254.8,0.0,0.0,Average,High Risk
15599660,France,Male,36,116229.85,2,10,0.03,257.39,0.0,0.0,261.87,0.0,0.0,Low Value,High Risk
15746490,Spain,Female,53,111201.41,1,8,0.03,274.04,0.0,0.0,280.0,0.0,0.0,Below Average,High Risk
15566091,Spain,Female,32,0.0,1,1,0.03,161.93,0.0,0.0,196.54,0.11,0.54,Above Average,High Risk
15710404,France,Male,35,124525.52,1,14,0.03,247.35,0.0,0.0,250.42,0.0,0.0,Low Value,High Risk
15775625,France,Male,47,0.0,1,2,0.03,177.23,0.0,0.0,194.37,0.0,0.0,Average,High Risk
15792328,France,Male,39,0.0,1,8,2.36,140.93,0.0,0.0,144.24,0.58,2.92,Above Average,High Risk
15719856,France,Female,45,47134.75,1,4,0.03,263.97,0.0,0.0,275.71,0.0,0.0,Average,High Risk
15593773,Spain,Male,35,0.0,2,1,0.03,233.63,0.0,0.0,281.51,0.31,1.57,Above Average,High Risk
15733114,Spain,Male,45,0.0,2,3,0.03,164.03,0.0,0.0,174.42,0.0,0.0,Below Average,High Risk
15797748,France,Male,44,0.0,2,8,0.03,217.13,0.0,0.0,221.96,0.0,0.0,Below Average,High Risk
15753337,France,Male,51,0.0,3,2,1.97,166.18,0.23,0.11,182.38,19.75,175.56,High Value,High Risk
15601026,Germany,Female,19,138657.08,1,1,0.03,248.96,0.01,0.02,299.68,4.78,23.89,High Value,High Risk
15658485,France,Female,34,70302.48,1,12,0.03,308.34,0.0,0.0,312.73,0.0,0.0,Low Value,High Risk
15636731,Germany,Female,36,101609.01,2,1,0.03,289.49,0.01,0.02,347.71,5.54,27.72,High Value,High Risk
15628303,Spain,Male,35,0.0,1,4,0.03,219.83,0.0,0.0,229.78,0.0,0.0,Average,High Risk
15633461,Germany,Male,38,130170.82,1,7,0.03,268.64,0.0,0.0,275.35,0.0,0.0,Below Average,High Risk
15677135,Germany,Male,61,133802.29,2,13,0.03,246.88,0.0,0.0,250.18,0.0,0.0,Low Value,High Risk
15590876,France,Female,24,106234.02,1,2,0.03,304.79,0.0,0.0,332.73,0.0,0.0,Average,High Risk
15790782,Spain,Male,39,132628.98,1,2,0.03,275.37,0.0,0.0,300.81,0.0,0.0,Average,High Risk
15700476,Germany,Male,41,103522.75,2,15,0.03,244.62,0.0,0.0,247.45,0.0,0.0,Low Value,High Risk
15634141,Germany,Female,42,192390.52,2,3,0.03,291.95,0.0,0.0,309.36,0.0,0.0,Average,High Risk
15737795,Spain,Male,36,0.0,1,1,0.39,152.03,0.34,0.42,184.81,77.57,453.83,High Value,Medium Risk
15790299,Spain,Male,37,0.0,3,18,0.03,176.03,0.0,0.0,177.79,0.0,0.0,Low Value,High Risk
15675316,France,Female,38,0.0,2,5,0.03,184.13,0.0,0.0,190.88,0.0,0.0,Below Average,High Risk
15613630,France,Male,52,109922.61,1,11,3.15,310.82,0.0,0.0,315.65,0.11,0.53,Above Average,High Risk
15662100,Germany,Female,44,128605.32,1,7,0.03,331.86,0.0,0.0,340.01,0.0,0.0,Below Average,High Risk
15668032,France,Female,37,0.0,1,5,0.03,171.53,0.0,0.0,177.87,0.0,0.0,Below Average,High Risk
15599289,France,Female,37,68598.56,1,3,0.03,289.87,0.0,0.0,307.17,0.0,0.0,Below Average,High Risk
15754084,Spain,Male,35,106518.52,1,1,0.03,288.61,0.01,0.02,346.66,5.53,27.64,High Value,High Risk
15676521,France,Female,31,0.0,2,3,0.03,207.23,0.0,0.0,219.99,0.0,0.0,Average,High Risk
15804586,France,Female,46,0.0,1,2,2.36,111.23,0.22,0.09,122.78,11.19,99.53,High Value,High Risk
15781465,Germany,Female,29,121326.42,1,2,0.03,278.97,0.0,0.0,304.73,0.0,0.0,Average,High Risk
15729362,France,Male,36,67226.37,1,2,0.03,296.04,0.0,0.0,323.23,0.0,0.0,Average,High Risk
15709295,Spain,Female,25,82931.85,2,8,0.03,283.04,0.0,0.0,289.17,0.0,0.0,Below Average,High Risk
15745324,Spain,Female,39,0.0,1,1,1.57,178.13,0.34,0.12,215.74,26.8,157.62,High Value,Medium Risk
15741336,France,Female,38,118590.41,1,7,1.97,290.82,0.01,0.01,298.03,2.86,14.29,Above Average,High Risk
15783659,France,Male,67,145981.87,1,5,0.03,296.66,0.0,0.0,307.03,0.0,0.0,Below Average,High Risk
15620981,France,Female,48,73309.38,1,1,1.18,278.32,0.34,0.16,334.46,54.21,318.66,High Value,Medium Risk
15630328,France,Female,48,130796.33,2,13,0.03,267.48,0.0,0.0,271.03,0.0,0.0,Low Value,High Risk
15785899,Germany,Male,33,151607.56,1,2,0.03,314.66,0.0,0.0,343.43,0.0,0.0,Average,High Risk
15606149,Germany,Female,66,111577.01,1,12,0.03,267.22,0.0,0.0,271.07,0.0,0.0,Low Value,High Risk
15660429,Spain,Female,42,156371.61,2,3,0.79,277.67,0.13,0.2,294.29,58.15,465.74,High Value,High Risk
15571002,France,Female,44,129605.99,1,1,0.03,288.71,0.0,0.0,346.78,0.19,0.95,Above Average,High Risk
15731522,Spain,Female,67,0.0,2,13,0.03,250.98,0.0,0.0,254.34,0.0,0.0,Low Value,High Risk
15619529,Spain,Male,27,132576.25,1,2,0.03,236.37,0.0,0.0,258.51,0.0,0.0,Average,High Risk
15628034,France,Female,37,129101.3,1,8,0.03,265.59,0.0,0.0,271.38,0.0,0.0,Below Average,High Risk
15686164,Germany,Female,31,108822.4,1,1,0.03,330.75,0.01,0.02,396.6,6.32,31.62,High Value,High Risk
15582797,Spain,Male,35,137948.51,1,1,0.03,282.83,0.0,0.0,339.81,0.19,0.93,Above Average,High Risk
15753831,Spain,Male,32,100433.8,1,10,0.03,267.81,0.0,0.0,272.46,0.0,0.0,Low Value,High Risk
15731815,Spain,Male,63,96134.11,3,2,1.57,249.87,0.23,0.13,273.16,36.44,323.64,High Value,High Risk
15580956,Germany,Female,43,115888.04,1,5,1.57,281.07,0.03,0.04,290.94,12.08,60.38,High Value,High Risk
15602084,France,Female,42,124626.07,1,7,0.03,275.55,0.0,0.0,282.41,0.0,0.0,Below Average,High Risk
15589805,France,Female,34,139810.34,1,8,0.03,246.32,0.0,0.0,251.72,0.0,0.0,Below Average,High Risk
15720893,Spain,Female,34,0.0,2,3,0.03,189.53,0.0,0.0,201.32,0.0,0.0,Below Average,High Risk
15641009,France,Male,37,84496.71,1,1,0.03,237.26,0.0,0.0,285.81,0.32,1.6,Above Average,High Risk
15605926,Germany,Male,70,116854.71,2,15,0.03,295.92,0.0,0.0,299.3,0.0,0.0,Low Value,High Risk
15805955,France,Female,48,138333.03,1,14,0.03,268.75,0.0,0.0,272.06,0.0,0.0,Low Value,High Risk
15801488,France,Male,25,0.0,2,5,0.03,215.33,0.0,0.0,223.08,0.0,0.0,Below Average,High Risk
15605918,Germany,Male,43,78992.75,2,2,0.03,264.11,0.0,0.0,288.61,0.0,0.01,Above Average,High Risk
15779711,Spain,Female,38,97257.41,2,12,0.03,300.0,0.0,0.0,304.29,0.0,0.0,Low Value,High Risk
15705620,France,Male,34,122453.37,2,2,0.03,295.54,0.0,0.0,322.69,0.0,0.01,Above Average,High Risk
15685357,Spain,Female,36,112940.07,1,11,0.03,301.0,0.0,0.0,305.69,0.0,0.0,Low Value,High Risk
15570060,France,Female,43,132558.26,1,2,3.15,252.87,0.22,0.07,276.4,19.15,170.33,High Value,High Risk
15582616,France,Female,38,0.0,2,1,0.03,154.43,0.0,0.0,187.65,0.1,0.51,Above Average,High Risk
15799515,France,Female,48,133297.24,1,2,0.03,272.7,0.0,0.0,297.92,0.0,0.0,Average,High Risk
15642937,France,Female,46,0.0,2,3,0.03,163.43,0.0,0.0,173.78,0.0,0.0,Average,High Risk
15792360,France,Male,32,0.0,2,12,0.03,198.83,0.0,0.0,201.79,0.0,0.0,Low Value,High Risk
15807008,Germany,Female,35,128100.28,1,2,2.36,261.04,0.22,0.09,285.27,26.01,231.25,High Value,High Risk
15704770,France,Male,25,124532.78,2,1,0.03,308.55,0.01,0.02,370.29,5.9,29.52,High Value,High Risk
15756475,Germany,Male,31,82293.82,2,15,0.03,239.19,0.0,0.0,241.97,0.0,0.0,Low Value,High Risk
15664521,Spain,Male,31,149620.88,2,12,0.03,275.57,0.0,0.0,279.54,0.0,0.0,Low Value,High Risk
15681206,France,Female,49,168197.66,1,1,1.18,295.25,0.34,0.16,354.53,57.47,337.79,High Value,Medium Risk
15745527,France,Male,37,93147.0,2,2,0.03,271.21,0.0,0.0,296.31,0.0,0.01,Above Average,High Risk
15806926,France,Female,35,97440.02,2,3,0.03,259.51,0.0,0.0,275.14,0.0,0.01,Above Average,High Risk
15724563,Germany,Female,42,65046.08,2,5,0.03,297.92,0.0,0.0,308.33,0.0,0.0,Below Average,High Risk
15782899,Spain,Female,28,95357.49,1,2,0.03,273.17,0.0,0.0,298.43,0.0,0.0,Average,High Risk
15623521,Spain,Male,43,123105.88,2,3,0.03,327.97,0.0,0.0,347.36,0.0,0.0,Average,High Risk
15810218,Spain,Male,29,0.0,3,18,0.03,181.43,0.0,0.0,183.24,0.0,0.0,Low Value,High Risk
15645621,Spain,Male,44,0.0,2,5,0.03,241.73,0.0,0.0,250.33,0.0,0.0,Below Average,High Risk
15608114,Spain,Male,62,121286.27,1,10,0.03,267.57,0.0,0.0,272.22,0.0,0.0,Low Value,High Risk
15659557,Germany,Female,28,167738.82,2,6,0.03,321.93,0.0,0.0,331.21,0.0,0.0,Below Average,High Risk
15691111,Germany,Female,42,121980.56,2,3,0.03,270.91,0.0,0.0,287.16,0.0,0.0,Average,High Risk
15592089,France,Female,43,0.0,2,17,0.03,234.83,0.0,0.0,237.24,0.0,0.0,Low Value,High Risk
15633897,Germany,Male,39,50880.98,2,1,0.03,288.18,0.01,0.02,346.15,5.52,27.6,High Value,High Risk
15701301,France,Female,42,175159.9,2,1,1.18,272.72,0.34,0.16,327.83,53.14,312.35,High Value,Medium Risk
15723685,Germany,Female,26,105514.69,2,3,0.03,255.84,0.0,0.0,271.27,0.0,0.0,Average,High Risk
15701602,Germany,Male,52,116497.31,3,2,1.97,235.0,0.23,0.11,257.03,27.84,247.42,High Value,High Risk
15739189,Spain,Female,33,0.0,2,2,0.03,166.73,0.0,0.0,182.98,0.0,0.0,Average,High Risk
15573086,France,Male,42,99824.45,1,10,0.03,244.37,0.0,0.0,248.65,0.0,0.0,Low Value,High Risk
15569050,France,Male,45,0.0,1,2,2.36,131.63,0.22,0.09,144.9,13.21,117.47,High Value,High Risk
15799811,France,Male,40,0.0,1,3,3.94,215.63,0.13,0.04,228.85,10.19,101.9,High Value,High Risk
15698442,Spain,Male,35,122964.88,1,4,0.03,292.26,0.0,0.0,305.16,0.0,0.0,Average,High Risk
15655274,France,Female,29,0.0,2,6,0.03,162.83,0.0,0.0,167.85,0.0,0.0,Below Average,High Risk
15603594,Spain,Male,24,0.0,2,6,0.03,188.93,0.0,0.0,194.65,0.0,0.0,Below Average,High Risk
15585961,Spain,Female,43,0.0,2,5,0.03,147.23,0.0,0.0,152.79,0.0,0.0,Below Average,High Risk
15686936,France,Female,37,89634.69,1,7,1.97,277.26,0.01,0.01,284.15,2.73,13.63,Above Average,High Risk
15770424,Germany,Male,40,95710.11,2,3,0.03,237.19,0.0,0.0,251.6,0.0,0.0,Average,High Risk
15587451,Germany,Male,41,139706.31,1,2,0.03,310.82,0.0,0.0,339.26,0.0,0.0,Average,High Risk
15602010,Germany,Female,45,103909.86,1,1,1.97,330.44,0.34,0.1,396.23,39.91,234.81,High Value,Medium Risk
15654673,France,Male,49,173434.9,1,2,2.36,266.36,0.22,0.09,291.04,26.54,235.93,High Value,High Risk
15717164,Spain,Male,32,102238.01,2,10,0.03,220.83,0.0,0.0,224.73,0.0,0.0,Low Value,High Risk
15765014,France,Female,48,179380.74,2,1,0.03,243.18,0.01,0.02,292.82,4.67,23.35,High Value,High Risk
15682639,France,Male,32,0.0,2,5,0.03,191.03,0.0,0.0,198.0,0.0,0.0,Below Average,High Risk
15729279,France,Female,25,108691.95,1,1,0.03,291.14,0.0,0.0,349.66,0.19,0.95,Above Average,High Risk
15759805,France,Female,32,0.0,2,1,0.03,173.03,0.0,0.0,209.69,0.11,0.57,Above Average,High Risk
15767864,France,Male,33,0.0,2,2,0.03,186.83,0.0,0.0,204.78,0.0,0.0,Average,High Risk
15686345,Spain,Male,34,0.0,2,15,0.03,246.83,0.0,0.0,249.69,0.0,0.0,Low Value,High Risk
15688071,Spain,Male,53,0.0,1,14,0.03,184.88,0.0,0.0,187.25,0.0,0.0,Low Value,High Risk
15667521,France,Female,22,0.0,2,1,0.03,187.73,0.0,0.0,227.11,0.25,1.27,Above Average,High Risk
15750243,Spain,Male,40,0.0,2,6,0.03,247.43,0.0,0.0,254.72,0.0,0.0,Below Average,High Risk
15695475,France,Male,29,130131.08,2,1,0.03,270.44,0.01,0.02,325.13,5.18,25.92,High Value,High Risk
15689176,France,Male,46,0.0,2,5,0.03,197.33,0.0,0.0,204.5,0.0,0.0,Below Average,High Risk
15631054,France,Female,24,0.0,2,1,0.03,185.93,0.01,0.02,224.98,3.59,17.94,High Value,High Risk
15581479,France,Male,30,83181.29,1,1,0.03,230.86,0.01,0.02,278.22,4.44,22.18,High Value,High Risk
15577478,France,Female,72,0.0,1,4,0.03,240.13,0.0,0.0,250.91,0.0,0.0,Average,High Risk
15780870,Spain,Male,67,153946.14,1,4,0.03,273.31,0.0,0.0,285.43,0.0,0.0,Average,High Risk
15692317,France,Male,30,0.0,2,2,0.03,215.03,0.0,0.0,235.37,0.0,0.01,Above Average,High Risk
15593969,Spain,Female,39,135483.17,1,2,2.76,266.21,0.22,0.08,290.88,22.9,203.67,High Value,High Risk
15779059,France,Female,38,119624.54,2,6,0.03,277.38,0.0,0.0,285.46,0.0,0.0,Below Average,High Risk
15785980,Spain,Male,34,121132.26,2,2,0.03,252.86,0.0,0.0,276.4,0.0,0.0,Average,High Risk
15793949,France,Female,48,0.0,1,1,1.57,216.23,0.34,0.12,260.89,32.41,190.61,High Value,Medium Risk
15645103,Germany,Male,25,54817.55,1,1,0.03,314.78,0.0,0.0,377.67,0.12,0.59,Above Average,High Risk
15705860,Germany,Male,40,107949.45,1,1,1.18,265.0,0.34,0.16,318.68,51.66,303.62,High Value,Medium Risk
15623828,France,Male,30,0.0,1,5,0.03,203.03,0.0,0.0,210.39,0.0,0.0,Below Average,High Risk
15715003,Spain,Female,49,80816.45,1,2,0.03,261.27,0.0,0.0,285.52,0.04,0.19,Above Average,High Risk
15623471,Germany,Male,38,98205.77,1,1,0.03,257.17,0.0,0.0,309.4,0.35,1.73,Above Average,High Risk
15798348,Spain,Female,50,94684.27,1,8,0.03,254.82,0.0,0.0,260.39,0.0,0.0,Below Average,High Risk
15743016,Spain,Female,22,141604.76,1,2,0.03,258.11,0.0,0.0,282.09,0.0,0.0,Average,High Risk
15769499,Spain,Female,74,0.0,2,5,0.03,191.93,0.0,0.0,198.93,0.0,0.0,Below Average,High Risk
15798521,Spain,Male,33,0.0,2,1,0.03,200.93,0.0,0.0,242.76,0.27,1.36,Above Average,High Risk
15706186,Germany,Male,33,81677.22,2,3,0.03,265.84,0.0,0.0,281.81,0.0,0.0,Average,High Risk
15812197,France,Male,38,80293.98,1,2,0.03,328.72,0.0,0.0,358.69,0.0,0.0,Average,High Risk
15650933,Spain,Female,48,155413.06,1,2,0.03,225.13,0.0,0.0,246.32,0.0,0.0,Average,High Risk
15692991,Spain,Female,38,0.0,2,6,0.03,211.43,0.0,0.0,217.75,0.0,0.0,Below Average,High Risk
15631189,Germany,Male,38,67111.65,1,3,3.54,256.43,0.13,0.05,271.88,13.4,134.01,High Value,High Risk
15762198,France,Male,34,103818.43,1,7,0.03,319.04,0.0,0.0,326.89,0.0,0.0,Below Average,High Risk
15699598,France,Female,20,0.0,2,6,0.03,215.33,0.0,0.0,221.76,0.0,0.0,Below Average,High Risk
15692744,France,Male,36,152169.12,2,1,1.57,231.58,0.34,0.12,279.08,34.67,203.9,High Value,Medium Risk
15688963,France,Female,52,0.0,1,14,3.94,220.23,0.0,0.0,223.0,0.01,0.03,Above Average,High Risk
15599131,Germany,Male,26,214346.96,2,1,0.03,275.27,0.0,0.0,330.85,0.18,0.9,Above Average,High Risk
15680303,France,Male,57,0.0,1,2,2.36,185.38,0.22,0.09,203.21,18.53,164.73,High Value,High Risk
15628674,France,Male,40,113348.14,1,2,2.76,329.22,0.22,0.08,359.23,28.28,251.52,High Value,High Risk
15648075,Germany,Female,47,170935.94,1,1,1.97,284.56,0.34,0.1,341.86,34.43,202.59,High Value,Medium Risk
15586970,Germany,Male,52,103023.26,1,11,0.03,286.38,0.0,0.0,290.87,0.0,0.0,Low Value,High Risk
15625698,Spain,Female,23,0.0,2,10,0.03,185.63,0.0,0.0,188.98,0.0,0.0,Low Value,High Risk
15790497,Spain,Male,37,0.0,2,2,0.03,149.33,0.0,0.0,164.1,0.0,0.0,Average,High Risk
15682618,France,Female,31,111855.04,2,12,0.03,236.43,0.0,0.0,239.88,0.0,0.0,Low Value,High Risk
15762937,Germany,Female,32,140348.56,2,10,0.03,300.35,0.0,0.0,305.51,0.0,0.0,Below Average,High Risk
15750929,Spain,Male,39,0.0,2,3,0.03,209.03,0.0,0.0,221.89,0.0,0.0,Average,High Risk
15729832,France,Male,29,145512.84,1,1,0.03,275.09,0.0,0.0,330.63,0.37,1.85,Above Average,High Risk
15633650,Germany,Female,41,146720.98,2,13,0.03,280.84,0.0,0.0,284.56,0.0,0.0,Low Value,High Risk
15748856,France,Male,32,107209.73,1,14,0.03,274.85,0.0,0.0,278.23,0.0,0.0,Low Value,High Risk
15589195,Germany,Female,38,130933.74,1,10,0.03,306.78,0.0,0.0,312.05,0.0,0.0,Low Value,High Risk
15699911,Spain,Female,35,0.0,1,2,0.03,136.73,0.0,0.0,150.44,0.0,0.0,Average,High Risk
15692583,France,Female,32,0.0,2,2,0.03,201.83,0.0,0.0,221.05,0.0,0.01,Above Average,High Risk
15591257,France,Male,24,0.0,2,3,0.03,237.23,0.0,0.0,251.64,0.0,0.0,Average,High Risk
15646513,France,Male,42,0.0,1,1,1.97,239.33,0.34,0.1,288.26,29.04,170.83,High Value,Medium Risk
15708063,France,Male,36,100749.5,3,1,0.79,288.84,0.34,0.23,346.93,80.99,465.74,High Value,Medium Risk
15696098,France,Female,31,0.0,2,4,0.03,147.83,0.0,0.0,154.86,0.0,0.0,Below Average,High Risk
15645517,Spain,Male,22,0.0,2,3,0.03,253.43,0.0,0.0,268.73,0.0,0.01,Above Average,High Risk
15649744,France,Female,51,123981.31,2,5,0.03,266.27,0.0,0.0,275.66,0.0,0.0,Below Average,High Risk
15604304,Germany,Female,34,91622.42,1,5,0.03,236.3,0.0,0.0,244.73,0.0,0.0,Below Average,High Risk
15784092,France,Male,36,126195.81,1,10,0.03,296.34,0.0,0.0,301.44,0.0,0.0,Low Value,High Risk
15585198,France,Male,41,94267.9,1,5,1.57,289.29,0.03,0.04,299.43,12.43,62.14,High Value,High Risk
15624347,France,Male,40,0.0,2,6,0.03,193.73,0.0,0.0,199.58,0.0,0.0,Below Average,High Risk
15689081,France,Male,29,0.0,1,1,1.57,206.03,0.34,0.12,248.8,30.91,181.78,High Value,Medium Risk
15813168,Germany,Female,39,100717.85,3,6,1.18,302.03,0.02,0.03,310.77,9.17,45.84,High Value,High Risk
15604295,France,Male,36,0.0,2,2,0.03,161.33,0.0,0.0,177.12,0.0,0.0,Average,High Risk
15724127,France,Female,26,141581.71,2,1,0.03,314.5,0.0,0.0,377.35,0.21,1.03,Above Average,High Risk
15673055,Spain,Male,38,0.0,2,12,0.03,146.63,0.0,0.0,148.9,0.0,0.0,Low Value,High Risk
15768201,France,Female,39,148586.64,1,2,0.03,332.83,0.0,0.0,363.14,0.05,0.24,Above Average,High Risk
15782219,Spain,Male,29,0.0,2,3,0.03,209.33,0.0,0.0,222.2,0.0,0.0,Below Average,High Risk
15746410,Spain,Male,38,0.0,2,3,0.03,128.03,0.0,0.0,136.44,0.0,0.0,Average,High Risk
15590476,France,Male,28,0.0,2,3,0.03,175.13,0.0,0.0,186.13,0.0,0.0,Average,High Risk
15624293,France,Female,46,106511.85,1,1,0.03,229.81,0.0,0.0,276.97,0.31,1.55,Above Average,High Risk
15678886,Germany,Male,38,110555.37,2,3,0.03,279.56,0.0,0.0,296.28,0.0,0.0,Average,High Risk
15616330,France,Male,31,0.0,2,1,0.03,176.93,0.0,0.0,214.31,0.12,0.59,Above Average,High Risk
15798424,Germany,Male,59,130854.59,1,1,0.39,338.13,0.34,0.42,405.34,170.15,465.74,High Value,Medium Risk
15714750,France,Female,42,92578.14,2,1,0.03,281.67,0.0,0.0,338.44,0.38,1.89,Above Average,High Risk
15648800,Germany,Female,21,132312.06,1,2,3.15,296.35,0.22,0.07,323.58,22.41,199.39,High Value,High Risk
15626147,France,Female,62,144976.5,1,2,3.15,275.06,0.22,0.07,300.48,20.81,185.16,High Value,High Risk
15626608,Spain,Male,48,87070.23,1,7,0.03,217.96,0.0,0.0,223.51,0.0,0.0,Below Average,High Risk
15723250,France,Male,42,0.0,2,13,0.03,154.13,0.0,0.0,156.31,0.0,0.0,Low Value,High Risk
15759381,Spain,Male,61,91070.43,1,10,0.03,273.41,0.0,0.0,278.15,0.0,0.0,Low Value,High Risk
15589358,Germany,Male,31,90018.45,2,1,0.03,328.89,0.0,0.0,394.39,0.22,1.08,Above Average,High Risk
15672704,France,Female,24,0.0,2,1,0.03,241.13,0.0,0.0,290.4,0.16,0.79,Above Average,High Risk
15596800,Germany,Male,33,158456.76,1,1,0.39,311.95,0.34,0.42,374.33,157.13,465.74,High Value,Medium Risk
15627305,Spain,Male,35,0.0,1,2,2.76,180.23,0.22,0.08,197.62,15.56,138.37,High Value,High Risk
15645316,Germany,Female,58,149641.53,1,1,0.03,271.47,0.01,0.02,326.35,5.2,26.02,High Value,High Risk
15593973,Spain,Female,33,122528.18,1,2,0.03,275.44,0.0,0.0,300.89,0.0,0.0,Average,High Risk
15647301,Germany,Female,45,143734.01,2,5,0.03,242.3,0.0,0.0,250.92,0.0,0.0,Below Average,High Risk
15685309,France,Female,35,0.0,1,10,2.76,199.13,0.0,0.0,202.69,0.17,0.83,Above Average,High Risk
15628205,Germany,Female,34,101736.66,1,1,0.03,246.6,0.01,0.02,296.88,4.73,23.67,High Value,High Risk
15733974,Spain,Male,37,125822.21,1,3,0.03,226.72,0.0,0.0,240.54,0.0,0.0,Below Average,High Risk
15706899,France,Male,34,0.0,2,6,0.03,166.13,0.0,0.0,171.24,0.0,0.0,Below Average,High Risk
15732660,France,Female,27,0.0,1,2,0.03,229.13,0.0,0.0,250.66,0.03,0.17,Above Average,High Risk
15656121,Germany,Male,31,157791.07,2,2,0.03,298.13,0.0,0.0,325.5,0.0,0.0,Average,High Risk
15614220,France,Male,22,0.0,2,8,0.03,223.43,0.0,0.0,228.38,0.0,0.0,Below Average,High Risk
15645269,France,Female,42,0.0,2,1,0.03,173.33,0.0,0.0,210.05,0.11,0.57,Above Average,High Risk
15698510,Germany,Male,42,181627.14,2,3,0.03,219.56,0.0,0.0,233.0,0.0,0.0,Below Average,High Risk
15569247,Spain,Female,57,109679.72,1,1,0.03,302.65,0.01,0.02,363.3,5.79,28.97,High Value,High Risk
15566251,France,Female,37,96652.86,1,1,1.97,260.36,0.34,0.1,313.18,31.55,185.59,High Value,Medium Risk
15716134,France,Male,40,190008.32,2,8,0.03,264.57,0.0,0.0,270.33,0.0,0.0,Below Average,High Risk
15763625,Spain,Male,41,0.0,2,3,0.03,236.33,0.0,0.0,250.69,0.0,0.0,Below Average,High Risk
15605965,France,Male,43,0.0,2,15,0.03,187.43,0.0,0.0,189.67,0.0,0.0,Low Value,High Risk
15694821,Germany,Male,43,148962.76,1,5,1.57,307.34,0.03,0.04,318.06,13.2,66.01,High Value,High Risk
15601688,France,Male,28,0.0,1,2,0.03,162.23,0.0,0.0,178.1,0.0,0.0,Average,High Risk
15575581,Germany,Female,30,131344.52,2,1,0.03,261.2,0.0,0.0,314.18,0.35,1.76,Above Average,High Risk
15671209,Germany,Female,29,101713.84,3,2,0.03,253.2,0.0,0.0,276.77,0.0,0.01,Above Average,High Risk
15616529,Spain,Male,34,0.0,1,4,0.03,182.33,0.0,0.0,190.76,0.0,0.0,Average,High Risk
15773906,France,Male,38,0.0,2,1,0.03,194.93,0.0,0.0,235.65,0.13,0.64,Above Average,High Risk
15722993,France,Female,27,137963.07,1,2,0.03,287.33,0.0,0.0,313.79,0.0,0.0,Average,High Risk
15752463,Spain,Female,29,129938.07,1,5,0.03,324.73,0.0,0.0,336.01,0.0,0.0,Below Average,High Risk
15589754,Germany,Male,45,151421.44,1,2,0.03,273.55,0.0,0.0,298.84,0.04,0.2,Above Average,High Risk
15669899,Germany,Female,45,135643.0,1,2,2.76,303.72,0.22,0.08,331.56,26.1,232.15,High Value,High Risk
15766887,Spain,Male,39,122773.5,2,3,0.03,237.95,0.0,0.0,252.4,0.0,0.01,Average,High Risk
15768006,France,Male,34,152303.8,1,1,0.03,296.69,0.0,0.0,356.24,0.4,1.99,Above Average,High Risk
15741295,France,Male,49,0.0,2,5,0.03,182.93,0.0,0.0,189.64,0.0,0.0,Below Average,High Risk
15811327,Spain,Male,54,79415.67,1,1,0.03,288.65,0.01,0.02,346.71,5.53,27.64,High Value,High Risk
15690007,Germany,Female,58,125801.03,2,3,3.54,216.92,0.13,0.05,230.2,11.35,113.47,High Value,High Risk
15690664,Spain,Male,37,0.0,2,4,0.03,217.13,0.0,0.0,226.97,0.0,0.0,Below Average,High Risk
15719348,France,Male,35,0.0,1,2,3.15,152.33,0.22,0.07,167.36,11.59,103.13,High Value,High Risk
15781802,France,Male,41,104817.41,1,2,2.36,302.0,0.22,0.09,329.7,30.06,267.27,High Value,High Risk
15752731,France,Female,30,0.0,1,3,0.03,182.93,0.0,0.0,194.35,0.0,0.0,Below Average,High Risk
15600997,Germany,Female,32,67495.04,2,8,0.03,296.67,0.0,0.0,303.07,0.0,0.0,Below Average,High Risk
15723907,Germany,Female,49,154776.42,2,2,0.03,291.7,0.0,0.0,318.53,0.0,0.01,Above Average,High Risk
15702430,France,Female,35,0.0,1,14,0.03,162.83,0.0,0.0,164.95,0.0,0.0,Low Value,High Risk
15650351,France,Female,38,102133.38,1,11,0.03,271.23,0.0,0.0,275.49,0.0,0.0,Low Value,High Risk
15590820,Spain,Male,26,79932.41,1,2,0.03,283.39,0.0,0.0,309.52,0.0,0.0,Average,High Risk
15697789,Germany,Female,43,122717.53,2,5,0.03,270.65,0.0,0.0,280.18,0.0,0.0,Below Average,High Risk
15808182,Spain,Female,36,92363.3,2,1,0.03,218.06,0.0,0.0,263.05,0.29,1.47,Above Average,High Risk
15588670,Spain,Female,40,203715.15,1,1,1.97,291.43,0.34,0.1,350.0,35.25,207.41,High Value,Medium Risk
15721292,Spain,Male,39,0.0,2,2,0.03,214.13,0.0,0.0,234.39,0.0,0.01,Above Average,High Risk
15604217,France,Male,34,0.0,2,3,0.03,216.23,0.0,0.0,229.48,0.0,0.0,Below Average,High Risk
15782454,France,Male,49,0.0,1,5,1.57,164.03,0.03,0.04,170.13,7.06,35.31,High Value,High Risk
15570326,France,Male,34,0.0,2,10,0.03,184.73,0.0,0.0,188.06,0.0,0.0,Low Value,High Risk
15624428,Germany,Female,24,40224.7,1,10,0.03,264.41,0.0,0.0,269.01,0.0,0.0,Low Value,High Risk
15755638,France,Female,43,168069.73,1,7,1.97,280.55,0.01,0.01,287.52,2.76,13.79,Above Average,High Risk
15600992,France,Male,36,0.0,2,1,0.03,194.03,0.01,0.02,234.58,3.74,18.7,High Value,High Risk
15755649,Germany,Male,47,130538.77,1,2,0.03,252.16,0.0,0.0,275.64,0.0,0.0,Average,High Risk
15795228,France,Male,37,132623.6,1,4,0.03,303.87,0.0,0.0,317.23,0.0,0.0,Average,High Risk
15589257,France,Female,35,103465.02,2,5,0.03,276.41,0.0,0.0,286.13,0.0,0.0,Below Average,High Risk
15719302,France,Female,50,126547.8,1,12,3.54,306.26,0.0,0.0,310.62,0.04,0.22,Above Average,High Risk
15791279,France,Male,40,169742.64,1,7,1.97,289.01,0.01,0.01,296.18,2.84,14.2,Above Average,High Risk
15636935,France,Female,29,0.0,2,1,0.03,237.53,0.01,0.02,286.13,4.56,22.81,High Value,High Risk
15686909,Germany,Male,27,150795.81,1,4,0.03,269.62,0.0,0.0,281.6,0.0,0.0,Average,High Risk
15589572,Spain,Female,61,129855.72,2,1,1.57,326.18,0.34,0.12,391.18,48.6,285.81,High Value,Medium Risk
15779947,Spain,Female,28,146098.43,3,3,2.36,186.61,0.13,0.07,198.24,14.39,143.93,High Value,High Risk
15573769,France,Female,24,0.0,2,3,0.03,227.63,0.0,0.0,241.51,0.0,0.0,Average,High Risk
15578866,France,Female,43,0.0,1,2,0.03,201.23,0.0,0.0,220.4,0.03,0.15,Above Average,High Risk
15739131,Germany,Male,28,65643.3,1,1,0.03,287.78,0.0,0.0,345.68,0.19,0.94,Above Average,High Risk
15813444,Spain,Female,34,0.0,2,2,0.03,175.43,0.0,0.0,192.41,0.0,0.0,Average,High Risk
15678058,France,Male,38,104584.16,1,3,0.03,250.68,0.0,0.0,265.83,0.0,0.0,Below Average,High Risk
15769169,France,Male,41,0.0,1,10,0.03,191.93,0.0,0.0,195.38,0.0,0.0,Low Value,High Risk
15804602,Germany,Male,30,99785.28,2,2,0.03,306.77,0.0,0.0,334.88,0.0,0.0,Average,High Risk
15724334,France,Male,22,0.0,1,1,0.03,157.13,0.0,0.0,190.85,0.06,0.3,Above Average,High Risk
15569451,France,Male,35,101257.16,1,2,0.03,214.17,0.0,0.0,234.43,0.03,0.16,Above Average,High Risk
15650098,France,Female,40,0.0,2,12,0.03,187.43,0.0,0.0,190.23,0.0,0.0,Low Value,High Risk
15724307,France,Male,76,121313.88,1,14,0.03,342.97,0.0,0.0,347.13,0.0,0.0,Low Value,High Risk
15599268,Spain,Male,32,0.0,2,2,0.03,173.63,0.0,0.0,190.46,0.0,0.01,Average,High Risk
15594864,Germany,Male,30,81523.38,1,5,0.03,299.42,0.0,0.0,309.89,0.0,0.0,Below Average,High Risk
15616451,France,Female,47,128252.66,1,8,0.03,285.94,0.0,0.0,292.14,0.0,0.0,Below Average,High Risk
15715667,France,Female,32,0.0,2,3,0.03,253.43,0.0,0.0,268.73,0.0,0.0,Average,High Risk
15658969,France,Male,51,0.0,3,3,2.76,212.98,0.13,0.06,226.05,14.18,141.77,High Value,High Risk
15738174,France,Female,32,0.0,2,8,0.03,134.03,0.0,0.0,137.2,0.0,0.0,Below Average,High Risk
15813590,Spain,Male,42,0.0,2,2,2.36,181.43,0.22,0.09,198.92,18.14,161.26,High Value,High Risk
15624229,France,Female,22,0.0,2,6,0.03,206.63,0.0,0.0,212.82,0.0,0.0,Below Average,High Risk
15674148,Spain,Male,33,0.0,1,2,2.36,172.13,0.22,0.09,188.83,17.22,153.08,High Value,High Risk
15625080,Spain,Female,54,0.0,1,2,3.15,226.93,0.22,0.07,248.28,17.2,152.99,High Value,High Risk
15682528,France,Male,33,0.0,1,7,0.03,170.03,0.0,0.0,174.48,0.0,0.0,Below Average,High Risk
15696900,Germany,Male,29,145541.56,2,5,0.03,229.19,0.0,0.0,237.38,0.0,0.0,Below Average,High Risk
15730038,France,Female,23,0.0,1,1,1.97,210.23,0.34,0.1,253.78,25.56,150.39,High Value,Medium Risk
15812272,Germany,Male,44,124601.58,2,8,1.97,284.55,0.0,0.0,290.72,1.4,6.99,Above Average,High Risk
15654654,Germany,Female,33,115182.84,2,12,0.03,293.63,0.0,0.0,297.83,0.0,0.0,Low Value,High Risk
15654229,Spain,Male,47,0.0,2,1,0.03,208.13,0.01,0.02,251.29,4.01,20.03,High Value,High Risk
15628298,Spain,Female,47,128486.11,1,2,0.03,226.86,0.0,0.0,248.19,0.0,0.0,Average,High Risk
15733387,Spain,Female,53,109663.47,1,8,0.03,291.65,0.0,0.0,297.96,0.0,0.0,Below Average,High Risk
15775572,Germany,Female,42,88324.31,2,2,0.03,233.66,0.0,0.0,255.57,0.0,0.0,Average,High Risk
15613844,France,Female,28,146445.24,2,3,0.03,244.83,0.0,0.0,259.65,0.0,0.0,Average,High Risk
15578515,France,Female,38,0.0,2,1,0.03,196.13,0.0,0.0,237.07,0.26,1.32,Above Average,High Risk
15607598,Spain,Female,31,0.0,2,10,0.03,170.93,0.0,0.0,174.04,0.0,0.0,Low Value,High Risk
15742480,Germany,Male,36,109949.05,2,3,0.03,308.32,0.0,0.0,326.63,0.0,0.01,Above Average,High Risk
15749482,Spain,Male,30,78653.05,1,1,0.03,305.19,0.0,0.0,366.3,0.2,1.0,Above Average,High Risk
15607537,Germany,Male,46,107850.82,1,3,3.54,251.79,0.13,0.05,266.99,13.16,131.6,High Value,High Risk
15575410,Germany,Female,39,83765.35,2,1,0.03,274.11,0.0,0.0,329.47,0.18,0.9,Above Average,High Risk
15684865,France,Female,66,143773.07,1,10,0.03,328.91,0.0,0.0,334.52,0.0,0.0,Low Value,High Risk
15600700,Germany,Male,63,116227.27,1,8,0.03,249.34,0.0,0.0,254.8,0.0,0.0,Below Average,High Risk
15634267,France,Male,42,0.0,2,2,0.03,213.53,0.0,0.0,233.74,0.0,0.01,Above Average,High Risk
15619626,France,Male,24,137492.35,2,5,0.03,301.11,0.0,0.0,311.62,0.0,0.0,Below Average,High Risk
15660422,France,Male,28,0.0,2,3,0.03,169.13,0.0,0.0,179.8,0.0,0.0,Average,High Risk
15617934,France,Male,36,129829.59,1,12,0.03,250.63,0.0,0.0,254.26,0.0,0.0,Low Value,High Risk
15760774,France,Female,21,146329.57,2,1,0.03,233.42,0.01,0.02,281.26,4.48,22.42,High Value,High Risk
15813132,Germany,Male,30,114027.7,1,5,0.03,284.86,0.0,0.0,294.85,0.0,0.0,Below Average,High Risk
15593331,Germany,Male,25,146580.69,1,8,0.03,285.64,0.0,0.0,291.82,0.0,0.0,Below Average,High Risk
15658052,France,Female,44,81553.93,1,3,3.94,261.63,0.13,0.04,277.37,12.35,123.5,High Value,High Risk
15721189,France,Female,66,0.0,2,12,0.03,218.23,0.0,0.0,221.44,0.0,0.0,Low Value,High Risk
15711288,France,Male,24,0.0,2,2,0.03,152.03,0.0,0.0,167.03,0.0,0.0,Average,High Risk
15770030,Spain,Female,28,0.0,2,5,0.03,205.13,0.0,0.0,212.55,0.0,0.0,Below Average,High Risk
15803681,France,Female,26,0.0,2,6,0.03,239.33,0.0,0.0,246.4,0.0,0.0,Below Average,High Risk
15702789,Germany,Male,32,175214.71,1,7,0.03,243.33,0.0,0.0,249.45,0.0,0.0,Below Average,High Risk
15814930,Germany,Female,40,125534.51,1,3,3.94,253.1,0.13,0.04,268.38,11.95,119.5,High Value,High Risk
15658306,France,Male,68,97705.99,1,5,0.03,305.43,0.0,0.0,316.09,0.0,0.0,Below Average,High Risk
15699523,Germany,Female,55,126817.65,2,1,0.03,232.72,0.0,0.0,280.43,0.15,0.77,Above Average,High Risk
15615032,Spain,Male,46,0.0,2,5,0.03,185.63,0.0,0.0,192.43,0.0,0.0,Below Average,High Risk
15781989,France,Male,42,120094.93,1,3,0.03,296.31,0.0,0.0,313.95,0.0,0.0,Average,High Risk
15647402,France,Female,38,0.0,2,5,0.03,186.83,0.0,0.0,193.66,0.0,0.0,Below Average,High Risk
15740494,France,Female,33,0.0,2,1,0.03,188.33,0.0,0.0,227.82,0.25,1.27,Above Average,High Risk
15701265,Germany,Female,36,104356.94,2,1,0.03,243.17,0.01,0.02,292.81,4.67,23.35,High Value,High Risk
15743532,Germany,Male,27,147004.34,1,1,1.97,288.95,0.34,0.1,347.07,34.96,205.68,High Value,Medium Risk
15794870,Germany,Male,38,73023.17,2,2,0.03,296.29,0.0,0.0,323.51,0.0,0.0,Average,High Risk
15747591,Spain,Female,40,173432.55,1,1,0.03,278.36,0.01,0.02,334.51,5.33,26.67,High Value,High Risk
15726557,France,Female,42,165679.92,1,2,0.03,269.95,0.0,0.0,294.94,0.0,0.0,Average,High Risk
15732199,Spain,Male,31,104678.62,1,12,0.03,326.59,0.0,0.0,331.23,0.0,0.0,Low Value,High Risk
15662291,France,Female,55,116973.26,3,4,3.15,242.68,0.07,0.04,253.56,9.29,46.44,High Value,High Risk
15749050,France,Female,36,0.0,1,1,0.03,162.83,0.0,0.0,197.61,0.22,1.1,Above Average,High Risk
15781586,Germany,Male,38,126732.85,1,2,0.03,327.87,0.0,0.0,357.76,0.05,0.24,Above Average,High Risk
15617078,France,Female,44,148481.09,1,2,0.03,275.22,0.0,0.0,300.65,0.0,0.0,Average,High Risk
15723339,France,Female,38,137654.05,2,6,0.03,243.52,0.0,0.0,250.69,0.0,0.0,Below Average,High Risk
15671322,Germany,Male,30,115315.04,1,2,0.03,293.34,0.0,0.0,320.3,0.0,0.0,Average,High Risk
15793854,France,Male,42,99095.73,1,2,0.03,292.03,0.0,0.0,318.88,0.04,0.21,Above Average,High Risk
15756539,Germany,Female,39,165610.41,2,3,0.03,254.05,0.0,0.0,269.38,0.0,0.0,Average,High Risk
15612064,France,Male,33,0.0,2,2,1.97,140.63,0.23,0.11,154.67,16.75,148.88,High Value,High Risk
15625916,Spain,Male,32,161628.66,1,2,0.03,246.99,0.0,0.0,270.03,0.0,0.0,Average,High Risk
15683195,France,Male,32,146605.27,1,12,0.03,293.44,0.0,0.0,297.64,0.0,0.0,Low Value,High Risk
15690182,Germany,Male,37,113488.68,1,1,1.97,266.53,0.34,0.1,320.49,32.28,189.93,High Value,Medium Risk
15721719,France,Male,42,77002.2,2,12,0.03,296.34,0.0,0.0,300.58,0.0,0.0,Low Value,High Risk
15641690,Spain,Male,67,0.0,2,12,0.03,223.98,0.0,0.0,227.27,0.0,0.0,Low Value,High Risk
15634896,France,Female,39,0.0,2,10,0.03,154.73,0.0,0.0,157.59,0.0,0.0,Low Value,High Risk
15671590,Spain,Male,25,0.0,2,6,0.03,220.73,0.0,0.0,227.3,0.0,0.0,Below Average,High Risk
15779182,Spain,Male,46,182364.53,1,2,3.15,316.19,0.22,0.07,345.09,23.9,212.65,High Value,High Risk
15778287,France,Male,35,0.0,2,13,0.03,185.03,0.0,0.0,187.59,0.0,0.0,Low Value,High Risk
15609510,France,Male,45,149364.58,1,10,0.03,278.56,0.0,0.0,283.38,0.0,0.0,Low Value,High Risk
15742229,France,Male,59,127450.14,1,10,0.03,262.95,0.0,0.0,267.52,0.0,0.0,Low Value,High Risk
15658532,Spain,Female,63,162278.32,1,7,0.03,250.66,0.0,0.0,256.96,0.0,0.0,Below Average,High Risk
15590993,Spain,Male,37,152212.88,2,2,0.03,251.69,0.0,0.0,275.13,0.0,0.01,Above Average,High Risk
15565701,Spain,Female,39,161993.89,1,3,0.03,287.8,0.0,0.0,304.98,0.0,0.0,Average,High Risk
15597239,Spain,Male,39,131468.44,1,2,0.03,241.41,0.0,0.0,263.98,0.0,0.0,Average,High Risk
15688880,Germany,Male,40,102980.44,1,3,3.94,276.98,0.13,0.04,293.57,13.07,130.71,High Value,High Risk
15813917,Germany,Male,31,143321.97,1,3,0.03,273.49,0.0,0.0,289.88,0.0,0.0,Average,High Risk
15636589,France,Female,41,0.0,2,12,0.03,236.63,0.0,0.0,240.08,0.0,0.0,Low Value,High Risk
15687752,France,Male,30,87505.47,2,3,0.03,266.6,0.0,0.0,282.61,0.0,0.01,Above Average,High Risk
15737748,Spain,Female,33,151233.62,1,1,0.03,238.14,0.0,0.0,286.85,0.32,1.6,Above Average,High Risk
15803365,Spain,Male,55,70263.83,1,2,0.03,274.98,0.0,0.0,300.4,0.04,0.2,Above Average,High Risk
15793247,France,Male,34,0.0,2,8,0.03,147.83,0.0,0.0,151.28,0.0,0.0,Below Average,High Risk
15572360,France,Male,30,57657.49,1,3,0.03,276.42,0.0,0.0,292.97,0.0,0.0,Below Average,High Risk
15795166,Germany,Male,42,153572.31,2,13,0.03,263.45,0.0,0.0,266.95,0.0,0.0,Low Value,High Risk
15800856,Spain,Male,34,83132.09,1,4,0.03,266.85,0.0,0.0,278.71,0.0,0.0,Average,High Risk
15683930,Germany,Female,32,134096.53,2,3,3.54,255.04,0.13,0.05,270.42,13.33,133.29,High Value,High Risk
15800434,Germany,Male,52,76915.4,1,3,3.94,319.24,0.13,0.04,338.14,15.06,150.56,High Value,High Risk
15709117,Spain,Female,46,81576.75,1,4,1.18,320.73,0.07,0.09,334.78,30.61,153.05,High Value,High Risk
15662294,France,Male,33,118327.17,2,17,0.03,289.31,0.0,0.0,292.22,0.0,0.0,Low Value,High Risk
15690079,Spain,Male,30,124857.69,2,3,0.03,253.97,0.0,0.0,269.29,0.0,0.0,Average,High Risk
15759317,Germany,Female,27,90971.85,1,2,0.03,298.96,0.0,0.0,326.4,0.04,0.22,Above Average,High Risk
15750497,France,Female,37,153147.75,1,10,0.03,333.03,0.0,0.0,338.71,0.0,0.0,Low Value,High Risk
15596181,France,Male,38,65942.26,1,11,3.15,235.01,0.0,0.0,238.76,0.08,0.4,Above Average,High Risk
15576602,France,Male,38,0.0,2,5,0.03,241.13,0.0,0.0,249.72,0.0,0.0,Below Average,High Risk
15734634,Spain,Female,27,100912.19,1,1,0.03,257.35,0.0,0.0,309.61,0.1,0.48,Above Average,High Risk
15808689,France,Female,31,0.0,2,6,0.03,253.43,0.0,0.0,260.88,0.0,0.0,Below Average,High Risk
15720702,France,Male,37,0.0,1,1,1.18,235.13,0.34,0.16,283.29,45.92,269.91,High Value,Medium Risk
15665077,France,Female,43,0.0,3,10,1.97,177.83,0.0,0.0,181.05,0.2,1.01,Above Average,High Risk
15763612,Germany,Male,41,124439.49,2,3,0.03,303.44,0.0,0.0,321.48,0.0,0.01,Above Average,High Risk
15596493,France,Female,47,0.0,2,12,0.03,204.53,0.0,0.0,207.56,0.0,0.0,Low Value,High Risk
15704483,France,Male,40,0.0,2,2,0.03,215.63,0.0,0.0,236.02,0.0,0.0,Average,High Risk
15629244,Spain,Male,50,159453.64,2,3,2.76,268.8,0.13,0.06,284.93,17.87,178.69,High Value,High Risk
15765537,Germany,Male,26,142721.52,1,2,0.03,283.66,0.0,0.0,309.8,0.04,0.21,Above Average,High Risk
15729975,France,Female,46,167795.6,1,11,0.03,262.54,0.0,0.0,266.68,0.0,0.0,Low Value,High Risk
15682773,France,Female,38,128345.69,2,1,0.03,311.15,0.0,0.0,373.37,0.42,2.09,Above Average,High Risk
15688007,Spain,Male,20,165260.98,1,4,0.03,289.44,0.0,0.0,302.21,0.0,0.0,Average,High Risk
15574331,Germany,Female,62,118233.81,1,4,1.18,269.2,0.07,0.09,281.16,25.71,128.54,High Value,High Risk
15645572,France,Female,40,0.0,1,2,2.36,221.33,0.22,0.09,242.2,22.08,196.34,High Value,High Risk
15742854,Spain,Female,46,0.0,2,3,0.03,190.43,0.0,0.0,202.27,0.0,0.0,Average,High Risk
15575417,Germany,Male,37,143452.74,2,12,0.03,332.29,0.0,0.0,337.0,0.0,0.0,Low Value,High Risk
15796721,France,Male,38,145018.49,2,5,0.03,311.06,0.0,0.0,321.9,0.0,0.0,Below Average,High Risk
15734942,Germany,Female,38,82407.51,1,2,0.03,235.6,0.0,0.0,257.67,0.0,0.0,Average,High Risk
15664772,Germany,Male,28,79460.98,2,1,0.03,220.35,0.01,0.02,265.77,4.24,21.19,High Value,High Risk
15576683,Spain,Female,43,0.0,1,3,3.54,168.83,0.13,0.05,179.48,8.85,88.47,High Value,High Risk
15682563,Spain,Male,38,126473.99,1,1,0.03,262.15,0.0,0.0,315.31,0.1,0.49,Above Average,High Risk
15650889,Germany,Female,30,133537.1,2,4,0.03,290.11,0.0,0.0,302.92,0.0,0.0,Below Average,High Risk
15612108,France,Male,52,164978.01,1,7,0.03,268.52,0.0,0.0,275.22,0.0,0.0,Below Average,High Risk
15761132,Spain,Male,46,128029.72,1,10,0.03,281.43,0.0,0.0,286.3,0.0,0.0,Low Value,High Risk
15645511,Spain,Male,43,97403.18,1,2,0.79,293.11,0.23,0.25,320.06,79.77,465.74,High Value,High Risk
15609824,France,Female,41,176845.41,3,3,2.76,317.19,0.13,0.06,335.98,21.07,210.71,High Value,High Risk
15640268,Spain,Male,71,0.0,1,5,0.03,220.28,0.0,0.0,228.19,0.0,0.0,Below Average,High Risk
15645778,Spain,Male,42,81589.04,1,1,0.03,274.83,0.0,0.0,330.33,0.37,1.85,Above Average,High Risk
15691104,Germany,Female,40,119507.58,2,2,2.36,214.37,0.22,0.09,234.65,21.39,190.22,High Value,High Risk
15714567,Spain,Female,26,0.0,2,2,0.03,168.83,0.0,0.0,185.25,0.0,0.0,Average,High Risk
15777826,France,Male,30,94443.77,1,7,0.03,267.71,0.0,0.0,274.39,0.0,0.0,Below Average,High Risk
15668445,France,Male,37,0.0,2,3,0.03,154.73,0.0,0.0,164.61,0.0,0.0,Average,High Risk
15576162,France,Male,32,92199.84,1,10,0.03,259.14,0.0,0.0,263.65,0.0,0.0,Low Value,High Risk
15778135,Spain,Male,43,0.0,1,1,0.03,170.93,0.0,0.0,207.2,0.23,1.16,Above Average,High Risk
15613141,France,Female,41,135756.96,1,4,0.03,292.32,0.0,0.0,305.22,0.0,0.0,Average,High Risk
15635435,France,Female,54,120633.42,1,3,3.54,275.84,0.13,0.05,292.36,14.41,144.1,High Value,High Risk
15596552,Germany,Male,48,134542.73,1,7,1.97,237.66,0.01,0.01,243.66,2.34,11.69,Above Average,High Risk
15623644,Spain,Male,29,0.0,2,3,0.03,186.23,0.0,0.0,197.84,0.0,0.0,Average,High Risk
15683403,Spain,Male,52,0.0,1,10,2.76,184.23,0.0,0.0,187.55,0.15,0.76,Above Average,High Risk
15615029,Spain,Male,39,0.0,1,8,0.03,218.63,0.0,0.0,223.48,0.0,0.0,Below Average,High Risk
15769005,France,Male,49,154344.49,2,6,0.03,290.78,0.0,0.0,299.22,0.0,0.0,Below Average,High Risk
15746326,France,Male,43,0.0,2,5,0.03,175.73,0.0,0.0,182.21,0.0,0.0,Below Average,High Risk
15722364,France,Male,43,189026.53,2,15,0.03,278.63,0.0,0.0,281.83,0.0,0.0,Low Value,High Risk
15694409,Germany,Female,22,97975.82,2,5,0.03,269.15,0.0,0.0,278.64,0.0,0.0,Below Average,High Risk
15754068,France,Male,32,0.0,2,6,0.03,171.83,0.0,0.0,177.09,0.0,0.0,Below Average,High Risk
15683841,Germany,Male,41,113270.2,2,17,0.03,242.52,0.0,0.0,245.0,0.0,0.0,Low Value,High Risk
15789095,Spain,Male,30,0.0,2,6,0.03,230.93,0.0,0.0,237.77,0.0,0.0,Below Average,High Risk
15719958,Germany,Male,39,124548.99,2,5,0.03,331.65,0.0,0.0,343.15,0.0,0.0,Below Average,High Risk
15689514,France,Male,43,201696.07,1,2,3.15,267.36,0.22,0.07,292.13,20.24,180.02,High Value,High Risk
15621353,Spain,Female,37,0.0,2,3,0.03,191.93,0.0,0.0,203.85,0.0,0.0,Average,High Risk
15627232,Germany,Male,44,114203.47,1,10,2.76,258.47,0.0,0.0,262.97,0.21,1.07,Above Average,High Risk
15745843,Spain,Female,31,0.0,2,6,0.03,205.13,0.0,0.0,211.28,0.0,0.0,Below Average,High Risk
15722902,Germany,Male,50,125437.64,1,11,3.15,272.3,0.0,0.0,276.58,0.09,0.47,Above Average,High Risk
15791767,France,Female,26,0.0,2,3,0.03,229.13,0.0,0.0,243.09,0.0,0.0,Average,High Risk
15792722,France,Female,43,64897.75,1,2,0.03,255.6,0.0,0.0,279.37,0.0,0.0,Average,High Risk
15723006,France,Male,38,0.0,2,13,0.03,145.13,0.0,0.0,147.2,0.0,0.0,Low Value,High Risk
15771942,Germany,Female,46,135555.66,1,3,3.54,235.61,0.13,0.05,249.93,12.32,123.19,High Value,High Risk
15774738,France,Male,44,107764.75,1,1,0.03,265.28,0.0,0.0,319.02,0.36,1.78,Above Average,High Risk
15574004,France,Female,27,117307.44,2,10,0.03,204.95,0.0,0.0,208.6,0.0,0.0,Low Value,High Risk
15587233,France,Male,41,73700.12,3,16,3.15,210.25,0.0,0.0,212.57,0.0,0.01,Above Average,High Risk
15808228,Spain,Female,44,60603.4,1,8,0.03,302.25,0.0,0.0,308.76,0.0,0.0,Below Average,High Risk
15682834,Spain,Female,35,40169.88,2,6,0.03,283.61,0.0,0.0,291.85,0.0,0.0,Below Average,High Risk
15571752,Germany,Female,32,92041.87,1,14,0.03,275.03,0.0,0.0,278.42,0.0,0.0,Low Value,High Risk
15743067,Germany,Male,26,130483.95,1,1,0.03,264.46,0.0,0.0,318.04,0.36,1.78,Above Average,High Risk
15714466,France,Female,41,0.0,3,2,1.97,252.23,0.23,0.11,275.72,29.86,265.41,High Value,High Risk
15617982,Spain,Female,42,0.0,2,1,0.03,196.73,0.0,0.0,237.78,0.27,1.33,Above Average,High Risk
15696637,France,Female,23,151097.28,1,14,0.03,249.24,0.0,0.0,252.33,0.0,0.0,Low Value,High Risk
15690647,Spain,Female,46,67563.31,1,2,3.15,247.17,0.22,0.07,270.23,18.72,166.52,High Value,High Risk
15672756,France,Female,35,112808.18,1,11,0.03,290.79,0.0,0.0,295.34,0.0,0.0,Low Value,High Risk
15704586,France,Female,42,0.0,2,12,0.03,225.83,0.0,0.0,229.14,0.0,0.0,Low Value,High Risk
15674526,France,Male,66,86459.8,1,5,0.03,311.72,0.0,0.0,322.57,0.0,0.0,Below Average,High Risk
15727281,France,Female,27,0.0,2,3,0.03,194.33,0.0,0.0,206.38,0.0,0.0,Below Average,High Risk
15787835,Germany,Female,38,125212.65,2,6,1.57,309.19,0.02,0.02,318.12,7.22,36.11,High Value,High Risk
15730540,Spain,Male,45,88656.37,2,3,0.03,312.58,0.0,0.0,331.12,0.0,0.0,Average,High Risk
15582180,France,Male,29,120268.13,1,12,0.03,244.72,0.0,0.0,248.27,0.0,0.0,Low Value,High Risk
15697095,Spain,Male,46,0.0,2,3,0.03,209.93,0.0,0.0,222.84,0.0,0.0,Average,High Risk
15754796,Germany,Female,46,135070.58,2,6,1.57,223.29,0.02,0.02,229.93,5.22,26.1,High Value,High Risk
15628947,France,Female,38,0.0,2,1,1.18,206.33,0.34,0.16,249.16,40.39,237.39,High Value,Medium Risk
15775546,Spain,Female,29,0.0,2,2,0.03,153.53,0.0,0.0,168.66,0.0,0.0,Average,High Risk
15670481,France,Female,27,122550.05,2,15,0.03,281.74,0.0,0.0,284.97,0.0,0.0,Low Value,High Risk
15613282,France,Male,29,130306.49,1,2,0.03,304.05,0.0,0.0,331.93,0.0,0.0,Average,High Risk
15721487,France,Female,27,0.0,1,8,0.03,220.13,0.0,0.0,225.01,0.0,0.0,Below Average,High Risk
15797276,Spain,Female,41,90350.77,1,1,1.57,273.11,0.34,0.12,328.29,40.78,239.86,High Value,Medium Risk
15612494,France,Female,44,128747.69,1,2,2.36,184.57,0.22,0.09,202.33,18.45,164.02,High Value,High Risk
15629617,Spain,Male,23,126873.52,1,2,0.03,248.37,0.0,0.0,271.53,0.04,0.18,Above Average,High Risk
15600821,France,Male,69,108424.19,1,2,0.03,315.78,0.0,0.0,344.64,0.05,0.23,Above Average,High Risk
15579062,France,Male,32,0.0,2,3,0.03,210.53,0.0,0.0,223.47,0.0,0.0,Below Average,High Risk
15814268,France,Female,40,84350.07,1,1,0.03,207.25,0.0,0.0,250.24,0.08,0.39,Above Average,High Risk
15710164,France,Female,73,0.0,2,3,2.76,184.08,0.13,0.06,195.57,12.26,122.65,High Value,High Risk
15693904,Germany,Female,30,84958.6,2,6,0.03,279.6,0.0,0.0,287.74,0.0,0.0,Below Average,High Risk
15588986,Germany,Female,29,99097.36,1,5,0.03,277.03,0.0,0.0,286.76,0.0,0.0,Below Average,High Risk
15797733,Germany,Male,30,136622.55,2,4,0.03,228.17,0.0,0.0,238.45,0.0,0.0,Below Average,High Risk
15620507,Germany,Female,30,156771.68,1,7,0.03,223.68,0.0,0.0,229.36,0.0,0.0,Below Average,High Risk
15685150,Germany,Male,28,167658.33,2,12,0.03,318.33,0.0,0.0,322.86,0.0,0.0,Low Value,High Risk
15667651,Spain,Female,33,0.0,2,3,0.03,173.93,0.0,0.0,184.86,0.0,0.0,Average,High Risk
15774166,Germany,Female,24,109483.54,2,3,0.03,257.89,0.0,0.0,273.43,0.0,0.01,Above Average,High Risk
15649280,Germany,Female,40,134504.78,1,3,0.03,233.46,0.0,0.0,247.66,0.0,0.0,Below Average,High Risk
15705657,France,Female,44,114427.86,1,2,0.03,236.58,0.0,0.0,258.74,0.03,0.17,Above Average,High Risk
15753969,Spain,Male,45,83888.54,1,7,0.03,291.21,0.0,0.0,298.43,0.0,0.0,Below Average,High Risk
15742378,Germany,Male,32,110029.77,1,1,0.03,231.82,0.0,0.0,279.36,0.09,0.44,Above Average,High Risk
15794874,Spain,Male,41,127523.75,1,12,0.03,285.61,0.0,0.0,289.7,0.0,0.0,Low Value,High Risk
15589221,Germany,Male,30,139762.13,2,1,0.03,274.52,0.01,0.02,329.96,5.26,26.31,High Value,High Risk
15596671,Spain,Female,42,91611.12,1,2,3.15,255.5,0.22,0.07,279.26,19.34,172.09,High Value,High Risk
15583668,France,Female,42,109471.79,1,2,0.03,293.59,0.0,0.0,320.58,0.04,0.22,Above Average,High Risk
15710206,France,Female,39,150500.64,1,1,0.03,255.21,0.0,0.0,307.08,0.17,0.84,Above Average,High Risk
15799966,Germany,Female,59,101609.77,1,3,3.54,324.14,0.13,0.05,343.32,16.92,169.22,High Value,High Risk
15794560,France,Male,57,0.0,1,7,0.03,172.18,0.0,0.0,176.68,0.0,0.0,Below Average,High Risk
15626485,France,Female,26,78892.23,1,11,0.03,253.91,0.0,0.0,257.92,0.0,0.0,Low Value,High Risk
15703143,France,Female,29,82344.84,1,4,0.03,319.89,0.0,0.0,333.91,0.0,0.0,Average,High Risk
15687959,Spain,Female,44,0.0,1,5,0.03,170.33,0.0,0.0,176.63,0.0,0.0,Below Average,High Risk
15585282,France,Male,62,127706.33,2,1,0.03,318.32,0.01,0.02,381.86,6.09,30.45,High Value,High Risk
15714993,France,Female,41,124349.34,1,3,0.03,242.24,0.0,0.0,256.92,0.0,0.0,Below Average,High Risk
15596021,Spain,Male,44,0.0,2,3,0.03,177.83,0.0,0.0,188.97,0.0,0.0,Average,High Risk
15646615,Germany,Male,28,119336.29,2,1,0.03,249.16,0.01,0.02,299.91,4.78,23.91,High Value,High Risk
15742632,France,Female,31,0.0,1,12,0.03,199.43,0.0,0.0,202.39,0.0,0.0,Low Value,High Risk
15574068,Germany,Male,56,104217.3,1,3,3.54,234.16,0.13,0.05,248.4,12.24,122.43,High Value,High Risk
15806967,France,Female,65,0.0,1,10,0.03,250.58,0.0,0.0,254.96,0.0,0.0,Low Value,High Risk
15796334,Germany,Male,39,144757.02,1,3,3.94,245.05,0.13,0.04,259.88,11.57,115.72,High Value,High Risk
15688713,Spain,Male,44,0.0,1,8,0.03,186.53,0.0,0.0,190.75,0.0,0.0,Below Average,High Risk
15796179,France,Male,43,0.0,1,2,0.03,203.33,0.0,0.0,222.68,0.0,0.0,Average,High Risk
15598751,France,Female,43,0.0,3,3,2.36,165.23,0.13,0.07,175.68,12.76,127.56,High Value,High Risk
15703019,France,Female,38,0.0,2,17,0.03,173.33,0.0,0.0,175.17,0.0,0.0,Low Value,High Risk
15646302,France,Female,24,100169.51,1,2,0.03,286.7,0.0,0.0,313.1,0.0,0.0,Average,High Risk
15680855,France,Male,33,145731.83,1,2,0.03,268.8,0.0,0.0,293.69,0.04,0.2,Above Average,High Risk
15697311,Spain,Male,56,110802.03,1,7,1.97,292.47,0.01,0.01,299.72,2.87,14.37,Above Average,High Risk
15585367,Germany,Female,46,120392.99,1,1,1.57,242.92,0.34,0.12,292.52,36.34,213.72,High Value,Medium Risk
15726556,Germany,Female,26,135067.52,2,2,0.03,255.39,0.0,0.0,279.14,0.0,0.0,Average,High Risk
15676242,Spain,Male,31,136556.44,1,1,1.18,266.86,0.34,0.16,320.89,52.01,305.73,High Value,Medium Risk
15684198,France,Female,38,0.0,2,17,0.03,163.73,0.0,0.0,165.48,0.0,0.0,Low Value,High Risk
15774882,France,Female,35,99587.43,1,4,1.18,281.26,0.07,0.09,293.7,26.85,134.27,High Value,High Risk
15714227,France,Female,53,0.0,1,10,0.03,203.78,0.0,0.0,207.41,0.0,0.0,Low Value,High Risk
15608653,Spain,Female,34,70731.07,1,10,2.76,229.18,0.0,0.0,233.21,0.19,0.95,Above Average,High Risk
15784280,Germany,Male,35,109342.82,2,3,0.03,281.58,0.0,0.0,298.42,0.0,0.01,Above Average,High Risk
15789546,Spain,Male,28,0.0,2,3,0.03,190.13,0.0,0.0,201.95,0.0,0.0,Average,High Risk
15590320,France,Male,66,0.0,2,6,0.03,273.43,0.0,0.0,281.41,0.0,0.0,Below Average,High Risk
15678385,France,Male,25,78247.31,2,3,0.03,213.05,0.0,0.0,226.13,0.0,0.01,Average,High Risk
15571778,France,Female,55,117561.49,1,3,3.94,327.61,0.13,0.04,346.98,15.45,154.5,High Value,High Risk
15657085,France,Male,23,88980.32,1,14,0.03,247.81,0.0,0.0,250.89,0.0,0.0,Low Value,High Risk
15640627,Spain,Male,34,0.0,2,1,0.03,181.73,0.0,0.0,220.0,0.12,0.6,Above Average,High Risk
15669293,France,Male,37,113308.84,1,7,0.03,231.12,0.0,0.0,236.96,0.0,0.0,Below Average,High Risk
15595067,Spain,Female,40,0.0,2,10,0.03,189.53,0.0,0.0,192.94,0.0,0.0,Low Value,High Risk
15753566,France,Female,32,63763.49,1,1,0.03,313.99,0.0,0.0,376.73,0.42,2.11,Above Average,High Risk
15650391,France,Female,29,169988.35,1,2,0.03,268.62,0.0,0.0,293.5,0.0,0.0,Average,High Risk
15814846,France,Male,52,0.0,1,1,1.18,208.23,0.34,0.16,251.41,40.75,239.53,High Value,Medium Risk
15762332,Germany,Female,31,61592.14,2,1,0.03,242.36,0.01,0.02,291.84,4.65,23.27,High Value,High Risk
15700223,France,Male,48,164701.68,1,5,0.03,320.31,0.0,0.0,331.45,0.0,0.0,Below Average,High Risk
15729956,Spain,Female,26,80780.16,1,1,0.03,291.56,0.01,0.02,350.16,5.58,27.92,High Value,High Risk
15594862,France,Male,36,0.0,2,3,0.03,164.03,0.0,0.0,174.42,0.0,0.0,Average,High Risk
15598782,Germany,Female,30,154221.37,2,10,0.03,304.57,0.0,0.0,309.8,0.0,0.0,Below Average,High Risk
15745080,France,Male,26,0.0,1,2,0.03,188.63,0.0,0.0,206.73,0.0,0.0,Average,High Risk
15703399,France,Female,26,101641.14,2,8,0.03,302.09,0.0,0.0,308.61,0.0,0.0,Below Average,High Risk
15732175,France,Male,37,0.0,1,2,0.03,231.23,0.0,0.0,252.94,0.03,0.17,Above Average,High Risk
15630725,France,Female,45,92786.66,1,1,1.97,269.39,0.34,0.1,323.88,32.62,191.93,High Value,Medium Risk
15640260,Germany,Male,32,131081.66,2,13,0.03,255.49,0.0,0.0,258.9,0.0,0.0,Low Value,High Risk
15716822,France,Male,30,98014.74,1,7,0.03,268.85,0.0,0.0,275.56,0.0,0.0,Below Average,High Risk
15583748,Spain,Male,38,0.0,2,3,0.03,176.03,0.0,0.0,187.08,0.0,0.0,Average,High Risk
15605968,France,Male,26,97460.1,1,11,0.03,247.21,0.0,0.0,251.14,0.0,0.0,Low Value,High Risk
15790683,France,Male,36,104077.19,2,1,0.03,330.45,0.01,0.02,396.25,6.32,31.59,High Value,High Risk
15607713,Spain,Female,29,0.0,2,1,0.03,253.43,0.01,0.02,304.97,4.86,24.31,High Value,High Risk
15700212,France,Female,46,0.0,2,4,3.94,140.93,0.07,0.03,147.68,4.37,21.83,High Value,High Risk
15626710,France,Female,39,0.0,1,5,0.03,191.03,0.0,0.0,198.0,0.0,0.0,Below Average,High Risk
15716491,Spain,Female,51,93656.95,1,5,1.57,289.0,0.03,0.04,299.12,12.42,62.08,High Value,High Risk
15625824,Spain,Male,30,121345.88,4,3,2.36,255.28,0.13,0.07,270.67,19.65,196.52,High Value,High Risk
15617705,France,Female,39,141675.23,1,11,0.03,260.21,0.0,0.0,264.32,0.0,0.0,Low Value,High Risk
15761976,Spain,Female,31,0.0,2,3,0.03,237.53,0.0,0.0,251.95,0.0,0.0,Average,High Risk
15634891,Germany,Female,43,102365.49,1,2,2.76,226.54,0.22,0.08,247.85,19.51,173.54,High Value,High Risk
15744517,Spain,Male,50,0.0,1,3,3.54,218.93,0.13,0.05,232.33,11.45,114.52,High Value,High Risk
15686963,Spain,Female,30,0.0,1,1,0.03,202.43,0.0,0.0,244.53,0.27,1.37,Above Average,High Risk
15808189,France,Male,52,0.0,2,10,0.03,135.63,0.0,0.0,138.18,0.0,0.0,Low Value,High Risk
15580845,Germany,Male,57,101868.51,1,10,0.03,289.56,0.0,0.0,294.55,0.0,0.0,Low Value,High Risk
15799156,Spain,Male,38,0.0,2,3,0.03,169.13,0.0,0.0,179.8,0.0,0.0,Average,High Risk
15694296,France,Male,35,112392.45,2,3,0.03,265.26,0.0,0.0,281.21,0.0,0.0,Average,High Risk
15677049,Germany,Female,25,106570.34,2,12,0.03,254.11,0.0,0.0,257.79,0.0,0.0,Low Value,High Risk
15583595,France,Female,28,0.0,1,11,0.03,136.73,0.0,0.0,139.06,0.0,0.0,Low Value,High Risk
15590146,France,Male,50,81947.76,1,1,0.39,262.86,0.34,0.42,316.14,132.7,465.74,High Value,Medium Risk
15801548,France,Female,31,144162.3,2,12,0.03,275.92,0.0,0.0,279.89,0.0,0.0,Low Value,High Risk
15660833,Germany,Male,39,86350.87,2,2,0.03,313.01,0.0,0.0,341.64,0.0,0.01,Above Average,High Risk
15762277,France,Male,47,158623.14,1,1,1.97,291.26,0.34,0.1,349.8,35.23,207.3,High Value,Medium Risk
15791302,France,Male,32,0.0,2,3,0.03,220.73,0.0,0.0,234.23,0.0,0.0,Average,High Risk
15798975,Germany,Male,48,132403.56,1,1,1.57,258.86,0.34,0.12,311.4,38.68,227.52,High Value,Medium Risk
15599956,France,Male,27,0.0,2,4,0.03,222.53,0.0,0.0,232.59,0.0,0.0,Below Average,High Risk
15577274,Germany,Female,43,134985.66,1,1,0.03,241.89,0.0,0.0,291.29,0.33,1.63,Above Average,High Risk
15701200,France,Male,36,0.0,2,10,0.03,171.23,0.0,0.0,174.35,0.0,0.0,Low Value,High Risk
15638149,France,Male,37,103772.45,1,2,0.03,233.83,0.0,0.0,255.76,0.0,0.0,Average,High Risk
15786199,France,Male,33,133040.32,1,2,0.03,237.59,0.0,0.0,259.83,0.03,0.17,Above Average,High Risk
15586974,France,Male,39,0.0,2,17,0.03,195.23,0.0,0.0,197.28,0.0,0.0,Low Value,High Risk
15788676,Spain,Male,38,71460.67,2,13,0.03,234.65,0.0,0.0,237.8,0.0,0.0,Low Value,High Risk
15602497,Spain,Male,39,133214.13,1,8,0.03,332.1,0.0,0.0,339.21,0.0,0.0,Below Average,High Risk
15701333,France,Female,37,96558.66,1,2,0.03,268.75,0.0,0.0,293.64,0.0,0.0,Average,High Risk
15812071,France,Male,54,93806.31,2,10,0.03,302.96,0.0,0.0,308.16,0.0,0.0,Below Average,High Risk
15634375,Spain,Female,36,0.0,2,3,0.03,211.43,0.0,0.0,224.42,0.0,0.0,Average,High Risk
15738267,France,Female,64,124043.8,1,4,1.18,257.32,0.07,0.09,268.79,24.58,122.88,High Value,High Risk
15786800,Germany,Male,52,131694.97,1,7,1.97,296.42,0.01,0.01,303.76,2.91,14.57,Above Average,High Risk
15591130,Spain,Female,29,0.0,2,10,0.03,150.53,0.0,0.0,153.32,0.0,0.0,Low Value,High Risk
15720662,France,Female,35,106266.8,1,1,0.03,311.69,0.01,0.02,374.01,5.96,29.82,High Value,High Risk
15751531,Spain,Male,41,0.0,2,13,0.03,177.83,0.0,0.0,180.3,0.0,0.0,Low Value,High Risk
15653595,France,Male,51,0.0,2,10,0.03,238.48,0.0,0.0,242.66,0.0,0.0,Low Value,High Risk
15568360,Spain,Female,41,139840.36,1,5,0.03,248.12,0.0,0.0,256.93,0.0,0.0,Below Average,High Risk
15781210,France,Male,34,0.0,2,3,0.03,211.73,0.0,0.0,224.74,0.0,0.0,Average,High Risk
15668058,Germany,Male,35,124098.54,1,2,0.03,274.93,0.0,0.0,300.33,0.0,0.0,Average,High Risk
15597131,France,Male,32,145807.59,1,7,0.03,202.2,0.0,0.0,207.39,0.0,0.0,Below Average,High Risk
15697283,Spain,Male,23,0.0,2,3,0.03,171.83,0.0,0.0,182.65,0.0,0.0,Average,High Risk
15640953,France,Female,26,107508.93,2,3,0.03,258.97,0.0,0.0,274.57,0.0,0.01,Above Average,High Risk
15715031,France,Female,28,0.0,2,10,0.03,178.43,0.0,0.0,181.66,0.0,0.0,Low Value,High Risk
15589660,Germany,Female,32,145980.23,1,1,0.03,276.01,0.01,0.02,331.73,5.29,26.45,High Value,High Risk
15769818,France,Female,37,212778.2,1,4,0.03,335.22,0.0,0.0,349.86,0.0,0.0,Average,High Risk
15782736,Germany,Female,47,152522.47,1,5,1.57,249.9,0.03,0.04,258.77,10.74,53.71,High Value,High Risk
15614818,Spain,Female,33,168964.77,1,12,0.03,307.88,0.0,0.0,312.27,0.0,0.0,Low Value,High Risk
15794014,France,Female,34,0.0,2,3,0.03,249.83,0.0,0.0,264.93,0.0,0.0,Average,High Risk
15732448,France,Female,28,0.0,1,11,0.03,244.73,0.0,0.0,248.62,0.0,0.0,Low Value,High Risk
15723411,Spain,Female,36,98266.3,1,5,0.03,257.17,0.0,0.0,266.27,0.0,0.0,Below Average,High Risk
15797686,France,Male,38,113000.92,1,11,0.03,243.4,0.0,0.0,247.27,0.0,0.0,Low Value,High Risk
15605950,Germany,Male,23,137060.88,2,1,0.03,236.29,0.01,0.02,284.65,4.54,22.7,High Value,High Risk
15812497,Germany,Male,37,112146.12,1,1,0.03,272.15,0.0,0.0,327.15,0.1,0.51,Above Average,High Risk
15690678,France,Female,33,129307.32,1,5,0.03,235.9,0.0,0.0,244.31,0.0,0.0,Below Average,High Risk
15747677,Spain,Male,69,163975.09,1,8,0.03,299.03,0.0,0.0,305.49,0.0,0.0,Below Average,High Risk
15618926,Spain,Male,43,0.0,2,12,0.03,154.43,0.0,0.0,156.8,0.0,0.0,Low Value,High Risk
15673908,Germany,Female,42,158414.85,1,8,0.03,258.85,0.0,0.0,264.51,0.0,0.0,Below Average,High Risk
15727944,Germany,Female,48,92072.68,1,1,0.03,284.94,0.01,0.02,342.31,5.46,27.29,High Value,High Risk
15807294,Spain,Female,30,88243.29,2,3,0.03,270.25,0.0,0.0,286.47,0.0,0.01,Above Average,High Risk
15618581,Spain,Male,25,0.0,2,13,0.03,198.83,0.0,0.0,201.56,0.0,0.0,Low Value,High Risk
15584364,France,Male,48,59486.31,1,1,1.57,267.32,0.34,0.12,321.43,39.93,234.85,High Value,Medium Risk
15599552,Spain,Female,54,0.0,2,3,0.03,195.13,0.0,0.0,207.22,0.0,0.0,Average,High Risk
15749177,Spain,Female,52,0.0,2,12,0.03,219.93,0.0,0.0,223.16,0.0,0.0,Low Value,High Risk
15718779,France,Male,34,0.0,1,1,0.03,232.43,0.01,0.02,280.09,4.47,22.33,High Value,High Risk
15568106,France,Female,38,119278.01,2,13,0.03,253.96,0.0,0.0,257.35,0.0,0.0,Low Value,High Risk
15779481,France,Male,34,158741.43,2,6,0.03,266.67,0.0,0.0,274.46,0.0,0.0,Below Average,High Risk
15709994,France,Female,40,140596.95,1,10,2.76,274.86,0.0,0.0,279.62,0.23,1.14,Above Average,High Risk
15772777,Spain,Female,29,0.0,2,17,0.03,253.43,0.0,0.0,256.02,0.0,0.0,Low Value,High Risk
15706815,Germany,Male,37,90432.92,1,2,0.79,229.02,0.23,0.25,250.53,62.44,465.74,High Value,High Risk
15618018,France,Female,35,104783.81,2,1,0.03,246.8,0.01,0.02,297.11,4.74,23.69,High Value,High Risk
15634281,Germany,Female,43,110822.9,1,3,0.03,291.87,0.0,0.0,309.28,0.0,0.0,Below Average,High Risk
15766374,Germany,Male,42,119624.6,2,6,0.03,265.98,0.0,0.0,273.76,0.0,0.0,Below Average,High Risk
15600991,Germany,Male,31,109052.59,2,10,2.36,283.96,0.0,0.0,288.87,0.27,1.36,Above Average,High Risk
15777576,Spain,Female,40,139129.44,1,7,0.03,245.09,0.0,0.0,251.25,0.0,0.0,Below Average,High Risk
15742613,Germany,Female,42,152324.66,2,3,0.03,309.89,0.0,0.0,328.29,0.0,0.0,Average,High Risk
15651063,Germany,Female,37,127480.58,2,3,0.03,234.0,0.0,0.0,248.23,0.0,0.0,Below Average,High Risk
15683124,France,Male,53,115029.4,1,2,2.36,293.77,0.22,0.09,320.77,29.25,260.04,High Value,High Risk
15618314,France,Male,40,114005.78,1,11,0.03,278.86,0.0,0.0,283.24,0.0,0.0,Low Value,High Risk
15607133,Spain,Female,49,110864.38,2,1,0.39,290.97,0.34,0.42,349.46,146.69,465.74,High Value,Medium Risk
15615012,France,Male,23,156267.59,1,1,0.03,256.36,0.0,0.0,308.44,0.1,0.48,Above Average,High Risk
15725141,France,Female,44,109528.28,1,1,1.18,290.59,0.34,0.16,349.01,56.57,332.53,High Value,Medium Risk
15623560,France,Female,35,102482.76,1,8,0.03,275.75,0.0,0.0,281.74,0.0,0.0,Below Average,High Risk
15693018,Germany,Male,23,115563.71,1,14,0.03,279.55,0.0,0.0,282.99,0.0,0.0,Low Value,High Risk
15647474,France,Female,40,95624.36,2,15,0.03,258.79,0.0,0.0,261.77,0.0,0.0,Low Value,High Risk
15576714,Spain,Female,21,0.0,2,13,0.03,204.53,0.0,0.0,207.32,0.0,0.0,Low Value,High Risk
15585047,France,Male,28,160376.61,1,2,0.03,292.84,0.0,0.0,319.76,0.0,0.0,Average,High Risk
15743976,Germany,Male,41,37702.79,1,11,0.03,254.08,0.0,0.0,258.1,0.0,0.0,Low Value,High Risk
15793881,France,Female,35,118273.83,1,8,0.03,292.6,0.0,0.0,298.93,0.0,0.0,Below Average,High Risk
15576517,Germany,Female,34,131082.17,2,12,0.03,210.49,0.0,0.0,213.6,0.0,0.0,Low Value,High Risk
15631072,France,Male,38,94456.0,2,1,0.03,281.81,0.01,0.02,338.6,5.4,27.0,High Value,High Risk
15730394,France,Female,43,0.0,2,3,3.15,211.13,0.13,0.06,224.1,12.37,123.7,High Value,High Risk
15631460,Spain,Female,42,0.0,2,5,0.03,199.73,0.0,0.0,206.98,0.0,0.0,Below Average,High Risk
15692002,France,Male,33,93791.38,1,8,0.03,236.16,0.0,0.0,241.36,0.0,0.0,Below Average,High Risk
15595282,France,Female,33,0.0,2,1,0.03,218.93,0.0,0.0,264.09,0.14,0.72,Above Average,High Risk
15789548,France,Female,37,0.0,2,12,0.03,176.03,0.0,0.0,178.68,0.0,0.0,Low Value,High Risk
15758035,France,Male,61,155973.13,1,10,0.03,316.0,0.0,0.0,321.41,0.0,0.0,Low Value,High Risk
15617518,Germany,Male,36,89409.95,1,10,0.03,276.94,0.0,0.0,281.73,0.0,0.0,Low Value,High Risk
15651802,Spain,Female,39,97854.37,2,2,0.03,264.64,0.0,0.0,289.18,0.0,0.01,Above Average,High Risk
15631813,France,Male,39,0.0,2,10,0.03,184.73,0.0,0.0,188.06,0.0,0.0,Low Value,High Risk
15729668,Spain,Male,29,60280.62,1,1,0.03,228.11,0.0,0.0,274.97,0.31,1.54,Above Average,High Risk
15741728,Spain,Male,36,135216.8,1,10,0.03,254.5,0.0,0.0,258.93,0.0,0.0,Low Value,High Risk
15576676,Germany,Female,28,124923.35,2,10,0.03,288.47,0.0,0.0,293.44,0.0,0.0,Below Average,High Risk
15711378,France,Male,38,0.0,2,1,0.03,201.53,0.0,0.0,243.47,0.13,0.66,Above Average,High Risk
15765520,Germany,Male,27,188614.07,1,2,0.03,310.12,0.0,0.0,338.5,0.0,0.0,Average,High Risk
15656726,France,Male,32,62321.62,1,7,0.03,303.33,0.0,0.0,310.83,0.0,0.0,Below Average,High Risk
15647842,Germany,Female,48,120782.7,1,2,3.15,256.74,0.22,0.07,280.61,19.44,172.92,High Value,High Risk
15719309,France,Female,42,115961.58,2,1,0.03,277.17,0.01,0.02,333.11,5.31,26.56,High Value,High Risk
15594404,France,Female,49,160602.25,2,3,0.03,328.54,0.0,0.0,347.96,0.0,0.0,Average,High Risk
15751158,France,Female,42,108825.34,3,2,1.57,247.05,0.23,0.13,270.1,36.03,320.01,High Value,High Risk
15593470,Germany,Female,36,166287.85,1,11,0.03,251.38,0.0,0.0,255.36,0.0,0.0,Low Value,High Risk
15695129,France,Female,31,152663.77,1,1,0.03,293.41,0.01,0.02,352.34,5.62,28.09,High Value,High Risk
15640865,Germany,Female,31,80844.69,2,15,0.03,264.57,0.0,0.0,267.62,0.0,0.0,Low Value,High Risk
15648721,France,Male,64,0.0,2,6,0.03,229.23,0.0,0.0,236.03,0.0,0.0,Below Average,High Risk
15750248,France,Female,35,132292.63,1,2,0.03,262.75,0.0,0.0,287.13,0.0,0.0,Average,High Risk
15781553,Germany,Female,49,91502.99,1,3,3.54,302.59,0.13,0.05,320.59,15.8,158.02,High Value,High Risk
15649121,France,Male,52,0.0,1,1,1.18,200.43,0.34,0.16,242.16,39.25,230.73,High Value,Medium Risk
15674811,Germany,Male,29,59385.98,2,5,0.03,293.41,0.0,0.0,303.68,0.0,0.0,Below Average,High Risk
15646037,France,Male,77,0.0,3,18,0.03,224.48,0.0,0.0,226.67,0.0,0.0,Low Value,High Risk
15722578,Germany,Female,21,97956.5,1,8,0.03,280.55,0.0,0.0,286.63,0.0,0.0,Below Average,High Risk
15665695,France,Female,49,0.0,2,6,0.03,176.63,0.0,0.0,182.02,0.0,0.0,Below Average,High Risk
15801062,Spain,Female,40,0.0,2,6,0.03,165.53,0.0,0.0,170.63,0.0,0.0,Below Average,High Risk
15662955,France,Male,27,141223.68,2,3,0.03,286.59,0.0,0.0,303.7,0.0,0.0,Average,High Risk
15770309,France,Male,18,151762.74,1,14,0.03,274.77,0.0,0.0,278.15,0.0,0.0,Low Value,High Risk
15657386,Germany,Male,43,141749.74,2,1,0.03,291.11,0.01,0.02,349.63,5.58,27.88,High Value,High Risk
15777797,Spain,Male,38,75075.14,1,7,1.97,279.97,0.01,0.01,286.94,2.75,13.76,Above Average,High Risk
15783955,France,Female,25,165686.11,2,1,0.03,287.65,0.0,0.0,345.53,0.19,0.94,Above Average,High Risk
15681758,Spain,Female,25,0.0,2,4,0.03,155.93,0.0,0.0,163.29,0.0,0.0,Below Average,High Risk
15630321,France,Male,44,0.0,2,1,0.03,202.43,0.0,0.0,244.53,0.27,1.37,Above Average,High Risk
15591932,France,Male,32,92961.61,1,1,0.03,278.7,0.0,0.0,334.92,0.1,0.52,Above Average,High Risk
15810347,Spain,Female,30,0.0,2,15,0.03,197.03,0.0,0.0,199.37,0.0,0.0,Low Value,High Risk
15595303,Germany,Male,46,130812.91,1,7,1.97,297.78,0.01,0.01,305.14,2.93,14.63,Above Average,High Risk
15634950,Germany,Male,57,107174.58,1,11,3.15,281.5,0.0,0.0,285.91,0.1,0.48,Above Average,High Risk
15685372,Spain,Male,54,152677.48,1,1,0.39,188.01,0.34,0.42,227.44,95.47,465.74,High Value,Medium Risk
15745827,France,Male,30,132005.77,1,1,0.03,262.14,0.0,0.0,315.29,0.35,1.76,Above Average,High Risk
15755868,France,Male,35,0.0,1,2,0.03,167.03,0.0,0.0,183.3,0.0,0.0,Average,High Risk
15735222,Spain,Female,23,0.0,2,8,0.03,209.93,0.0,0.0,214.61,0.0,0.0,Below Average,High Risk
15604804,France,Female,33,127305.5,1,10,0.03,231.6,0.0,0.0,235.67,0.0,0.0,Low Value,High Risk
15718944,France,Female,37,0.0,2,2,0.03,170.33,0.0,0.0,186.88,0.0,0.0,Average,High Risk
15571550,France,Male,39,0.0,1,3,0.03,208.13,0.0,0.0,220.94,0.0,0.0,Below Average,High Risk
15723053,Germany,Male,32,170291.22,2,13,0.03,229.94,0.0,0.0,233.04,0.0,0.0,Low Value,High Risk
15661528,Spain,Male,47,102562.23,1,1,0.03,250.25,0.0,0.0,301.21,0.09,0.47,Above Average,High Risk
15683544,Spain,Male,62,0.0,1,4,0.03,201.23,0.0,0.0,210.43,0.0,0.0,Average,High Risk
15708048,France,Female,34,124379.14,1,1,0.03,265.94,0.0,0.0,319.8,0.17,0.87,Above Average,High Risk
15701109,France,Female,37,0.0,1,10,0.03,197.33,0.0,0.0,200.86,0.0,0.0,Low Value,High Risk
15600110,Germany,Female,41,57745.76,1,1,0.03,223.33,0.0,0.0,269.29,0.3,1.51,Above Average,High Risk
15651533,Germany,Female,50,129293.74,1,1,1.97,247.9,0.34,0.1,298.41,30.06,176.84,High Value,Medium Risk
15777904,France,Female,45,0.0,2,12,0.03,209.33,0.0,0.0,212.42,0.0,0.0,Low Value,High Risk
15655574,Germany,Female,40,150777.1,1,2,0.03,287.32,0.0,0.0,313.78,0.0,0.0,Average,High Risk
15569423,Spain,Male,41,0.0,2,1,0.03,217.73,0.0,0.0,262.67,0.14,0.72,Above Average,High Risk
15718106,France,Male,34,0.0,2,2,0.03,185.93,0.0,0.0,203.8,0.0,0.0,Average,High Risk
15585067,Spain,Male,31,108632.48,1,12,3.54,265.94,0.0,0.0,269.78,0.04,0.19,Above Average,High Risk
15675501,France,Male,59,153861.1,1,7,0.03,274.11,0.0,0.0,280.94,0.0,0.0,Below Average,High Risk
15667134,France,Male,32,0.0,2,3,0.03,132.23,0.0,0.0,140.87,0.0,0.0,Below Average,High Risk
15659105,France,Female,47,61196.54,1,3,0.03,272.61,0.0,0.0,288.96,0.0,0.0,Average,High Risk
15575409,Germany,Male,31,116891.72,1,2,0.03,250.53,0.0,0.0,273.87,0.0,0.0,Average,High Risk
15752342,Germany,Female,54,133656.91,3,3,2.36,293.32,0.13,0.07,310.8,22.57,225.66,High Value,High Risk
15654851,France,Male,44,92911.52,1,2,0.03,299.1,0.0,0.0,326.55,0.04,0.22,Above Average,High Risk
15741429,Spain,Female,31,119825.75,2,15,0.03,280.39,0.0,0.0,283.61,0.0,0.0,Low Value,High Risk
15682356,France,Female,37,111852.84,2,3,0.03,272.43,0.0,0.0,288.77,0.0,0.0,Average,High Risk
15800229,Germany,Male,40,139022.24,1,10,0.03,285.88,0.0,0.0,290.82,0.0,0.0,Low Value,High Risk
15663441,Germany,Female,40,148571.07,1,1,1.57,287.83,0.34,0.12,345.73,42.95,252.6,High Value,Medium Risk
15791991,France,Male,52,0.0,1,5,0.03,232.83,0.0,0.0,241.15,0.0,0.0,Below Average,High Risk
15775082,France,Male,42,129776.72,2,1,0.03,301.62,0.01,0.02,362.08,5.77,28.87,High Value,High Risk
15579706,France,Female,46,0.0,1,1,1.97,181.73,0.34,0.1,220.0,22.16,130.38,High Value,Medium Risk
15718247,Spain,Female,46,0.0,2,13,0.03,180.23,0.0,0.0,182.73,0.0,0.0,Low Value,High Risk
15755722,France,Male,24,0.0,1,3,0.03,164.63,0.0,0.0,175.05,0.0,0.0,Below Average,High Risk
15582259,France,Female,37,0.0,2,12,0.03,168.53,0.0,0.0,171.09,0.0,0.0,Low Value,High Risk
15716994,Spain,Male,24,114739.92,1,1,1.18,243.8,0.34,0.16,293.56,47.58,279.7,High Value,Medium Risk
15586880,Germany,Male,41,122545.65,2,3,0.03,254.74,0.0,0.0,270.11,0.0,0.01,Above Average,High Risk
15713854,France,Female,37,0.0,2,2,0.03,152.33,0.0,0.0,167.36,0.0,0.0,Average,High Risk
15780835,Germany,Female,26,131908.35,1,1,0.03,272.63,0.01,0.02,327.73,5.23,26.13,High Value,High Risk
15675896,Germany,Female,42,105722.69,1,10,2.76,279.56,0.0,0.0,284.39,0.23,1.16,Above Average,High Risk
15658459,Spain,Male,33,0.0,2,4,0.03,233.63,0.0,0.0,244.14,0.0,0.0,Below Average,High Risk
15658057,Spain,Female,44,0.0,3,4,3.15,242.03,0.07,0.04,252.88,9.26,46.32,High Value,High Risk
15801767,Spain,Female,40,0.0,2,3,0.03,233.63,0.0,0.0,247.84,0.0,0.0,Average,High Risk
15569178,France,Female,18,82767.42,1,1,0.03,244.93,0.0,0.0,294.89,0.16,0.81,Above Average,High Risk
15811236,Spain,Male,39,133261.13,1,8,0.03,288.6,0.0,0.0,294.85,0.0,0.0,Below Average,High Risk
15746749,Spain,Female,32,0.0,2,5,0.03,202.73,0.0,0.0,210.08,0.0,0.0,Below Average,High Risk
15709387,France,Male,52,0.0,1,7,0.03,214.23,0.0,0.0,219.69,0.0,0.0,Below Average,High Risk
15572093,France,Female,24,140453.91,1,2,0.03,261.35,0.0,0.0,285.61,0.0,0.0,Average,High Risk
15570205,Spain,Male,36,0.0,2,8,0.03,203.03,0.0,0.0,207.57,0.0,0.0,Below Average,High Risk
15589348,Spain,Male,37,137204.77,1,5,0.03,332.29,0.0,0.0,343.82,0.0,0.0,Below Average,High Risk
15804610,France,Female,41,0.0,2,1,0.03,178.73,0.01,0.02,216.45,3.45,17.26,High Value,High Risk
15700854,Spain,Male,35,0.0,1,2,3.15,176.93,0.22,0.07,194.04,13.44,119.57,High Value,High Risk
15758836,Spain,Male,36,54098.18,2,5,0.03,273.59,0.0,0.0,283.22,0.0,0.0,Below Average,High Risk
15772933,Spain,Male,31,0.0,1,11,0.03,175.73,0.0,0.0,178.62,0.0,0.0,Low Value,High Risk
15809006,France,Male,23,113758.48,2,3,0.03,256.65,0.0,0.0,272.11,0.0,0.0,Average,High Risk
15689612,Spain,Female,34,0.0,1,11,0.03,164.63,0.0,0.0,167.36,0.0,0.0,Low Value,High Risk
15744614,France,Male,37,118636.92,1,12,0.03,238.63,0.0,0.0,242.1,0.0,0.0,Low Value,High Risk
15704250,France,Male,34,0.0,2,3,0.03,150.23,0.0,0.0,159.86,0.0,0.0,Average,High Risk
15700255,Germany,Male,44,95488.82,2,3,0.03,319.08,0.0,0.0,337.98,0.0,0.0,Average,High Risk
15669410,France,Male,30,110829.52,2,3,0.03,280.77,0.0,0.0,297.57,0.0,0.0,Average,High Risk
15807595,Germany,Male,51,144244.59,2,3,0.03,224.38,0.0,0.0,238.08,0.0,0.0,Average,High Risk
15664523,Germany,Female,31,122021.92,2,3,0.03,285.31,0.0,0.0,302.36,0.0,0.0,Average,High Risk
15642833,France,Female,30,0.0,2,3,0.03,180.83,0.0,0.0,192.14,0.0,0.0,Average,High Risk
15605279,France,Male,50,0.0,4,20,3.54,236.03,0.0,0.0,238.09,0.0,0.0,Average,High Risk
15713644,Spain,Male,22,0.0,2,2,0.03,204.23,0.0,0.0,223.65,0.0,0.01,Above Average,High Risk
15739054,France,Female,29,96974.97,1,5,0.03,271.18,0.0,0.0,280.73,0.0,0.0,Below Average,High Risk
15612771,France,Male,35,148172.44,1,5,0.03,213.41,0.0,0.0,221.1,0.0,0.0,Below Average,High Risk
15732832,France,Female,40,0.0,2,2,0.03,210.53,0.0,0.0,230.49,0.0,0.01,Above Average,High Risk
15713843,Spain,Male,30,0.0,2,3,0.03,253.43,0.0,0.0,268.73,0.0,0.01,Above Average,High Risk
15567993,Spain,Male,28,134766.85,1,2,0.03,325.58,0.0,0.0,355.27,0.0,0.0,Average,High Risk
15617603,Germany,Male,30,123210.56,2,8,0.03,331.58,0.0,0.0,338.68,0.0,0.0,Below Average,High Risk
15744983,Spain,Male,47,139887.01,1,1,0.03,291.02,0.01,0.02,349.52,5.57,27.87,High Value,High Risk
15630419,France,Male,44,149961.11,1,3,0.03,268.09,0.0,0.0,284.19,0.0,0.0,Average,High Risk
15738828,Germany,Male,45,152880.97,1,2,0.03,297.02,0.0,0.0,324.29,0.0,0.0,Average,High Risk
15778025,Germany,Male,43,108589.47,2,15,0.03,281.24,0.0,0.0,284.46,0.0,0.0,Low Value,High Risk
15799479,Spain,Male,33,0.0,1,12,0.03,241.13,0.0,0.0,244.64,0.0,0.0,Low Value,High Risk
15684269,Spain,Female,35,56674.48,1,1,1.18,283.5,0.34,0.16,340.6,55.21,324.52,High Value,Medium Risk
15762745,Spain,Male,32,0.0,1,2,0.03,192.83,0.0,0.0,211.29,0.0,0.0,Average,High Risk
15746970,Spain,Female,57,0.0,2,1,0.03,235.18,0.01,0.02,283.35,4.52,22.59,High Value,High Risk
15725024,Germany,Female,33,105663.56,2,5,0.03,317.05,0.0,0.0,328.08,0.0,0.0,Below Average,High Risk
15592116,France,Female,39,0.0,2,3,0.03,173.93,0.0,0.0,184.86,0.0,0.0,Average,High Risk
15624391,Spain,Female,30,100683.54,1,7,0.03,253.73,0.0,0.0,260.09,0.0,0.0,Below Average,High Risk
15567422,France,Male,42,0.0,2,2,0.03,187.43,0.0,0.0,205.43,0.0,0.0,Average,High Risk
15612627,Germany,Male,29,139541.58,2,2,0.03,265.51,0.0,0.0,290.12,0.0,0.01,Above Average,High Risk
15574879,Germany,Female,37,121801.72,2,3,0.03,265.8,0.0,0.0,281.77,0.0,0.01,Above Average,High Risk
15745107,Germany,Male,38,112281.7,1,7,0.03,308.76,0.0,0.0,316.38,0.0,0.0,Below Average,High Risk
15734491,Spain,Female,36,0.0,2,6,0.03,201.23,0.0,0.0,207.28,0.0,0.0,Below Average,High Risk
15675320,Spain,Female,40,93499.82,2,2,0.03,302.14,0.0,0.0,329.85,0.0,0.01,Above Average,High Risk
15643438,France,Male,20,0.0,2,3,0.03,253.43,0.0,0.0,268.73,0.0,0.0,Average,High Risk
15721730,Spain,Female,44,0.0,2,1,0.03,178.73,0.0,0.0,216.45,0.12,0.59,Above Average,High Risk
15680727,France,Male,49,121973.28,1,1,0.03,297.01,0.0,0.0,356.62,0.11,0.56,Above Average,High Risk
15752508,Germany,Male,32,99462.8,2,12,0.03,259.35,0.0,0.0,263.1,0.0,0.0,Low Value,High Risk
15808846,Germany,Female,21,165878.76,2,5,0.03,280.16,0.0,0.0,290.0,0.0,0.0,Below Average,High Risk
15727251,France,Male,30,117494.27,1,2,0.03,268.86,0.0,0.0,293.75,0.0,0.0,Average,High Risk
15683677,Spain,Male,39,0.0,1,12,0.03,229.13,0.0,0.0,232.48,0.0,0.0,Low Value,High Risk
15596414,Spain,Male,41,107525.07,1,2,0.03,314.47,0.0,0.0,343.23,0.0,0.0,Average,High Risk
15730639,France,Male,23,139224.92,2,3,0.03,291.89,0.0,0.0,309.3,0.0,0.0,Average,High Risk
15672132,France,Female,42,121453.63,1,2,0.03,284.98,0.0,0.0,311.24,0.0,0.0,Average,High Risk
15742638,France,Female,25,0.0,2,6,0.03,222.53,0.0,0.0,229.15,0.0,0.0,Below Average,High Risk
15726088,France,Male,40,0.0,1,8,0.03,141.23,0.0,0.0,144.54,0.0,0.0,Below Average,High Risk
15682533,France,Female,39,79259.99,1,10,0.03,328.64,0.0,0.0,334.25,0.0,0.0,Low Value,High Risk
15765694,Spain,Female,59,0.0,1,1,0.39,184.88,0.34,0.42,223.74,93.92,465.74,High Value,Medium Risk
15659486,Germany,Male,34,74309.81,1,3,0.03,249.01,0.0,0.0,264.06,0.0,0.0,Below Average,High Risk
15703820,France,Male,42,133701.07,2,3,3.54,242.72,0.13,0.05,257.43,12.69,126.89,High Value,High Risk
15569410,Germany,Female,33,114430.18,2,12,0.03,256.38,0.0,0.0,260.1,0.0,0.0,Low Value,High Risk
15632256,France,Male,29,127504.57,1,2,0.03,239.11,0.0,0.0,261.48,0.0,0.0,Average,High Risk
15777639,Spain,Female,23,101126.66,2,4,0.03,253.76,0.0,0.0,265.09,0.0,0.0,Below Average,High Risk
15802501,Germany,Male,33,103564.83,2,2,0.03,292.62,0.0,0.0,319.53,0.0,0.01,Above Average,High Risk
15778410,Spain,Female,52,0.0,1,10,2.76,160.83,0.0,0.0,163.78,0.13,0.67,Above Average,High Risk
15670702,France,Male,37,168178.21,2,3,0.03,264.05,0.0,0.0,279.93,0.0,0.01,Above Average,High Risk
15704763,Germany,Female,39,143903.11,1,1,0.39,234.51,0.34,0.42,282.55,118.6,465.74,High Value,Medium Risk
15645544,Germany,Female,30,129753.69,1,1,0.03,269.52,0.0,0.0,324.04,0.1,0.51,Above Average,High Risk
15757646,France,Male,35,0.0,2,3,0.03,173.63,0.0,0.0,184.54,0.0,0.0,Below Average,High Risk
15701121,France,Male,38,110641.18,1,7,1.97,232.16,0.01,0.01,238.03,2.28,11.42,Above Average,High Risk
15796313,France,Female,36,166909.2,2,1,1.57,277.2,0.34,0.12,333.14,41.39,243.4,High Value,Medium Risk
15815660,France,Female,34,154139.45,1,1,0.03,305.47,0.01,0.02,366.64,5.85,29.23,High Value,High Risk
15602844,France,Male,38,97459.06,1,2,0.03,290.11,0.0,0.0,316.81,0.0,0.0,Average,High Risk
15636238,France,Male,40,0.0,2,1,0.03,181.73,0.01,0.02,220.0,3.51,17.54,High Value,High Risk
15770101,Germany,Male,43,112088.04,2,10,0.03,305.75,0.0,0.0,310.99,0.0,0.0,Below Average,High Risk
15645543,France,Female,34,0.0,2,5,0.03,189.23,0.0,0.0,196.14,0.0,0.0,Below Average,High Risk
15596397,France,Female,48,0.0,2,12,0.03,242.63,0.0,0.0,246.16,0.0,0.0,Low Value,High Risk
15684267,Germany,Male,39,84468.67,2,3,0.03,256.16,0.0,0.0,271.6,0.0,0.01,Above Average,High Risk
15689980,Spain,Female,36,118520.26,1,1,1.57,293.82,0.34,0.12,352.83,43.83,257.79,High Value,Medium Risk
15633260,France,Male,37,142663.46,1,1,0.03,257.55,0.01,0.02,309.86,4.94,24.7,High Value,High Risk
15756471,Germany,Male,27,118627.16,2,6,0.03,273.12,0.0,0.0,281.09,0.0,0.0,Below Average,High Risk
15802256,France,Male,28,110976.23,2,3,0.03,207.58,0.0,0.0,220.36,0.0,0.0,Average,High Risk
15725664,France,Female,38,107283.4,1,2,0.03,240.35,0.0,0.0,262.83,0.0,0.0,Average,High Risk
15674851,France,Male,38,0.0,2,2,0.03,185.03,0.0,0.0,202.83,0.0,0.01,Average,High Risk
15701946,France,Male,34,124314.45,1,1,0.03,291.14,0.0,0.0,349.65,0.19,0.95,Above Average,High Risk
15748947,France,Female,41,95858.37,1,7,0.03,272.0,0.0,0.0,278.78,0.0,0.0,Below Average,High Risk
15601008,France,Male,33,0.0,2,3,0.03,239.03,0.0,0.0,253.54,0.0,0.0,Average,High Risk
15642002,France,Female,35,117707.18,2,2,2.36,242.47,0.22,0.09,265.13,24.17,214.93,High Value,High Risk
15693381,Spain,Male,38,135289.33,2,1,0.03,237.1,0.01,0.02,285.62,4.55,22.77,High Value,High Risk
15607691,France,Male,36,174060.46,1,11,0.03,276.28,0.0,0.0,280.62,0.0,0.0,Low Value,High Risk
15589380,Germany,Male,40,114446.84,2,5,0.03,289.99,0.0,0.0,300.14,0.0,0.0,Below Average,High Risk
15725355,France,Female,43,0.0,1,11,0.03,130.13,0.0,0.0,132.37,0.0,0.0,Low Value,High Risk
15773017,Spain,Female,37,0.0,2,10,0.03,227.33,0.0,0.0,231.34,0.0,0.0,Low Value,High Risk
15625641,Germany,Female,74,108071.36,2,5,0.03,314.8,0.0,0.0,325.76,0.0,0.0,Below Average,High Risk
15776467,Spain,Female,35,14262.8,2,3,0.03,272.8,0.0,0.0,289.16,0.0,0.0,Average,High Risk
15746451,Spain,Male,41,102749.72,1,10,0.03,281.17,0.0,0.0,286.03,0.0,0.0,Low Value,High Risk
15777922,Spain,Male,36,161757.87,2,1,0.03,267.09,0.01,0.02,321.16,5.12,25.61,High Value,High Risk
15757648,Germany,Female,35,95698.79,1,7,0.03,279.79,0.0,0.0,286.75,0.0,0.0,Below Average,High Risk
15677173,France,Male,37,124969.13,1,3,0.03,243.17,0.0,0.0,257.9,0.0,0.0,Below Average,High Risk
15764170,Germany,Male,44,93960.35,1,1,1.57,268.87,0.34,0.12,323.27,40.16,236.19,High Value,Medium Risk
15610446,France,Female,51,88308.87,3,2,1.57,289.81,0.23,0.13,316.48,42.22,374.96,High Value,High Risk
15612776,Spain,Female,39,0.0,2,17,0.03,253.43,0.0,0.0,256.02,0.0,0.0,Low Value,High Risk
15794122,France,Female,59,0.0,2,5,0.03,223.58,0.0,0.0,231.6,0.0,0.0,Below Average,High Risk
15774931,France,Male,30,112935.87,1,10,0.03,211.6,0.0,0.0,215.35,0.0,0.0,Low Value,High Risk
15779247,Spain,Female,24,98567.1,1,2,0.03,279.99,0.0,0.0,305.83,0.0,0.0,Average,High Risk
15605263,France,Male,33,140931.57,1,7,0.03,243.07,0.0,0.0,249.19,0.0,0.0,Below Average,High Risk
15607381,Germany,Female,31,148913.72,2,3,0.03,308.54,0.0,0.0,326.86,0.0,0.0,Average,High Risk
15683471,France,Male,38,0.0,2,3,0.03,205.73,0.0,0.0,218.41,0.0,0.0,Average,High Risk
15605037,France,Female,49,0.0,1,2,0.79,243.83,0.23,0.25,266.61,66.44,465.74,High Value,High Risk
15576085,France,Male,41,0.0,2,2,0.03,220.13,0.0,0.0,240.9,0.0,0.01,Above Average,High Risk
15770435,France,Female,50,115335.32,2,10,0.03,267.84,0.0,0.0,272.48,0.0,0.0,Low Value,High Risk
15595221,Germany,Female,33,134678.13,1,2,0.03,332.17,0.0,0.0,362.43,0.0,0.0,Average,High Risk
15637131,France,Male,38,0.0,2,3,0.03,247.13,0.0,0.0,262.08,0.0,0.0,Below Average,High Risk
15613471,Germany,Male,31,90547.48,2,3,0.03,248.22,0.0,0.0,263.23,0.0,0.01,Above Average,High Risk
15583499,France,Male,32,103324.78,1,12,0.03,228.4,0.0,0.0,231.75,0.0,0.0,Low Value,High Risk
15752816,France,Male,29,114590.58,1,1,0.03,235.39,0.0,0.0,283.6,0.32,1.58,Above Average,High Risk
15804075,Germany,Female,36,91286.51,1,1,0.03,262.98,0.0,0.0,316.28,0.35,1.77,Above Average,High Risk
15800517,Spain,Male,32,163340.12,2,8,0.03,268.36,0.0,0.0,274.2,0.0,0.0,Below Average,High Risk
15712319,Spain,Male,45,150900.29,2,13,0.03,292.13,0.0,0.0,295.99,0.0,0.0,Low Value,High Risk
15797389,Spain,Male,23,124577.33,1,12,0.03,257.85,0.0,0.0,261.58,0.0,0.0,Low Value,High Risk
15779390,Spain,Female,31,91292.7,1,5,0.03,329.58,0.0,0.0,341.01,0.0,0.0,Below Average,High Risk
15711219,Germany,Female,57,93716.72,1,11,3.15,319.9,0.0,0.0,324.87,0.11,0.55,Above Average,High Risk
15770498,France,Female,37,111723.08,1,5,0.03,315.33,0.0,0.0,326.3,0.0,0.0,Below Average,High Risk
15678727,Germany,Male,45,110765.68,1,1,1.57,306.87,0.34,0.12,368.3,45.75,269.09,High Value,Medium Risk
15573893,Germany,Male,25,173459.45,2,15,0.03,249.56,0.0,0.0,252.45,0.0,0.0,Low Value,High Risk
15740104,Spain,Female,22,169649.73,2,12,2.76,206.21,0.0,0.0,209.26,0.04,0.18,Above Average,High Risk
15792649,Spain,Female,31,0.0,2,3,0.03,162.53,0.0,0.0,172.83,0.0,0.0,Below Average,High Risk
15605275,Germany,Male,45,116917.07,1,2,3.15,293.73,0.22,0.07,320.73,22.22,197.64,High Value,High Risk
15572467,France,Male,37,0.0,2,8,0.03,150.23,0.0,0.0,153.72,0.0,0.0,Below Average,High Risk
15738219,France,Female,36,0.0,2,12,0.03,188.03,0.0,0.0,190.84,0.0,0.0,Low Value,High Risk
15804394,Germany,Male,32,130627.66,1,2,3.15,275.87,0.22,0.07,301.35,20.87,185.7,High Value,High Risk
15694188,Spain,Female,46,56580.95,2,8,0.03,281.39,0.0,0.0,287.49,0.0,0.0,Below Average,High Risk
15583718,Germany,Male,38,142316.14,1,8,0.03,286.34,0.0,0.0,292.54,0.0,0.0,Below Average,High Risk
15802478,Spain,Male,31,0.0,2,10,0.03,228.53,0.0,0.0,232.56,0.0,0.0,Low Value,High Risk
15619343,France,Male,56,152759.0,2,3,2.76,253.81,0.13,0.06,269.12,16.88,168.78,High Value,High Risk
15761374,France,Male,54,117444.51,1,12,0.03,293.06,0.0,0.0,297.25,0.0,0.0,Low Value,High Risk
15569209,Spain,Female,34,76001.57,1,7,0.03,212.56,0.0,0.0,217.98,0.0,0.0,Below Average,High Risk
15788539,France,Female,34,107747.57,1,1,0.03,225.98,0.0,0.0,272.44,0.3,1.52,Above Average,High Risk
15747222,Spain,Female,35,0.0,2,13,0.03,221.93,0.0,0.0,224.94,0.0,0.0,Low Value,High Risk
15699634,France,Female,48,0.0,2,3,0.03,198.53,0.0,0.0,210.81,0.0,0.0,Average,High Risk
15589076,France,Male,36,0.0,1,12,3.54,219.53,0.0,0.0,222.76,0.03,0.15,Above Average,High Risk
15812338,Spain,Female,30,0.0,1,2,0.03,143.93,0.0,0.0,158.25,0.0,0.0,Average,High Risk
15685844,Germany,Female,35,141665.63,1,11,0.03,232.91,0.0,0.0,236.62,0.0,0.0,Low Value,High Risk
15583090,Spain,Female,29,0.0,2,3,0.03,172.73,0.0,0.0,183.59,0.0,0.0,Average,High Risk
15587581,Germany,Female,33,136624.6,2,8,0.03,312.77,0.0,0.0,319.49,0.0,0.0,Below Average,High Risk
15633640,France,Female,52,161209.66,1,5,0.03,320.57,0.0,0.0,331.71,0.0,0.0,Below Average,High Risk
15573741,Spain,Male,38,95010.92,1,14,0.03,284.24,0.0,0.0,287.73,0.0,0.0,Low Value,High Risk
15633574,France,Female,41,167545.32,1,1,0.03,297.63,0.0,0.0,357.35,0.2,0.98,Above Average,High Risk
15711455,Germany,Female,36,109044.6,1,1,1.57,297.76,0.34,0.12,357.51,44.41,261.2,High Value,Medium Risk
15570601,France,Female,47,122031.55,1,12,3.54,312.01,0.0,0.0,316.46,0.04,0.22,Above Average,High Risk
15709338,France,Female,29,118560.55,1,1,0.03,239.52,0.01,0.02,288.49,4.6,23.0,High Value,High Risk
15780746,France,Male,61,0.0,2,6,0.03,223.68,0.0,0.0,230.33,0.0,0.0,Below Average,High Risk
15681956,France,Male,34,0.0,2,15,0.03,203.63,0.0,0.0,206.04,0.0,0.0,Low Value,High Risk
15778190,Spain,Female,28,97840.72,1,11,0.03,266.74,0.0,0.0,270.94,0.0,0.0,Low Value,High Risk
15786852,Germany,Female,38,158651.29,2,3,0.03,247.76,0.0,0.0,262.74,0.0,0.01,Above Average,High Risk
15726494,France,Male,44,175303.06,1,3,3.54,223.23,0.13,0.05,236.86,11.67,116.75,High Value,High Risk
15641183,Spain,Male,25,96950.21,1,2,0.03,294.28,0.0,0.0,321.33,0.0,0.0,Average,High Risk
15805312,France,Male,45,123859.6,1,10,0.03,258.71,0.0,0.0,263.21,0.0,0.0,Low Value,High Risk
15636572,France,Female,32,0.0,2,12,0.03,226.43,0.0,0.0,229.75,0.0,0.0,Low Value,High Risk
15632575,France,Female,70,0.0,1,12,0.03,191.13,0.0,0.0,193.98,0.0,0.0,Low Value,High Risk
15740164,France,Female,33,85227.84,1,4,0.03,288.62,0.0,0.0,301.36,0.0,0.0,Average,High Risk
15574947,France,Male,36,97786.08,2,13,0.03,271.84,0.0,0.0,275.45,0.0,0.0,Low Value,High Risk
15597909,Germany,Male,33,128135.99,1,2,0.03,272.44,0.0,0.0,297.64,0.0,0.0,Average,High Risk
15782574,Spain,Male,33,0.0,2,2,0.03,185.63,0.0,0.0,203.48,0.0,0.0,Average,High Risk
15706593,Spain,Female,50,0.0,2,17,0.03,253.43,0.0,0.0,256.02,0.0,0.0,Low Value,High Risk
15590268,Spain,Male,35,95772.97,1,7,0.03,233.6,0.0,0.0,239.5,0.0,0.0,Below Average,High Risk
15763055,Spain,Male,31,98108.79,1,7,0.03,246.66,0.0,0.0,252.86,0.0,0.0,Below Average,High Risk
15664754,Germany,Male,39,131607.28,4,20,3.54,269.02,0.0,0.0,271.33,0.0,0.0,Average,High Risk
15643630,Spain,Male,55,63127.41,2,3,3.54,309.37,0.13,0.05,327.73,16.15,161.54,High Value,High Risk
15641043,Spain,Male,35,0.0,2,12,0.03,192.83,0.0,0.0,195.71,0.0,0.0,Low Value,High Risk
15768095,France,Male,31,0.0,1,12,0.03,172.13,0.0,0.0,174.73,0.0,0.0,Low Value,High Risk
15811314,Germany,Female,36,140355.56,2,3,0.03,254.15,0.0,0.0,269.48,0.0,0.0,Average,High Risk
15669922,Spain,Female,36,0.0,2,3,0.03,157.43,0.0,0.0,167.45,0.0,0.0,Average,High Risk
15707114,France,Male,30,0.0,2,3,0.03,247.73,0.0,0.0,262.71,0.0,0.01,Above Average,High Risk
15670602,Germany,Male,24,107418.27,1,10,0.03,312.66,0.0,0.0,318.02,0.0,0.0,Low Value,High Risk
15713479,France,Male,35,0.0,2,2,0.03,195.23,0.0,0.0,213.89,0.0,0.0,Average,High Risk
15663830,Spain,Male,32,0.0,2,10,0.03,167.33,0.0,0.0,170.39,0.0,0.0,Low Value,High Risk
15566958,Spain,Male,39,167557.12,1,10,0.03,278.73,0.0,0.0,283.55,0.0,0.0,Low Value,High Risk
15680918,Spain,Male,34,117300.02,1,2,0.03,260.15,0.0,0.0,284.31,0.0,0.0,Average,High Risk
15663921,France,Male,60,0.0,2,12,0.03,139.63,0.0,0.0,141.8,0.0,0.0,Low Value,High Risk
15716324,France,Female,23,143672.9,1,12,0.03,277.1,0.0,0.0,281.09,0.0,0.0,Low Value,High Risk
15796969,France,Male,33,0.0,2,6,0.03,217.73,0.0,0.0,224.22,0.0,0.0,Below Average,High Risk
15574783,France,Female,37,0.0,2,1,0.03,173.63,0.01,0.02,210.4,3.36,16.78,Above Average,High Risk
15773487,Germany,Female,31,76798.92,1,2,0.03,263.63,0.0,0.0,288.08,0.0,0.0,Average,High Risk
15802486,France,Male,34,0.0,2,5,0.03,144.83,0.0,0.0,150.31,0.0,0.0,Below Average,High Risk
15783398,Spain,Female,49,115309.75,1,2,0.03,236.64,0.0,0.0,258.8,0.0,0.0,Average,High Risk
15649418,France,Female,29,178171.04,2,12,0.03,311.84,0.0,0.0,316.28,0.0,0.0,Low Value,High Risk
15604588,Spain,Female,38,0.0,2,5,0.03,253.43,0.0,0.0,262.41,0.0,0.0,Below Average,High Risk
15629078,Germany,Female,45,127258.79,1,7,1.97,331.79,0.01,0.01,339.94,3.26,16.3,Above Average,High Risk
15806880,Spain,Female,30,0.0,1,8,0.03,186.53,0.0,0.0,190.75,0.0,0.0,Below Average,High Risk
15754999,France,Female,33,0.0,1,11,0.03,169.43,0.0,0.0,172.23,0.0,0.0,Low Value,High Risk
15781034,Spain,Male,67,0.0,2,8,0.03,258.48,0.0,0.0,264.13,0.0,0.0,Below Average,High Risk
15622017,Spain,Female,33,0.0,1,14,0.03,230.33,0.0,0.0,233.21,0.0,0.0,Low Value,High Risk
15705885,Spain,Male,36,0.0,2,3,0.03,224.03,0.0,0.0,237.71,0.0,0.01,Average,High Risk
15677382,Spain,Female,69,107569.96,1,1,0.03,286.92,0.01,0.02,344.66,5.5,27.48,High Value,High Risk
15566843,Germany,Male,20,134874.4,1,12,0.03,237.68,0.0,0.0,241.14,0.0,0.0,Low Value,High Risk
15608387,France,Female,29,0.0,2,1,0.03,234.23,0.0,0.0,282.22,0.15,0.77,Above Average,High Risk
15810786,France,Female,67,0.0,2,5,0.03,205.68,0.0,0.0,213.12,0.0,0.0,Below Average,High Risk
15626983,Spain,Female,48,0.0,2,10,0.03,179.93,0.0,0.0,183.19,0.0,0.0,Low Value,High Risk
15773605,Spain,Female,32,0.0,2,1,0.03,199.43,0.0,0.0,240.98,0.27,1.35,Above Average,High Risk
15590606,France,Male,41,0.0,2,3,0.03,176.93,0.0,0.0,188.03,0.0,0.0,Below Average,High Risk
15576644,Germany,Female,29,78939.15,1,1,1.57,279.71,0.34,0.12,336.11,41.75,245.57,High Value,Medium Risk
15750264,Germany,Male,30,105128.85,2,10,0.03,302.62,0.0,0.0,307.82,0.0,0.0,Below Average,High Risk
15741554,Spain,Male,31,113836.27,1,2,0.03,299.85,0.0,0.0,327.37,0.04,0.22,Above Average,High Risk
15769051,Spain,Male,25,0.0,1,10,0.03,149.33,0.0,0.0,152.1,0.0,0.0,Low Value,High Risk
15699772,Germany,Female,40,129248.11,2,1,1.18,205.3,0.34,0.16,247.93,40.19,236.22,High Value,Medium Risk
15744105,France,Female,28,109118.05,2,5,0.03,306.17,0.0,0.0,316.85,0.0,0.0,Below Average,High Risk
15739858,France,Male,56,0.0,1,10,2.76,191.33,0.0,0.0,194.77,0.16,0.79,Above Average,High Risk
15723720,France,Female,31,0.0,2,12,0.03,175.73,0.0,0.0,178.38,0.0,0.0,Low Value,High Risk
15638355,France,Female,35,126397.66,1,1,1.97,274.15,0.34,0.1,329.52,33.19,195.28,High Value,Medium Risk
15805637,France,Male,36,108546.16,3,4,3.54,263.23,0.07,0.03,274.95,9.0,44.98,High Value,High Risk
15586243,France,Male,44,122277.87,1,11,0.03,276.63,0.0,0.0,280.97,0.0,0.0,Low Value,High Risk
15757931,France,Male,24,0.0,2,1,0.03,239.63,0.0,0.0,288.62,0.32,1.61,Above Average,High Risk
15716023,France,Male,31,0.0,2,1,0.03,206.33,0.01,0.02,249.16,3.97,19.86,High Value,High Risk
15647782,Germany,Male,36,152899.24,2,3,0.03,296.72,0.0,0.0,314.39,0.0,0.0,Average,High Risk
15716609,Germany,Male,54,134388.11,1,1,1.18,227.36,0.34,0.16,274.07,44.43,261.13,High Value,Medium Risk
15623791,Spain,Female,40,109740.62,1,1,0.03,265.41,0.0,0.0,319.16,0.36,1.78,Above Average,High Risk
15627262,Germany,Male,23,92366.72,2,2,0.03,235.46,0.0,0.0,257.52,0.0,0.0,Average,High Risk
15652693,France,Female,26,129109.02,1,1,1.57,248.79,0.34,0.12,299.47,37.2,218.8,High Value,Medium Risk
15586993,Spain,Female,56,0.0,2,8,0.03,202.43,0.0,0.0,206.96,0.0,0.0,Below Average,High Risk
15815560,Germany,Male,74,105102.5,1,10,0.03,305.32,0.0,0.0,310.56,0.0,0.0,Low Value,High Risk
15584930,Germany,Male,30,111375.32,2,2,0.03,293.7,0.0,0.0,320.7,0.0,0.01,Above Average,High Risk
15799031,France,Male,39,0.0,2,1,0.03,155.33,0.0,0.0,188.72,0.21,1.05,Above Average,High Risk
15810457,Germany,Female,33,150412.14,2,3,0.03,296.31,0.0,0.0,313.95,0.0,0.0,Average,High Risk
15697879,France,Male,30,156660.72,2,1,0.03,288.48,0.0,0.0,346.5,0.39,1.94,Above Average,High Risk
15594902,France,Male,38,90957.81,1,4,0.03,229.95,0.0,0.0,240.31,0.0,0.0,Average,High Risk
15799710,France,Male,37,104960.46,1,10,0.03,297.21,0.0,0.0,302.32,0.0,0.0,Low Value,High Risk
15659651,Germany,Female,31,117052.82,1,2,2.76,235.54,0.22,0.08,257.61,20.28,180.37,High Value,High Risk
15645956,Spain,Male,44,88915.85,1,1,0.03,210.0,0.0,0.0,253.5,0.28,1.42,Above Average,High Risk
15651713,France,Male,45,148071.39,1,2,0.03,283.0,0.0,0.0,309.09,0.0,0.0,Average,High Risk
15737265,Germany,Male,39,152182.83,1,2,0.03,296.39,0.0,0.0,323.61,0.0,0.0,Average,High Risk
15687310,Spain,Male,39,0.0,2,3,0.03,233.33,0.0,0.0,247.52,0.0,0.0,Below Average,High Risk
15607347,France,Male,22,130056.23,1,1,1.97,297.14,0.34,0.1,356.77,35.94,211.42,High Value,Medium Risk
15698321,Germany,Male,34,95039.73,2,5,0.03,269.25,0.0,0.0,278.74,0.0,0.0,Below Average,High Risk
15657812,France,Male,52,0.0,2,1,0.03,207.33,0.01,0.02,250.34,3.99,19.96,High Value,High Risk
15569187,Spain,Male,35,0.0,2,3,0.03,202.43,0.0,0.0,214.93,0.0,0.0,Below Average,High Risk
15681562,France,Female,43,112773.73,2,3,0.03,230.79,0.0,0.0,244.84,0.0,0.01,Average,High Risk
15615456,France,Female,37,123806.28,1,3,3.94,280.61,0.13,0.04,297.4,13.24,132.42,High Value,High Risk
15589793,France,Male,53,144453.75,1,2,3.15,262.59,0.22,0.07,286.95,19.88,176.82,High Value,High Risk
15781884,Germany,Male,27,94667.29,2,15,0.03,262.02,0.0,0.0,265.04,0.0,0.0,Low Value,High Risk
15675190,France,Male,21,0.0,2,17,0.03,185.33,0.0,0.0,187.28,0.0,0.0,Low Value,High Risk
15600734,Spain,Male,51,174397.21,2,8,0.03,267.34,0.0,0.0,273.17,0.0,0.0,Below Average,High Risk
15779176,Germany,Female,58,108888.24,3,6,1.18,255.25,0.02,0.03,262.74,7.75,38.75,High Value,High Risk
15605286,France,Male,55,118803.35,2,6,1.57,252.08,0.02,0.02,259.49,5.89,29.46,High Value,High Risk
15674922,France,Male,54,171137.62,1,8,2.36,296.77,0.0,0.0,303.18,1.23,6.14,Above Average,High Risk
15737506,France,Male,42,0.0,1,2,0.03,191.93,0.0,0.0,210.31,0.0,0.0,Average,High Risk
15780514,France,Male,33,136678.52,1,2,0.03,289.37,0.0,0.0,316.0,0.0,0.0,Average,High Risk
15668472,Spain,Female,24,177799.83,2,2,0.03,290.52,0.0,0.0,317.25,0.0,0.01,Above Average,High Risk
15692416,Spain,Female,52,143542.36,3,4,3.15,187.5,0.07,0.04,196.13,7.18,35.92,High Value,High Risk
15771139,Germany,Male,34,147487.23,2,3,0.03,251.18,0.0,0.0,266.35,0.0,0.0,Average,High Risk
15738318,France,Female,40,97764.41,1,1,1.97,315.04,0.34,0.1,377.98,38.07,223.99,High Value,Medium Risk
15772243,France,Female,33,0.0,1,3,3.54,182.03,0.13,0.05,193.41,9.53,95.33,High Value,High Risk
15638463,Germany,Female,48,139480.18,1,11,0.03,281.7,0.0,0.0,286.12,0.0,0.0,Low Value,High Risk
15598088,Spain,Male,25,0.0,2,8,0.03,166.13,0.0,0.0,169.94,0.0,0.0,Below Average,High Risk
15693468,Spain,Female,39,140553.46,1,3,0.03,223.86,0.0,0.0,237.52,0.0,0.0,Below Average,High Risk
15671930,France,Female,36,0.0,2,8,0.03,213.53,0.0,0.0,218.28,0.0,0.0,Below Average,High Risk
15762268,France,Female,41,141162.08,1,3,0.03,277.28,0.0,0.0,293.89,0.0,0.0,Below Average,High Risk
15780954,Spain,Male,26,65848.36,2,1,0.03,247.0,0.0,0.0,297.35,0.16,0.81,Above Average,High Risk
15635728,France,Male,41,0.0,2,1,0.03,206.33,0.0,0.0,249.16,0.14,0.68,Above Average,High Risk
15679283,France,Female,33,129731.64,2,1,0.03,285.12,0.0,0.0,342.53,0.19,0.94,Above Average,High Risk
15591386,France,Female,35,0.0,2,2,0.03,185.03,0.0,0.0,202.83,0.0,0.01,Average,High Risk
15694192,Spain,Female,38,0.0,2,2,0.03,177.83,0.0,0.0,195.02,0.0,0.0,Average,High Risk
15792329,Germany,Male,37,107106.33,2,2,0.03,223.84,0.0,0.0,244.92,0.0,0.01,Above Average,High Risk
15635597,France,Male,33,0.0,2,13,0.03,191.63,0.0,0.0,194.27,0.0,0.0,Low Value,High Risk
15775880,France,Female,30,0.0,2,15,0.03,164.63,0.0,0.0,166.63,0.0,0.0,Low Value,High Risk
15630913,Spain,Female,69,105303.73,1,1,0.03,242.08,0.01,0.02,291.52,4.65,23.24,High Value,High Risk
15756680,France,Male,28,165798.1,1,2,0.03,278.66,0.0,0.0,304.38,0.0,0.0,Average,High Risk
15587913,Spain,Female,40,0.0,2,1,0.03,222.83,0.0,0.0,268.71,0.15,0.73,Above Average,High Risk
15737605,Spain,Female,45,126495.57,2,1,0.03,236.05,0.01,0.02,284.38,4.53,22.67,High Value,High Risk
15627876,Spain,Female,47,116393.59,1,3,3.54,291.9,0.13,0.05,309.3,15.25,152.46,High Value,High Risk
15758606,France,Male,54,0.0,1,5,1.57,224.83,0.03,0.04,232.89,9.67,48.33,High Value,High Risk
15657107,Spain,Female,46,106171.68,1,2,3.15,244.49,0.22,0.07,267.31,18.52,164.72,High Value,High Risk
15775803,Spain,Male,41,0.0,2,1,0.03,250.73,0.01,0.02,301.77,4.81,24.06,High Value,High Risk
15570859,Germany,Male,36,181671.16,2,3,0.03,266.97,0.0,0.0,283.0,0.0,0.01,Above Average,High Risk
15748381,France,Female,29,185709.28,2,10,0.03,263.21,0.0,0.0,267.79,0.0,0.0,Low Value,High Risk
15787189,Germany,Male,60,134250.17,3,4,3.15,336.85,0.07,0.04,351.55,12.88,64.39,High Value,High Risk
15666055,France,Female,49,0.0,1,2,2.76,209.93,0.22,0.08,229.84,18.09,160.93,High Value,High Risk
15617648,France,Female,44,95671.75,2,8,0.03,250.09,0.0,0.0,255.57,0.0,0.0,Below Average,High Risk
15624781,France,Female,34,142151.75,2,1,0.03,279.13,0.01,0.02,335.43,5.35,26.74,High Value,High Risk
15779497,France,Male,43,127823.93,1,7,0.03,257.72,0.0,0.0,264.18,0.0,0.0,Below Average,High Risk
15567399,Germany,Male,43,144164.29,1,4,0.03,267.52,0.0,0.0,279.41,0.0,0.0,Average,High Risk
15613656,France,Male,58,63492.94,1,1,0.03,334.76,0.01,0.02,401.35,6.4,32.0,High Value,High Risk
15734311,France,Female,27,0.0,2,5,0.03,196.73,0.0,0.0,203.88,0.0,0.0,Below Average,High Risk
15657214,France,Male,74,0.0,2,3,0.03,208.73,0.0,0.0,221.57,0.0,0.01,Average,High Risk
15729970,Germany,Male,29,127269.75,1,11,0.03,281.99,0.0,0.0,286.42,0.0,0.0,Low Value,High Risk
15725835,Germany,Female,32,124493.03,2,5,1.18,312.15,0.03,0.05,323.02,17.42,87.11,High Value,High Risk
15745543,France,Male,39,0.0,2,3,0.03,204.53,0.0,0.0,217.14,0.0,0.0,Average,High Risk
15727384,Germany,Female,43,146547.78,1,14,3.94,289.23,0.0,0.0,292.78,0.01,0.04,Above Average,High Risk
15666916,France,Male,43,99610.92,2,2,0.03,266.86,0.0,0.0,291.58,0.0,0.0,Average,High Risk
15732917,Germany,Male,46,117837.43,1,1,1.97,294.98,0.34,0.1,354.21,35.68,209.91,High Value,Medium Risk
15612050,Spain,Female,48,168522.37,1,11,0.03,245.47,0.0,0.0,249.36,0.0,0.0,Low Value,High Risk
15726267,France,Male,32,117337.54,2,15,0.03,247.25,0.0,0.0,250.12,0.0,0.0,Low Value,High Risk
15780124,France,Male,74,108131.53,1,12,0.03,358.01,0.0,0.0,363.06,0.0,0.0,Low Value,High Risk
15742238,Germany,Male,35,136496.12,2,1,0.03,288.76,0.0,0.0,346.84,0.19,0.95,Above Average,High Risk
15679024,France,Male,32,116324.53,1,1,0.03,242.09,0.0,0.0,291.54,0.33,1.63,Above Average,High Risk
15715297,Germany,Female,40,75470.23,1,2,0.03,307.01,0.0,0.0,335.14,0.04,0.22,Above Average,High Risk
15633612,France,Male,28,172646.82,1,5,0.03,287.63,0.0,0.0,297.71,0.0,0.0,Below Average,High Risk
15602929,Spain,Female,37,0.0,1,1,0.03,216.83,0.0,0.0,261.6,0.14,0.71,Above Average,High Risk
15696703,Germany,Male,27,160358.68,2,1,0.03,285.63,0.0,0.0,343.13,0.38,1.92,Above Average,High Risk
15756668,France,Male,30,98415.37,1,4,0.03,286.88,0.0,0.0,299.55,0.0,0.0,Average,High Risk
15565779,Germany,Female,30,57809.32,1,2,0.03,259.63,0.0,0.0,283.74,0.0,0.0,Average,High Risk
15795519,Germany,Female,18,128743.8,1,1,0.03,291.67,0.0,0.0,350.29,0.39,1.96,Above Average,High Risk
15761477,Germany,Male,24,130806.42,2,1,0.03,227.28,0.0,0.0,273.98,0.15,0.75,Above Average,High Risk
15731890,France,Male,41,123971.16,1,1,0.03,256.92,0.01,0.02,309.1,4.93,24.64,High Value,High Risk
15633043,Spain,Female,39,0.0,1,2,2.36,161.93,0.22,0.09,177.77,16.21,144.11,High Value,High Risk
15752953,France,Male,45,0.0,2,3,0.03,188.63,0.0,0.0,200.37,0.0,0.0,Below Average,High Risk
15603088,Spain,Female,23,0.0,2,15,0.03,133.73,0.0,0.0,135.4,0.0,0.0,Low Value,High Risk
15606613,France,Female,59,0.0,1,2,2.76,206.18,0.22,0.08,225.77,17.77,158.08,High Value,High Risk
15635939,France,Female,39,0.0,2,3,0.03,135.83,0.0,0.0,144.67,0.0,0.0,Below Average,High Risk
15666043,France,Male,33,156297.58,2,6,0.03,234.16,0.0,0.0,241.09,0.0,0.0,Below Average,High Risk
15746190,Spain,Female,28,0.0,2,3,0.03,185.63,0.0,0.0,197.2,0.0,0.0,Average,High Risk
15591357,France,Male,51,123372.3,1,4,0.03,307.34,0.0,0.0,320.84,0.0,0.0,Average,High Risk
15658716,Germany,Female,37,92171.35,3,2,1.97,274.74,0.23,0.11,300.13,32.51,288.91,High Value,High Risk
15679909,Spain,Male,41,0.0,2,3,0.03,197.93,0.0,0.0,210.18,0.0,0.0,Average,High Risk
15634262,Germany,Male,34,148375.19,2,6,0.03,290.52,0.0,0.0,298.95,0.0,0.0,Below Average,High Risk
15799825,France,Female,44,0.0,2,13,0.03,173.33,0.0,0.0,175.75,0.0,0.0,Low Value,High Risk
15756875,Spain,Male,34,147422.44,1,8,0.03,312.37,0.0,0.0,319.09,0.0,0.0,Below Average,High Risk
15678146,Spain,Female,24,173962.32,1,2,2.76,279.28,0.22,0.08,305.05,24.02,213.59,High Value,High Risk
15595831,Germany,Female,64,145215.43,1,8,0.03,268.87,0.0,0.0,274.73,0.0,0.0,Below Average,High Risk
15626684,France,Female,38,167539.97,1,7,0.03,242.73,0.0,0.0,248.84,0.0,0.0,Below Average,High Risk
15635459,Germany,Female,27,106116.5,2,1,0.03,275.68,0.0,0.0,331.34,0.37,1.85,Above Average,High Risk
15642544,France,Male,34,0.0,2,8,0.03,215.33,0.0,0.0,220.12,0.0,0.0,Below Average,High Risk
15655238,France,Female,31,0.0,2,3,0.03,198.83,0.0,0.0,211.13,0.0,0.0,Below Average,High Risk
15733429,Germany,Male,34,120018.86,2,13,0.03,232.4,0.0,0.0,235.53,0.0,0.0,Low Value,High Risk
15771702,France,Female,35,166118.45,2,2,0.03,248.67,0.0,0.0,271.85,0.0,0.01,Above Average,High Risk
15723008,France,Female,45,102882.4,2,1,0.39,291.38,0.34,0.42,349.94,146.89,465.74,High Value,Medium Risk
15797160,France,Female,49,0.0,1,11,3.15,146.03,0.0,0.0,148.5,0.05,0.25,Above Average,High Risk
15644765,Germany,Male,26,120727.97,1,5,0.03,283.14,0.0,0.0,293.08,0.0,0.0,Below Average,High Risk
15610686,France,Male,63,169832.57,1,2,3.15,349.97,0.22,0.07,381.73,26.44,235.23,High Value,High Risk
15730868,France,Male,41,0.0,2,8,0.03,222.53,0.0,0.0,227.46,0.0,0.0,Below Average,High Risk
15705991,Germany,Male,38,113599.42,1,3,0.03,216.74,0.0,0.0,230.01,0.0,0.0,Below Average,High Risk
15577078,Spain,Male,38,0.0,1,8,2.36,160.13,0.0,0.0,163.82,0.66,3.32,Above Average,High Risk
15679550,France,Male,32,0.0,2,3,0.03,221.33,0.0,0.0,234.86,0.0,0.0,Below Average,High Risk
15787655,France,Male,47,0.0,2,1,0.03,210.53,0.0,0.0,254.13,0.28,1.42,Above Average,High Risk
15668081,Spain,Female,50,0.0,2,6,0.03,172.73,0.0,0.0,178.02,0.0,0.0,Below Average,High Risk
15747980,Spain,Male,38,146282.79,2,2,0.03,298.82,0.0,0.0,326.25,0.0,0.0,Average,High Risk
15710295,Germany,Female,38,119413.62,2,2,0.03,209.87,0.0,0.0,229.77,0.0,0.0,Average,High Risk
15724443,Germany,Female,29,122084.63,1,4,0.03,287.42,0.0,0.0,300.11,0.0,0.0,Average,High Risk
15569503,France,Male,44,0.0,2,10,0.03,227.93,0.0,0.0,231.95,0.0,0.0,Low Value,High Risk
15581840,France,Male,33,0.0,2,3,0.03,186.23,0.0,0.0,197.84,0.0,0.0,Average,High Risk
15772262,Germany,Male,37,110483.86,1,12,0.03,239.35,0.0,0.0,242.84,0.0,0.0,Low Value,High Risk
15767794,France,Male,31,120718.28,1,12,0.03,299.64,0.0,0.0,303.92,0.0,0.0,Low Value,High Risk
15790379,Germany,Male,28,108601.0,1,11,0.03,264.44,0.0,0.0,268.61,0.0,0.0,Low Value,High Risk
15750684,France,Female,42,0.0,1,1,1.57,214.13,0.34,0.12,258.4,32.1,188.79,High Value,Medium Risk
15697214,Spain,Female,36,0.0,2,8,0.03,204.23,0.0,0.0,208.8,0.0,0.0,Below Average,High Risk
15711015,France,Male,36,0.0,2,6,0.03,221.33,0.0,0.0,227.92,0.0,0.0,Below Average,High Risk
15573309,Spain,Female,48,0.0,2,3,0.03,186.23,0.0,0.0,197.84,0.0,0.0,Average,High Risk
15741385,Germany,Male,45,108231.37,1,12,0.03,288.71,0.0,0.0,292.85,0.0,0.0,Low Value,High Risk
15780254,France,Male,40,0.0,1,2,2.36,194.63,0.22,0.09,213.24,19.44,172.86,High Value,High Risk
15744843,Spain,Female,34,144855.34,1,2,0.03,248.36,0.0,0.0,271.51,0.0,0.0,Average,High Risk
15815626,France,Male,63,68432.45,2,3,0.79,280.91,0.13,0.2,297.71,58.83,465.74,High Value,High Risk
15784736,France,Male,45,136855.24,1,2,0.03,245.88,0.0,0.0,268.83,0.0,0.0,Average,High Risk
15813412,France,Female,55,44020.89,1,1,1.18,292.27,0.34,0.16,350.99,56.89,334.42,High Value,Medium Risk
15809143,Germany,Male,32,133060.63,1,12,0.03,213.89,0.0,0.0,217.04,0.0,0.0,Low Value,High Risk
15617617,Spain,Male,39,0.0,2,12,0.03,241.73,0.0,0.0,245.25,0.0,0.0,Low Value,High Risk
15779738,France,Male,24,0.0,1,1,0.03,158.63,0.01,0.02,192.63,3.07,15.36,Above Average,High Risk
15668669,France,Female,36,97665.61,1,1,1.97,201.93,0.34,0.1,243.94,24.57,144.56,High Value,Medium Risk
15687477,Germany,Male,28,185013.02,1,1,0.03,257.49,0.0,0.0,309.78,0.1,0.48,Above Average,High Risk
15687658,France,Female,52,65971.61,2,3,2.76,289.71,0.13,0.06,307.0,19.25,192.53,High Value,High Risk
15615020,Germany,Female,41,150463.11,2,15,0.03,256.41,0.0,0.0,259.37,0.0,0.0,Low Value,High Risk
15602551,Spain,Male,39,0.0,2,3,0.03,198.53,0.0,0.0,210.81,0.0,0.0,Below Average,High Risk
15672945,France,Female,37,136425.18,1,1,0.03,275.56,0.0,0.0,331.19,0.1,0.52,Above Average,High Risk
15757408,Spain,Male,38,250898.09,3,6,1.18,277.82,0.02,0.03,285.91,8.43,42.17,High Value,High Risk
15806132,France,Male,55,146798.81,1,5,0.03,250.5,0.0,0.0,259.38,0.0,0.0,Below Average,High Risk
15673578,Germany,Female,40,128486.91,2,3,0.03,260.16,0.0,0.0,275.82,0.0,0.0,Average,High Risk
15757916,France,Female,38,0.0,2,15,0.03,178.43,0.0,0.0,180.57,0.0,0.0,Low Value,High Risk
15689168,Spain,Male,37,143407.29,2,1,0.03,236.89,0.01,0.02,285.37,4.55,22.75,High Value,High Risk
15593295,France,Male,57,76165.65,1,8,0.03,246.52,0.0,0.0,251.93,0.0,0.0,Below Average,High Risk
15804814,France,Male,40,0.0,2,1,0.03,226.13,0.0,0.0,272.62,0.15,0.74,Above Average,High Risk
15778934,Spain,Female,49,0.0,2,13,0.03,201.83,0.0,0.0,204.59,0.0,0.0,Low Value,High Risk
15802351,Germany,Female,33,90560.3,2,10,0.03,301.03,0.0,0.0,306.2,0.0,0.0,Below Average,High Risk
15630241,France,Male,61,62391.22,1,4,0.03,263.99,0.0,0.0,275.73,0.0,0.0,Average,High Risk
15719561,France,Male,42,0.0,3,2,0.03,228.83,0.0,0.0,250.34,0.0,0.01,Above Average,High Risk
15615096,France,Female,31,0.0,2,12,0.03,146.03,0.0,0.0,148.29,0.0,0.0,Low Value,High Risk
15714586,Spain,Female,42,99836.47,1,4,0.03,268.98,0.0,0.0,280.92,0.0,0.0,Average,High Risk
15634949,Germany,Male,74,161434.36,2,8,0.03,286.28,0.0,0.0,292.48,0.0,0.0,Below Average,High Risk
15589224,Spain,Male,41,0.0,2,8,0.03,177.23,0.0,0.0,181.26,0.0,0.0,Below Average,High Risk
15795990,Germany,Female,48,138311.76,1,14,3.94,293.95,0.0,0.0,297.55,0.01,0.04,Above Average,High Risk
15603216,France,Male,25,0.0,2,3,0.03,191.03,0.0,0.0,202.9,0.0,0.0,Average,High Risk
15631201,Spain,Female,28,0.0,2,1,0.03,140.03,0.0,0.0,170.59,0.09,0.47,Above Average,High Risk
15686255,Germany,Male,35,101744.84,1,2,0.03,296.7,0.0,0.0,323.95,0.0,0.0,Average,High Risk
15746594,Spain,Male,33,0.0,1,2,0.03,218.03,0.0,0.0,238.62,0.0,0.0,Average,High Risk
15718893,Germany,Female,54,125456.07,1,1,1.57,202.9,0.34,0.12,245.09,30.45,179.07,High Value,Medium Risk
15671609,France,Male,44,0.0,2,3,0.03,208.73,0.0,0.0,221.57,0.0,0.0,Average,High Risk
15652540,France,Male,31,0.0,2,3,0.03,203.33,0.0,0.0,215.87,0.0,0.0,Average,High Risk
15774857,France,Female,27,0.0,2,3,2.76,136.43,0.13,0.06,145.3,9.11,91.12,High Value,High Risk
15791836,France,Male,29,0.0,2,2,0.03,205.43,0.0,0.0,224.95,0.0,0.01,Above Average,High Risk
15651554,Germany,Female,54,118449.21,1,5,1.57,266.71,0.03,0.04,276.12,11.46,57.31,High Value,High Risk
15583576,France,Male,30,0.0,1,2,0.03,199.73,0.0,0.0,218.77,0.03,0.15,Above Average,High Risk
15732740,Spain,Female,32,178095.55,1,3,0.03,308.53,0.0,0.0,326.85,0.0,0.0,Average,High Risk
15603851,France,Male,32,127785.17,4,4,2.76,288.02,0.07,0.04,300.74,12.52,62.58,High Value,High Risk
15777923,France,Female,45,0.0,2,10,0.03,161.63,0.0,0.0,164.59,0.0,0.0,Low Value,High Risk
15735719,France,Female,40,0.0,2,15,0.03,235.43,0.0,0.0,238.17,0.0,0.0,Low Value,High Risk
15703482,Germany,Male,34,134260.36,2,3,0.03,290.15,0.0,0.0,307.46,0.0,0.0,Average,High Risk
15605835,France,Male,37,69143.91,2,13,0.03,295.63,0.0,0.0,299.53,0.0,0.0,Low Value,High Risk
15664881,France,Male,34,100054.77,1,1,0.03,285.79,0.0,0.0,343.32,0.19,0.94,Above Average,High Risk
15757568,France,Female,45,0.0,1,8,0.03,209.63,0.0,0.0,214.31,0.0,0.0,Below Average,High Risk
15599722,Spain,Female,43,86053.52,2,10,2.36,256.88,0.0,0.0,261.36,0.25,1.23,Above Average,High Risk
15726354,France,Female,32,123157.95,1,2,0.03,282.97,0.0,0.0,309.06,0.0,0.0,Average,High Risk
15704284,Germany,Male,57,95295.39,1,3,3.54,304.41,0.13,0.05,322.51,15.9,158.96,High Value,High Risk
15621893,France,Male,18,133550.67,1,5,0.03,295.21,0.0,0.0,305.54,0.0,0.0,Below Average,High Risk
15688619,Spain,Male,45,105266.32,2,5,0.03,290.93,0.0,0.0,301.12,0.0,0.0,Below Average,High Risk
15616931,France,Male,41,102768.42,1,2,0.03,271.27,0.0,0.0,296.37,0.0,0.0,Average,High Risk
15758372,France,Male,18,0.0,2,12,2.76,200.63,0.0,0.0,203.61,0.04,0.18,Above Average,High Risk
15782591,France,Male,35,112689.95,1,2,0.03,282.98,0.0,0.0,309.07,0.0,0.0,Average,High Risk
15612109,France,Male,38,122334.26,2,15,0.03,322.23,0.0,0.0,325.88,0.0,0.0,Low Value,High Risk
15639322,Spain,Male,33,137847.41,2,1,0.03,267.23,0.0,0.0,321.32,0.18,0.88,Above Average,High Risk
15594349,France,Male,49,122486.47,1,7,0.03,331.54,0.0,0.0,339.68,0.0,0.0,Below Average,High Risk
15574167,France,Male,33,101286.11,1,2,0.03,274.77,0.0,0.0,300.17,0.04,0.2,Above Average,High Risk
15811842,Spain,Male,26,0.0,2,12,0.03,187.43,0.0,0.0,190.23,0.0,0.0,Low Value,High Risk
15648794,Spain,Male,57,101247.06,1,1,1.57,334.82,0.34,0.12,401.42,49.87,293.29,High Value,Medium Risk
15771211,France,Male,38,86977.96,1,14,0.03,274.66,0.0,0.0,278.04,0.0,0.0,Low Value,High Risk
15588614,France,Male,57,0.0,1,2,2.76,233.08,0.22,0.08,254.95,20.07,178.51,High Value,High Risk
15630698,France,Female,55,110123.59,1,12,3.54,305.58,0.0,0.0,309.94,0.04,0.22,Above Average,High Risk
15694200,France,Male,36,178111.82,1,2,3.15,286.93,0.22,0.07,313.36,21.71,193.1,High Value,High Risk
15721426,Germany,Male,65,126306.64,3,5,3.94,277.29,0.03,0.02,287.04,5.01,25.05,High Value,High Risk
15725997,France,Female,35,100768.77,1,2,0.03,273.24,0.0,0.0,298.5,0.0,0.0,Average,High Risk
15762138,France,Male,42,0.0,2,2,0.03,180.83,0.0,0.0,198.27,0.0,0.01,Average,High Risk
15750649,France,Female,44,0.0,2,5,0.03,221.63,0.0,0.0,229.59,0.0,0.0,Below Average,High Risk
15685706,France,Female,40,118991.79,1,10,0.03,295.65,0.0,0.0,300.73,0.0,0.0,Low Value,High Risk
15641835,France,Male,72,140997.26,1,4,0.03,309.88,0.0,0.0,323.48,0.0,0.0,Average,High Risk
15586821,France,Male,28,0.0,2,8,0.03,216.53,0.0,0.0,221.34,0.0,0.0,Below Average,High Risk
15569678,Germany,Male,32,166824.59,1,2,0.03,246.9,0.0,0.0,269.93,0.0,0.0,Average,High Risk
15667554,France,Male,35,0.0,2,10,0.03,179.93,0.0,0.0,183.19,0.0,0.0,Low Value,High Risk
15794479,Spain,Male,77,149083.7,1,11,0.03,341.7,0.0,0.0,346.98,0.0,0.0,Low Value,High Risk
15585041,France,Male,33,0.0,2,12,0.03,151.73,0.0,0.0,154.06,0.0,0.0,Low Value,High Risk
15780650,France,Male,40,0.0,1,12,0.03,198.53,0.0,0.0,201.48,0.0,0.0,Low Value,High Risk
15780846,France,Male,33,126588.81,2,1,0.03,312.86,0.01,0.02,375.4,5.99,29.93,High Value,High Risk
15621629,Germany,Male,43,81844.91,2,13,0.03,305.75,0.0,0.0,309.77,0.0,0.0,Low Value,High Risk
15662151,France,Male,40,0.0,1,5,0.03,164.63,0.0,0.0,170.75,0.0,0.0,Below Average,High Risk
15747174,Germany,Male,58,190298.89,2,15,0.03,247.28,0.0,0.0,250.14,0.0,0.0,Low Value,High Risk
15651585,Germany,Male,35,117212.18,1,2,0.03,274.54,0.0,0.0,299.92,0.04,0.2,Above Average,High Risk
15633108,France,Male,26,139848.17,1,1,0.03,271.22,0.0,0.0,326.05,0.18,0.89,Above Average,High Risk
15769254,Germany,Female,34,101861.36,2,3,0.03,302.41,0.0,0.0,320.39,0.0,0.0,Average,High Risk
15704746,Spain,Male,35,167455.66,2,3,0.03,288.32,0.0,0.0,305.53,0.0,0.01,Above Average,High Risk
15637644,France,Female,24,0.0,2,6,0.03,198.53,0.0,0.0,204.51,0.0,0.0,Below Average,High Risk
15787459,Spain,Male,40,88466.82,1,1,0.03,297.87,0.0,0.0,357.63,0.4,2.0,Above Average,High Risk
15762902,France,Female,42,0.0,2,12,0.03,193.13,0.0,0.0,196.01,0.0,0.0,Low Value,High Risk
15738605,Germany,Female,46,123642.36,1,7,1.97,266.8,0.01,0.01,273.46,2.62,13.12,Above Average,High Risk
15724889,Spain,Male,38,0.0,1,12,0.03,197.93,0.0,0.0,200.87,0.0,0.0,Low Value,High Risk
15730735,France,Male,38,72286.84,2,15,0.03,286.92,0.0,0.0,290.2,0.0,0.0,Low Value,High Risk
15730397,Spain,Male,40,109681.61,1,1,0.03,297.5,0.01,0.02,357.2,5.7,28.48,High Value,High Risk
15762169,Germany,Male,37,145018.64,2,3,3.54,244.46,0.13,0.05,259.26,12.78,127.79,High Value,High Risk
15589320,Spain,Male,34,0.0,1,11,0.03,208.13,0.0,0.0,211.49,0.0,0.0,Low Value,High Risk
15799211,Spain,Female,32,187487.63,1,11,0.03,291.78,0.0,0.0,296.34,0.0,0.0,Low Value,High Risk
15798310,France,Male,35,165692.91,1,2,0.03,222.55,0.0,0.0,243.52,0.03,0.16,Above Average,High Risk
15609998,Germany,Female,59,137648.41,1,1,1.97,298.57,0.34,0.1,358.46,36.11,212.43,High Value,Medium Risk
15583548,Spain,Female,47,118560.0,1,2,2.36,233.82,0.22,0.09,255.75,23.32,207.32,High Value,High Risk
15761763,France,Male,33,164385.53,1,2,0.03,332.0,0.0,0.0,362.24,0.0,0.0,Average,High Risk
15764409,France,Male,37,108286.5,1,12,0.03,259.62,0.0,0.0,263.37,0.0,0.0,Low Value,High Risk
15710161,France,Female,34,0.0,2,3,0.03,253.43,0.0,0.0,268.73,0.0,0.01,Above Average,High Risk
15735246,Spain,Female,58,0.0,2,3,3.54,247.83,0.13,0.05,262.82,12.95,129.54,High Value,High Risk
15791700,Germany,Male,47,118079.47,4,4,0.79,308.19,0.07,0.13,321.73,42.08,210.41,High Value,High Risk
15670753,Spain,Male,35,127283.78,1,2,0.03,260.99,0.0,0.0,285.22,0.04,0.19,Above Average,High Risk
15573876,Spain,Male,48,0.0,2,3,0.03,140.33,0.0,0.0,149.42,0.0,0.0,Below Average,High Risk
15770174,France,Male,29,141389.06,1,2,0.03,306.1,0.0,0.0,334.14,0.0,0.0,Average,High Risk
15641114,France,Male,37,130091.5,1,11,0.03,287.24,0.0,0.0,291.74,0.0,0.0,Low Value,High Risk
15682435,France,Male,35,143744.77,2,1,0.03,257.61,0.0,0.0,309.92,0.17,0.85,Above Average,High Risk
15751788,Spain,Male,28,97408.03,1,12,0.03,330.01,0.0,0.0,334.69,0.0,0.0,Low Value,High Risk
15672598,Spain,Male,30,111927.45,1,12,0.03,259.84,0.0,0.0,263.59,0.0,0.0,Low Value,High Risk
15762803,France,Male,31,0.0,2,1,0.03,151.13,0.0,0.0,183.74,0.21,1.03,Above Average,High Risk
15597901,France,Male,34,0.0,1,1,0.03,181.13,0.01,0.02,219.29,3.5,17.48,High Value,High Risk
15764237,Spain,Male,33,0.0,2,3,0.03,197.33,0.0,0.0,209.55,0.0,0.0,Below Average,High Risk
15769917,Germany,Female,34,127122.79,3,2,0.03,278.69,0.0,0.0,304.41,0.43,2.14,Above Average,High Risk
15770974,Germany,Female,37,170840.08,2,3,0.03,301.06,0.0,0.0,318.96,0.0,0.0,Average,High Risk
15803749,Germany,Female,41,87541.06,2,6,1.57,223.7,0.02,0.02,230.35,5.23,26.15,High Value,High Risk
15684999,France,Female,26,62610.96,2,6,0.03,327.06,0.0,0.0,336.47,0.0,0.0,Below Average,High Risk
15770225,France,Male,36,0.0,2,15,0.03,146.33,0.0,0.0,148.14,0.0,0.0,Low Value,High Risk
15627484,France,Female,47,113328.93,1,1,0.03,281.82,0.0,0.0,338.61,0.11,0.53,Above Average,High Risk
15752488,Spain,Female,31,102289.85,1,12,0.03,295.24,0.0,0.0,299.46,0.0,0.0,Low Value,High Risk
15610056,Germany,Female,34,125227.82,2,10,0.03,265.99,0.0,0.0,270.6,0.0,0.0,Low Value,High Risk
15806049,Germany,Female,49,140510.89,1,1,0.03,291.65,0.0,0.0,350.27,0.11,0.55,Above Average,High Risk
15736069,Germany,Female,35,132253.22,1,2,2.36,307.15,0.22,0.09,335.29,30.57,271.8,High Value,High Risk
15763662,Germany,Male,43,39043.29,2,3,0.03,282.22,0.0,0.0,299.09,0.0,0.01,Above Average,High Risk
15615575,France,Male,34,0.0,2,13,0.03,215.03,0.0,0.0,217.95,0.0,0.0,Low Value,High Risk
15691723,Spain,Male,55,99685.06,1,3,0.03,270.72,0.0,0.0,286.96,0.0,0.0,Average,High Risk
15774098,Germany,Male,38,125385.49,2,5,0.03,286.99,0.0,0.0,297.05,0.0,0.0,Below Average,High Risk
15750808,Spain,Male,46,131365.37,2,3,0.03,314.0,0.0,0.0,332.62,0.0,0.01,Above Average,High Risk
15744368,Spain,Male,58,98308.51,1,8,0.03,274.97,0.0,0.0,280.95,0.0,0.0,Below Average,High Risk
15610594,France,Female,37,0.0,2,3,0.03,191.63,0.0,0.0,203.53,0.0,0.0,Average,High Risk
15756125,Spain,Male,44,140856.16,2,2,0.03,304.57,0.0,0.0,332.49,0.0,0.01,Above Average,High Risk
15623277,France,Female,30,0.0,2,13,0.03,207.23,0.0,0.0,210.06,0.0,0.0,Low Value,High Risk
15671969,Spain,Male,36,0.0,2,3,0.03,193.13,0.0,0.0,205.11,0.0,0.0,Average,High Risk
15713655,France,Female,38,0.0,2,17,3.94,214.43,0.0,0.0,216.65,0.0,0.0,Average,High Risk
15633930,Spain,Female,56,157559.59,2,2,2.36,280.12,0.22,0.09,305.96,27.9,248.03,High Value,High Risk
15712849,Germany,Male,41,126550.7,1,1,1.18,266.36,0.34,0.16,320.29,51.92,305.16,High Value,Medium Risk
15639077,France,Female,30,158584.82,3,1,0.79,264.86,0.34,0.23,318.51,74.35,436.52,High Value,Medium Risk
15808784,France,Male,28,163569.61,2,3,0.03,328.97,0.0,0.0,348.41,0.0,0.01,Above Average,High Risk
15648577,France,Female,31,0.0,1,4,1.18,146.33,0.07,0.09,153.3,14.02,70.08,High Value,High Risk
15670345,Germany,Female,33,127211.45,1,2,0.03,312.29,0.0,0.0,340.86,0.0,0.01,Average,High Risk
15633112,Germany,Male,42,118199.97,2,1,1.18,280.6,0.34,0.16,337.17,54.65,321.24,High Value,Medium Risk
15714397,Germany,Female,30,101014.08,2,3,0.03,261.55,0.0,0.0,277.29,0.0,0.01,Above Average,High Risk
15780038,Spain,Male,38,119208.85,1,2,2.36,303.16,0.22,0.09,330.96,30.18,268.29,High Value,High Risk
15756305,France,Female,66,0.0,2,10,0.03,172.93,0.0,0.0,176.07,0.0,0.0,Low Value,High Risk
15578799,France,Female,58,53772.73,1,14,3.94,268.55,0.0,0.0,271.86,0.01,0.04,Above Average,High Risk
15800326,Spain,Female,39,0.0,2,2,0.03,213.53,0.0,0.0,233.74,0.0,0.0,Average,High Risk
15785485,Germany,Female,41,138878.81,1,2,0.03,255.88,0.0,0.0,279.67,0.04,0.19,Above Average,High Risk
15727546,France,Male,35,0.0,2,15,0.03,227.03,0.0,0.0,229.69,0.0,0.0,Low Value,High Risk
15739576,Spain,Male,20,0.0,2,13,0.03,210.23,0.0,0.0,213.09,0.0,0.0,Low Value,High Risk
15631333,Spain,Female,25,130866.19,1,2,0.03,280.08,0.0,0.0,305.92,0.0,0.0,Average,High Risk
15604782,Germany,Female,33,187257.94,1,10,0.03,299.27,0.0,0.0,304.41,0.0,0.0,Low Value,High Risk
15589643,Spain,Female,41,0.0,1,10,0.03,203.63,0.0,0.0,207.26,0.0,0.0,Low Value,High Risk
15585533,France,Male,36,147733.64,1,8,0.03,281.49,0.0,0.0,287.59,0.0,0.0,Below Average,High Risk
15681506,Spain,Male,43,0.0,2,1,0.03,141.83,0.01,0.02,172.72,2.75,13.77,Above Average,High Risk
15630551,France,Male,33,163139.27,1,2,0.03,287.25,0.0,0.0,313.7,0.04,0.21,Above Average,High Risk
15698349,Spain,Female,35,0.0,2,6,0.03,204.23,0.0,0.0,210.36,0.0,0.0,Below Average,High Risk
15776631,France,Female,36,119540.15,1,7,0.03,216.18,0.0,0.0,221.68,0.0,0.0,Below Average,High Risk
15762216,France,Female,41,129553.76,2,1,0.03,282.71,0.0,0.0,339.67,0.19,0.93,Above Average,High Risk
15623927,France,Male,55,0.0,2,15,0.03,177.48,0.0,0.0,179.61,0.0,0.0,Low Value,High Risk
15681402,Germany,Female,61,66101.89,1,1,0.03,315.08,0.01,0.02,378.02,6.03,30.14,High Value,High Risk
15734628,France,Female,35,0.0,2,2,0.03,185.33,0.0,0.0,203.15,0.0,0.01,Average,High Risk
15629323,Germany,Female,37,116471.43,2,1,1.57,261.3,0.34,0.12,314.3,39.04,229.64,High Value,Medium Risk
15666823,France,Male,39,0.0,2,1,0.03,125.93,0.0,0.0,153.88,0.08,0.42,Above Average,High Risk
15777553,France,Female,56,123785.24,1,3,3.54,281.81,0.13,0.05,298.66,14.72,147.21,High Value,High Risk
15613097,France,Female,33,0.0,2,6,0.03,179.93,0.0,0.0,185.41,0.0,0.0,Below Average,High Risk
15622217,France,Female,38,88758.95,2,3,3.15,235.79,0.13,0.06,250.12,13.81,138.06,High Value,High Risk
15703588,Germany,Male,25,153611.83,2,2,0.03,277.55,0.0,0.0,303.18,0.0,0.01,Above Average,High Risk
15570835,Germany,Female,57,112044.72,1,5,1.57,231.99,0.03,0.04,240.28,9.97,49.87,High Value,High Risk
15679299,Spain,Female,27,123826.07,1,10,0.03,294.41,0.0,0.0,299.48,0.0,0.0,Low Value,High Risk
15808044,France,Female,65,106804.26,3,4,3.54,268.37,0.07,0.03,280.3,9.17,45.85,High Value,High Risk
15579208,France,Female,48,0.0,2,10,0.03,163.43,0.0,0.0,166.42,0.0,0.0,Low Value,High Risk
15667620,France,Female,43,0.0,2,2,0.03,218.03,0.0,0.0,238.62,0.0,0.0,Average,High Risk
15582960,France,Female,33,125827.43,1,7,0.03,218.62,0.0,0.0,224.18,0.0,0.0,Below Average,High Risk
15590730,Spain,Male,34,0.0,2,3,0.03,221.93,0.0,0.0,235.5,0.0,0.0,Below Average,High Risk
15763747,France,Male,36,0.0,2,12,0.03,218.03,0.0,0.0,221.24,0.0,0.0,Low Value,High Risk
15778320,Germany,Female,40,148495.64,1,1,0.03,332.22,0.0,0.0,398.34,0.12,0.62,Above Average,High Risk
15624633,France,Male,45,74989.58,1,12,0.03,283.87,0.0,0.0,287.94,0.0,0.0,Low Value,High Risk
15766765,Germany,Male,39,60263.23,1,2,0.03,271.01,0.0,0.0,296.09,0.0,0.0,Average,High Risk
15783615,Germany,Male,50,129370.91,4,6,1.18,265.9,0.02,0.03,273.68,8.07,40.36,High Value,High Risk
15640161,Germany,Male,44,157955.83,2,2,0.03,263.63,0.0,0.0,288.08,0.0,0.01,Above Average,High Risk
15619889,France,Male,26,0.0,1,1,0.03,165.23,0.0,0.0,200.45,0.11,0.55,Above Average,High Risk
15579166,France,Female,30,70729.17,1,10,0.03,258.58,0.0,0.0,263.08,0.0,0.0,Low Value,High Risk
15789097,France,Male,48,0.0,2,13,3.15,191.63,0.0,0.0,194.27,0.01,0.07,Above Average,High Risk
15778157,Spain,Male,27,90721.52,2,3,0.03,253.94,0.0,0.0,269.26,0.0,0.0,Average,High Risk
15779064,France,Male,27,0.0,2,3,0.03,201.53,0.0,0.0,213.98,0.0,0.0,Average,High Risk
15589204,France,Male,33,131765.72,1,3,0.03,254.33,0.0,0.0,269.67,0.0,0.0,Average,High Risk
15664543,France,Male,40,0.0,1,10,2.76,208.13,0.0,0.0,211.83,0.17,0.86,Above Average,High Risk
15582714,Germany,Male,47,110022.74,1,12,3.54,300.52,0.0,0.0,304.82,0.04,0.21,Above Average,High Risk
15797595,France,Female,40,131569.63,1,12,0.03,289.72,0.0,0.0,293.87,0.0,0.0,Low Value,High Risk
15614034,Germany,Male,61,164523.5,2,3,0.03,274.36,0.0,0.0,290.8,0.0,0.01,Above Average,High Risk
15763171,Germany,Female,25,114330.95,1,2,0.03,271.08,0.0,0.0,296.16,0.04,0.2,Above Average,High Risk
15647266,Spain,Female,45,135923.16,1,3,0.03,272.53,0.0,0.0,288.87,0.0,0.0,Below Average,High Risk
15757577,France,Female,61,0.0,2,13,0.03,214.98,0.0,0.0,217.9,0.0,0.0,Low Value,High Risk
15736656,France,Female,49,0.0,2,6,0.03,215.33,0.0,0.0,221.76,0.0,0.0,Below Average,High Risk
15680141,Spain,Female,35,147936.42,1,10,0.03,305.5,0.0,0.0,310.74,0.0,0.0,Low Value,High Risk
15732020,Germany,Male,57,106938.11,2,10,0.03,267.38,0.0,0.0,272.02,0.0,0.0,Low Value,High Risk
15611029,Germany,Female,33,140002.35,1,1,0.03,223.83,0.0,0.0,269.89,0.15,0.74,Above Average,High Risk
15621210,Germany,Male,46,123444.72,1,12,3.54,256.29,0.0,0.0,260.0,0.04,0.18,Above Average,High Risk
15569222,France,Male,32,147107.91,1,8,0.03,312.06,0.0,0.0,318.77,0.0,0.0,Below Average,High Risk
15664639,France,Male,19,128514.84,1,3,0.03,270.36,0.0,0.0,286.58,0.0,0.0,Average,High Risk
15724223,France,Female,55,0.0,1,1,1.97,168.18,0.34,0.1,203.95,20.54,120.86,High Value,Medium Risk
15644621,Germany,Female,40,106756.01,2,3,0.03,254.72,0.0,0.0,270.09,0.0,0.0,Average,High Risk
15756056,Spain,Female,28,0.0,2,1,0.03,166.73,0.0,0.0,202.23,0.23,1.13,Above Average,High Risk
15700353,France,Female,37,0.0,2,2,0.03,197.03,0.0,0.0,215.84,0.0,0.0,Average,High Risk
15624388,Germany,Female,50,155393.32,1,7,1.97,272.82,0.01,0.01,279.62,2.68,13.41,Above Average,High Risk
15627212,France,Female,36,110414.48,1,2,0.03,264.85,0.0,0.0,289.4,0.04,0.19,Above Average,High Risk
15648005,Spain,Male,33,0.0,2,3,0.03,200.03,0.0,0.0,212.39,0.0,0.0,Average,High Risk
15681446,Germany,Female,37,157098.52,1,12,0.03,269.0,0.0,0.0,272.87,0.0,0.0,Low Value,High Risk
15775888,Germany,Female,38,85626.6,1,7,0.03,252.05,0.0,0.0,258.37,0.0,0.0,Below Average,High Risk
15749019,Germany,Male,45,93796.42,2,10,0.03,238.26,0.0,0.0,242.44,0.0,0.0,Low Value,High Risk
15784676,France,Male,51,125268.03,2,2,0.03,252.84,0.0,0.0,276.37,0.0,0.0,Average,High Risk
15748116,France,Female,29,148143.84,1,2,0.03,282.11,0.0,0.0,308.12,0.04,0.21,Above Average,High Risk
15612193,Spain,Male,29,115545.33,2,4,0.03,304.75,0.0,0.0,318.15,0.0,0.0,Below Average,High Risk
15762984,Spain,Male,35,0.0,2,3,0.03,192.83,0.0,0.0,204.8,0.0,0.0,Average,High Risk
15613713,France,Male,30,44928.88,1,7,0.03,263.05,0.0,0.0,269.63,0.0,0.0,Below Average,High Risk
15664204,Spain,Male,29,0.0,2,3,0.03,210.23,0.0,0.0,223.15,0.0,0.01,Average,High Risk
15639415,France,Male,35,162442.35,1,1,0.03,333.42,0.0,0.0,399.76,0.45,2.23,Above Average,High Risk
15806332,Spain,Female,39,0.0,2,8,0.03,143.63,0.0,0.0,146.99,0.0,0.0,Below Average,High Risk
15695492,France,Female,29,156569.43,1,2,0.03,209.87,0.0,0.0,229.77,0.0,0.0,Average,High Risk
15635972,Spain,Male,36,0.0,2,3,0.03,143.63,0.0,0.0,152.9,0.0,0.0,Below Average,High Risk
15581440,Germany,Female,48,110463.25,2,10,2.36,293.05,0.0,0.0,298.1,0.28,1.4,Above Average,High Risk
15654390,France,Male,33,154575.76,1,2,2.76,270.09,0.22,0.08,295.09,23.23,206.61,High Value,High Risk
15660688,Spain,Female,35,0.0,2,3,0.03,208.73,0.0,0.0,221.57,0.0,0.0,Below Average,High Risk
15806307,France,Male,37,0.0,2,5,0.03,159.53,0.0,0.0,165.48,0.0,0.0,Below Average,High Risk
15647975,Germany,Male,26,147037.32,1,1,0.03,273.06,0.0,0.0,328.23,0.1,0.51,Above Average,High Risk
15735388,France,Female,25,108664.85,2,3,0.03,290.84,0.0,0.0,308.19,0.0,0.0,Average,High Risk
15788535,Spain,Male,44,0.0,1,1,0.03,176.33,0.0,0.0,213.6,0.07,0.33,Above Average,High Risk
15765902,Germany,Male,38,163034.82,2,8,0.03,290.24,0.0,0.0,296.52,0.0,0.0,Below Average,High Risk
15642345,Germany,Female,49,93059.34,1,1,1.57,288.91,0.34,0.12,347.01,43.11,253.54,High Value,Medium Risk
15641250,Spain,Male,38,179581.31,1,3,0.03,317.29,0.0,0.0,336.09,0.0,0.0,Average,High Risk
15706163,Germany,Male,46,113625.93,1,1,1.57,231.44,0.34,0.12,278.91,34.65,203.78,High Value,Medium Risk
15746708,Germany,Male,55,119961.48,1,2,2.76,259.35,0.22,0.08,283.44,22.31,198.46,High Value,High Risk
15775203,France,Male,45,129209.48,1,1,0.03,324.09,0.0,0.0,388.71,0.43,2.17,Above Average,High Risk
15787907,Germany,Female,42,137227.04,3,2,1.97,293.0,0.23,0.11,319.93,34.65,307.97,High Value,High Risk
15646764,Germany,Female,58,119024.75,2,1,1.18,271.45,0.34,0.16,326.32,52.89,310.91,High Value,Medium Risk
15678284,France,Male,35,74623.5,3,3,2.76,268.53,0.13,0.06,284.66,17.85,178.52,High Value,High Risk
15726791,Spain,Female,45,157929.45,1,2,0.79,269.33,0.23,0.25,294.27,73.34,465.74,High Value,High Risk
15813144,France,Female,26,92606.86,2,3,0.03,240.87,0.0,0.0,255.48,0.0,0.0,Average,High Risk
15710366,Spain,Female,42,0.0,1,1,0.39,169.13,0.34,0.42,205.07,86.08,465.74,High Value,Medium Risk
15614934,Germany,Female,37,142711.81,1,1,0.03,265.06,0.0,0.0,318.75,0.17,0.87,Above Average,High Risk
15588701,France,Female,38,0.0,2,1,0.03,176.03,0.0,0.0,213.25,0.12,0.58,Above Average,High Risk
15665438,France,Male,43,163159.85,1,1,0.03,279.15,0.01,0.02,335.45,5.35,26.74,High Value,High Risk
15644896,Germany,Male,32,108586.86,1,4,0.03,274.64,0.0,0.0,286.81,0.0,0.0,Average,High Risk
15670205,Germany,Female,41,110624.99,1,1,0.03,231.26,0.0,0.0,278.7,0.09,0.44,Above Average,High Risk
15635776,Germany,Female,43,154846.24,2,8,0.03,283.9,0.0,0.0,290.05,0.0,0.0,Below Average,High Risk
15791053,Germany,Male,45,122917.71,1,5,1.57,289.26,0.03,0.04,299.4,12.43,62.14,High Value,High Risk
15644005,France,Female,33,0.0,2,15,0.03,169.73,0.0,0.0,171.78,0.0,0.0,Low Value,High Risk
15751057,Germany,Male,32,102500.34,1,1,0.03,285.65,0.0,0.0,343.15,0.11,0.54,Above Average,High Risk
15623430,France,Male,34,0.0,2,3,0.03,200.03,0.0,0.0,212.39,0.0,0.0,Below Average,High Risk
15682600,Germany,Male,39,159492.79,1,3,3.54,264.3,0.13,0.05,280.19,13.81,138.1,High Value,High Risk
15769312,Spain,Male,48,0.0,2,17,0.03,165.53,0.0,0.0,167.3,0.0,0.0,Low Value,High Risk
15708212,Spain,Female,54,118241.02,1,2,2.76,275.7,0.22,0.08,301.18,23.71,210.88,High Value,High Risk
15604345,France,Female,22,65763.57,1,12,0.03,291.39,0.0,0.0,295.56,0.0,0.0,Low Value,High Risk
15671789,France,Male,31,94263.91,2,1,0.03,259.59,0.0,0.0,312.27,0.35,1.75,Above Average,High Risk
15726186,Spain,Male,29,133434.57,2,1,0.03,268.81,0.0,0.0,323.19,0.18,0.88,Above Average,High Risk
15764618,Spain,Female,39,0.0,1,8,0.03,242.93,0.0,0.0,248.27,0.0,0.0,Below Average,High Risk
15730738,Spain,Male,31,0.0,2,15,0.03,234.23,0.0,0.0,236.96,0.0,0.0,Low Value,High Risk
15637650,France,Male,50,94748.76,2,15,0.03,239.53,0.0,0.0,242.31,0.0,0.0,Low Value,High Risk
15606267,France,Female,38,98640.74,1,5,0.03,261.69,0.0,0.0,270.94,0.0,0.0,Below Average,High Risk
15625904,France,Male,26,74681.9,2,3,0.03,260.44,0.0,0.0,276.12,0.0,0.0,Average,High Risk
15654463,France,Male,34,0.0,2,1,0.03,250.73,0.0,0.0,301.77,0.16,0.82,Above Average,High Risk
15774151,Spain,Female,41,179915.85,1,2,2.76,263.3,0.22,0.08,287.72,22.65,201.46,High Value,High Risk
15693259,France,Male,30,128207.23,1,1,0.03,279.64,0.01,0.02,336.03,5.36,26.79,High Value,High Risk
15642468,France,Male,42,132739.26,2,3,0.03,286.17,0.0,0.0,303.27,0.0,0.0,Average,High Risk
15758531,France,Female,40,0.0,2,4,0.03,218.03,0.0,0.0,227.91,0.0,0.0,Below Average,High Risk
15728352,France,Male,27,120509.81,1,1,0.03,263.33,0.0,0.0,316.7,0.17,0.86,Above Average,High Risk
15637240,France,Male,46,124547.13,2,1,0.03,238.95,0.0,0.0,287.81,0.16,0.79,Above Average,High Risk
15595588,Spain,Female,39,0.0,2,6,0.03,230.33,0.0,0.0,237.16,0.0,0.0,Below Average,High Risk
15778395,Germany,Male,34,88815.56,2,1,1.57,303.0,0.34,0.12,363.71,45.18,265.73,High Value,Medium Risk
15599251,Germany,Male,32,184715.86,2,3,0.03,259.88,0.0,0.0,275.52,0.0,0.0,Average,High Risk
15570004,France,Male,31,0.0,2,1,0.03,253.43,0.0,0.0,304.97,0.34,1.7,Above Average,High Risk
15656912,Spain,Male,51,0.0,1,5,0.03,194.38,0.0,0.0,201.46,0.0,0.0,Below Average,High Risk
15657342,Germany,Male,28,147972.19,1,1,1.57,332.8,0.34,0.12,399.03,49.57,291.54,High Value,Medium Risk
15716284,France,Male,43,0.0,2,15,0.03,161.33,0.0,0.0,163.29,0.0,0.0,Low Value,High Risk
15672374,France,Male,52,170008.84,1,2,3.15,282.82,0.22,0.07,308.9,21.4,190.35,High Value,High Risk
15732476,France,Female,27,0.0,2,5,0.03,178.43,0.0,0.0,184.99,0.0,0.0,Below Average,High Risk
15747724,Spain,Female,34,0.0,1,3,0.03,199.73,0.0,0.0,212.08,0.0,0.0,Below Average,High Risk
15633877,Spain,Female,42,95386.82,1,11,0.03,286.67,0.0,0.0,291.16,0.0,0.0,Low Value,High Risk
15672516,Germany,Male,51,90373.28,2,3,0.03,238.06,0.0,0.0,252.51,0.0,0.0,Average,High Risk
15607827,Germany,Male,34,133467.77,2,6,0.03,290.41,0.0,0.0,298.84,0.0,0.0,Below Average,High Risk
15751336,Spain,Male,30,0.0,2,5,0.03,187.43,0.0,0.0,194.28,0.0,0.0,Below Average,High Risk
15646539,France,Male,31,96288.26,1,1,0.03,234.23,0.0,0.0,282.22,0.32,1.58,Above Average,High Risk
15756901,France,Female,26,91547.84,2,6,0.03,266.9,0.0,0.0,274.7,0.0,0.0,Below Average,High Risk
15809286,Germany,Male,37,138292.64,2,3,3.15,266.65,0.13,0.06,282.67,15.6,156.02,High Value,High Risk
15759021,France,Male,35,0.0,1,3,0.03,203.93,0.0,0.0,216.51,0.0,0.0,Below Average,High Risk
15725039,Spain,Male,32,71667.74,1,11,0.03,283.57,0.0,0.0,288.01,0.0,0.0,Low Value,High Risk
15754112,Spain,Male,55,0.0,2,12,0.03,200.58,0.0,0.0,203.56,0.0,0.0,Low Value,High Risk
15739502,Germany,Female,31,135020.21,2,15,0.03,241.89,0.0,0.0,244.7,0.0,0.0,Low Value,High Risk
15604073,Germany,Female,25,135161.67,1,11,0.03,321.69,0.0,0.0,326.69,0.0,0.0,Low Value,High Risk
15806027,France,Female,52,0.0,1,3,3.54,167.73,0.13,0.05,178.32,8.79,87.89,High Value,High Risk
15574886,France,Male,32,94486.47,1,8,0.03,286.61,0.0,0.0,292.81,0.0,0.0,Below Average,High Risk
15707120,France,Male,46,117640.39,1,3,0.03,331.27,0.0,0.0,350.84,0.0,0.0,Average,High Risk
15800845,Spain,Female,33,111379.55,1,11,0.03,295.5,0.0,0.0,300.12,0.0,0.0,Low Value,High Risk
15603914,France,Male,40,0.0,1,8,2.36,182.63,0.0,0.0,186.77,0.76,3.78,Above Average,High Risk
15783305,France,Female,46,98752.51,1,2,0.03,253.0,0.0,0.0,276.55,0.0,0.0,Average,High Risk
15574842,Germany,Female,25,158266.42,3,4,0.03,274.15,0.0,0.0,286.3,0.0,0.0,Average,High Risk
15607837,France,Female,29,105599.67,1,5,0.03,299.35,0.0,0.0,309.81,0.0,0.0,Below Average,High Risk
15714877,France,Female,29,0.0,2,4,0.03,197.03,0.0,0.0,206.06,0.0,0.0,Below Average,High Risk
15782941,France,Male,31,0.0,2,3,0.03,170.33,0.0,0.0,181.06,0.0,0.0,Average,High Risk
15630167,Spain,Female,39,139723.9,1,5,0.03,282.62,0.0,0.0,292.54,0.0,0.0,Below Average,High Risk
15759038,France,Female,41,141806.46,1,1,0.03,315.41,0.0,0.0,378.43,0.42,2.11,Above Average,High Risk
15661821,Germany,Female,49,132571.67,1,7,1.97,316.47,0.01,0.01,324.26,3.11,15.55,Above Average,High Risk
15712176,France,Male,31,0.0,2,13,0.03,243.23,0.0,0.0,246.5,0.0,0.0,Low Value,High Risk
15689351,Germany,Female,41,92805.72,1,5,1.57,297.29,0.03,0.04,307.68,12.77,63.86,High Value,High Risk
15782247,France,Male,22,0.0,3,8,1.57,160.43,0.0,0.01,164.13,0.97,4.85,Above Average,High Risk
15769064,Germany,Male,39,135309.36,1,1,1.18,238.3,0.34,0.16,287.04,46.53,273.48,High Value,Medium Risk
15718153,Spain,Female,74,128917.84,1,8,0.03,334.58,0.0,0.0,341.74,0.0,0.0,Below Average,High Risk
15661734,Germany,Male,42,131390.75,2,3,0.03,259.41,0.0,0.0,275.03,0.0,0.0,Average,High Risk
15592645,Spain,Male,37,0.0,2,1,0.03,209.63,0.0,0.0,253.07,0.14,0.69,Above Average,High Risk
15768387,France,Male,41,0.0,2,3,0.03,172.73,0.0,0.0,183.59,0.0,0.0,Average,High Risk
15792525,Germany,Female,61,97361.66,1,1,0.39,277.16,0.34,0.42,333.09,139.82,465.74,High Value,Medium Risk
15586976,France,Female,42,0.0,1,2,2.36,168.23,0.22,0.09,184.6,16.83,149.65,High Value,High Risk
15790659,Spain,Male,59,0.0,2,12,0.03,219.98,0.0,0.0,223.21,0.0,0.0,Low Value,High Risk
15691446,Spain,Male,29,0.0,2,17,0.03,218.93,0.0,0.0,221.2,0.0,0.0,Low Value,High Risk
15572461,Germany,Female,29,102714.65,2,1,0.03,274.26,0.0,0.0,329.66,0.18,0.9,Above Average,High Risk
15654409,France,Female,34,67816.72,1,7,0.03,272.1,0.0,0.0,278.88,0.0,0.0,Below Average,High Risk
15568025,France,Male,51,81710.46,1,11,0.03,302.49,0.0,0.0,307.21,0.0,0.0,Low Value,High Risk
15715769,France,Male,26,75237.54,1,2,0.03,259.59,0.0,0.0,283.7,0.04,0.19,Above Average,High Risk
15667458,Germany,Male,28,124023.18,1,3,0.03,305.82,0.0,0.0,323.99,0.0,0.0,Below Average,High Risk
15567980,Germany,Female,46,100727.5,1,7,1.97,236.33,0.01,0.01,242.3,2.32,11.62,Above Average,High Risk
15679294,France,Female,46,107238.85,2,4,0.03,252.35,0.0,0.0,263.62,0.0,0.0,Below Average,High Risk
15606507,France,Male,24,0.0,2,2,0.03,164.93,0.0,0.0,181.02,0.0,0.01,Average,High Risk
15619935,Spain,Female,59,126224.87,1,12,0.03,322.89,0.0,0.0,327.48,0.0,0.0,Low Value,High Risk
15727490,France,Male,47,0.0,1,7,1.97,196.73,0.01,0.01,201.79,1.94,9.68,Above Average,High Risk
15591766,Spain,Female,25,121166.89,1,5,0.03,258.57,0.0,0.0,267.71,0.0,0.0,Below Average,High Risk
15641629,Spain,Female,38,0.0,2,1,0.03,159.53,0.01,0.02,193.69,3.09,15.44,Above Average,High Risk
15813303,Spain,Male,88,0.0,2,17,0.03,199.83,0.0,0.0,201.92,0.0,0.0,Low Value,High Risk
15756920,France,Male,63,70655.48,1,3,3.54,261.92,0.13,0.05,277.68,13.69,136.87,High Value,High Risk
15592765,France,Male,40,125470.81,1,11,0.03,267.8,0.0,0.0,272.02,0.0,0.0,Low Value,High Risk
15704442,France,Female,53,169406.33,4,20,3.54,284.05,0.0,0.0,286.48,0.0,0.0,Average,High Risk
15641136,France,Male,32,0.0,2,3,0.03,187.13,0.0,0.0,198.79,0.0,0.0,Average,High Risk
15725818,Germany,Male,40,107041.3,1,5,0.03,250.54,0.0,0.0,259.43,0.0,0.0,Below Average,High Risk
15612071,Spain,Female,32,95153.77,1,14,0.03,303.75,0.0,0.0,307.46,0.0,0.0,Low Value,High Risk
15719809,Germany,Male,32,145166.09,2,1,0.03,232.47,0.0,0.0,280.13,0.31,1.57,Above Average,High Risk
15716518,France,Female,27,0.0,2,1,0.03,183.53,0.0,0.0,222.14,0.12,0.61,Above Average,High Risk
15742210,France,Male,38,65962.63,1,12,0.03,282.41,0.0,0.0,286.47,0.0,0.0,Low Value,High Risk
15630617,Germany,Male,36,140418.81,1,8,2.36,295.55,0.0,0.0,301.93,1.22,6.11,Above Average,High Risk
15720838,Spain,Female,31,139799.63,1,4,0.03,284.12,0.0,0.0,296.68,0.0,0.0,Average,High Risk
15595537,Germany,Male,49,171787.84,2,3,0.03,266.59,0.0,0.0,282.61,0.0,0.0,Average,High Risk
15623196,France,Male,38,149238.97,1,8,0.03,283.66,0.0,0.0,289.8,0.0,0.0,Below Average,High Risk
15679249,Germany,Female,57,163146.46,1,1,1.57,192.5,0.34,0.12,232.76,28.92,170.06,High Value,Medium Risk
15693199,France,Female,37,0.0,2,3,3.15,220.13,0.13,0.06,233.6,12.89,128.94,High Value,High Risk
15661219,France,Male,32,0.0,2,4,0.03,186.53,0.0,0.0,195.13,0.0,0.0,Below Average,High Risk
15617136,Germany,Female,38,61482.47,1,12,0.03,207.24,0.0,0.0,210.31,0.0,0.0,Low Value,High Risk
15760294,France,Female,41,145150.28,1,2,3.15,231.27,0.22,0.07,252.98,17.52,155.89,High Value,High Risk
15652808,France,Female,41,126670.37,1,1,0.03,308.96,0.0,0.0,370.78,0.12,0.58,Above Average,High Risk
15657139,France,Female,40,84390.8,2,13,0.03,269.65,0.0,0.0,273.24,0.0,0.0,Low Value,High Risk
15803790,Germany,Male,37,89728.86,2,3,0.03,265.86,0.0,0.0,281.84,0.0,0.01,Above Average,High Risk
15672610,Spain,Male,40,118628.8,1,1,0.03,246.42,0.0,0.0,296.67,0.16,0.81,Above Average,High Risk
15766896,France,Male,37,0.0,2,1,0.03,223.43,0.0,0.0,269.42,0.3,1.51,Above Average,High Risk
15587735,France,Male,39,96863.13,1,8,0.03,329.97,0.0,0.0,337.04,0.0,0.0,Below Average,High Risk
15659501,France,Female,38,142263.45,1,8,0.03,303.44,0.0,0.0,309.98,0.0,0.0,Below Average,High Risk
15745001,Spain,Female,36,0.0,2,3,0.03,203.33,0.0,0.0,215.87,0.0,0.0,Average,High Risk
15651140,France,Female,32,0.0,1,1,0.03,211.43,0.0,0.0,255.2,0.29,1.43,Above Average,High Risk
15776824,France,Male,28,122724.37,1,8,0.03,290.75,0.0,0.0,297.04,0.0,0.0,Below Average,High Risk
15633141,Germany,Female,35,174902.26,1,1,0.03,287.71,0.0,0.0,345.6,0.19,0.94,Above Average,High Risk
15764174,Spain,Female,26,0.0,2,6,0.03,182.03,0.0,0.0,187.57,0.0,0.0,Below Average,High Risk
15778155,Germany,Female,31,108914.17,1,4,1.18,231.76,0.07,0.09,242.19,22.14,110.72,High Value,High Risk
15715920,Spain,Male,23,98052.66,1,14,0.03,309.66,0.0,0.0,313.43,0.0,0.0,Low Value,High Risk
15671917,France,Male,46,123873.19,1,7,0.03,276.41,0.0,0.0,283.29,0.0,0.0,Below Average,High Risk
15666548,Germany,Female,56,111920.13,3,1,0.79,223.24,0.34,0.23,269.19,62.84,368.92,High Value,Medium Risk
15625623,France,Female,45,0.0,2,6,0.03,168.53,0.0,0.0,173.71,0.0,0.0,Below Average,High Risk
15748123,France,Male,20,0.0,2,5,0.03,182.33,0.0,0.0,189.02,0.0,0.0,Below Average,High Risk
15648735,France,Male,37,0.0,2,13,0.03,213.83,0.0,0.0,216.74,0.0,0.0,Low Value,High Risk
15634974,France,Female,37,75150.34,4,18,3.15,257.48,0.0,0.0,259.95,0.0,0.0,Average,High Risk
15713378,France,Male,38,0.0,2,4,0.03,211.73,0.0,0.0,221.35,0.0,0.0,Below Average,High Risk
15753370,Germany,Female,38,114753.76,1,1,0.03,283.4,0.0,0.0,340.49,0.11,0.53,Above Average,High Risk
15583364,France,Female,32,111871.93,1,2,0.03,218.73,0.0,0.0,239.38,0.0,0.0,Average,High Risk
15720284,Germany,Female,37,135927.06,1,1,0.03,259.33,0.0,0.0,311.96,0.17,0.85,Above Average,High Risk
15679642,Spain,Male,44,0.0,2,13,0.03,206.93,0.0,0.0,209.75,0.0,0.0,Low Value,High Risk
15661974,France,Male,46,57037.74,1,2,0.03,274.54,0.0,0.0,299.92,0.04,0.2,Above Average,High Risk
15689341,France,Female,50,0.0,4,5,3.94,194.93,0.03,0.02,202.03,3.53,17.63,High Value,High Risk
15607993,France,Female,52,79468.96,1,2,0.03,263.65,0.0,0.0,288.11,0.04,0.19,Above Average,High Risk
15693267,Germany,Female,34,121063.85,1,2,0.03,280.16,0.0,0.0,306.01,0.0,0.0,Average,High Risk
15769522,France,Male,51,118537.47,1,1,0.03,297.77,0.01,0.02,357.52,5.7,28.5,High Value,High Risk
15755825,France,Male,39,0.0,2,4,0.03,198.23,0.0,0.0,207.3,0.0,0.0,Below Average,High Risk
15598175,Germany,Female,26,105082.07,2,1,0.03,253.12,0.0,0.0,304.6,0.17,0.83,Above Average,High Risk
15744327,France,Male,40,0.0,1,1,1.57,167.63,0.34,0.12,203.29,25.25,148.53,High Value,Medium Risk
15798666,France,Female,36,0.0,2,10,0.03,242.63,0.0,0.0,246.88,0.0,0.0,Low Value,High Risk
15759436,France,Female,50,95813.76,3,4,0.79,302.3,0.07,0.13,315.6,41.28,206.4,High Value,High Risk
15751561,Germany,Male,61,102453.26,1,2,2.76,238.5,0.22,0.08,260.82,20.53,182.62,High Value,High Risk
15739068,Germany,Male,25,148045.45,2,6,0.03,269.2,0.0,0.0,277.07,0.0,0.0,Below Average,High Risk
15726490,Spain,Male,52,0.0,1,5,1.57,235.53,0.03,0.04,243.93,10.13,50.63,High Value,High Risk
15738411,France,Male,34,104498.79,1,14,0.03,226.98,0.0,0.0,229.82,0.0,0.0,Low Value,High Risk
15727919,Spain,Female,29,0.0,2,2,0.03,199.73,0.0,0.0,218.77,0.0,0.0,Average,High Risk
15709396,France,Male,42,0.0,2,10,0.03,238.73,0.0,0.0,242.92,0.0,0.0,Low Value,High Risk
15654106,France,Male,26,149542.52,2,13,0.03,259.07,0.0,0.0,262.52,0.0,0.0,Low Value,High Risk
15621653,France,Female,29,87946.39,1,14,0.03,289.13,0.0,0.0,292.67,0.0,0.0,Low Value,High Risk
15598086,France,Female,45,68639.57,1,1,1.18,259.88,0.34,0.16,312.61,50.67,297.85,High Value,Medium Risk
15752300,Germany,Male,47,148826.32,1,5,0.03,259.94,0.0,0.0,269.13,0.0,0.0,Below Average,High Risk
15658693,France,Female,60,0.0,2,3,0.03,259.03,0.0,0.0,274.63,0.0,0.01,Above Average,High Risk
15631838,France,Male,61,108166.09,2,8,0.03,271.26,0.0,0.0,277.16,0.0,0.0,Below Average,High Risk
15803804,Germany,Female,35,103214.71,1,1,0.03,290.5,0.0,0.0,348.9,0.11,0.54,Above Average,High Risk
15752026,France,Male,58,0.0,1,4,1.18,215.73,0.07,0.09,225.52,20.62,103.1,High Value,High Risk
15752838,Spain,Male,38,0.0,2,10,0.03,215.33,0.0,0.0,219.15,0.0,0.0,Low Value,High Risk
15569571,Germany,Female,46,87361.02,2,2,2.36,249.49,0.22,0.09,272.74,24.87,221.1,High Value,High Risk
15769703,Germany,Female,45,111257.59,1,2,3.15,240.9,0.22,0.07,263.42,18.25,162.33,High Value,High Risk
15679770,France,Female,61,131583.59,4,6,1.18,274.07,0.02,0.03,282.06,8.32,41.6,High Value,High Risk
15791102,Germany,Male,41,95020.8,3,18,3.54,239.55,0.0,0.0,241.86,0.0,0.0,Average,High Risk
15655192,Spain,Female,24,0.0,2,1,0.03,253.43,0.01,0.02,304.97,4.86,24.31,High Value,High Risk
15709487,Germany,Male,34,80242.37,2,2,0.03,274.12,0.0,0.0,299.46,0.0,0.01,Above Average,High Risk
15755178,France,Male,50,0.0,3,2,0.39,196.43,0.23,0.44,215.19,95.6,465.74,High Value,High Risk
15617197,France,Male,50,0.0,2,6,1.57,155.63,0.02,0.02,160.46,3.64,18.22,High Value,High Risk
15631240,France,Female,36,0.0,2,13,3.15,191.93,0.0,0.0,194.57,0.01,0.07,Above Average,High Risk
15631310,France,Female,53,0.0,1,4,0.03,163.28,0.0,0.0,170.93,0.0,0.0,Average,High Risk
15756560,Spain,Female,46,81742.84,2,3,0.03,253.54,0.0,0.0,268.84,0.0,0.0,Average,High Risk
15732270,Spain,Male,71,0.0,1,11,3.15,242.78,0.0,0.0,246.64,0.08,0.41,Above Average,High Risk
15771540,France,Male,38,148912.44,1,3,0.03,304.34,0.0,0.0,322.43,0.0,0.0,Average,High Risk
15567486,Spain,Female,41,0.0,2,6,0.03,188.63,0.0,0.0,194.34,0.0,0.0,Below Average,High Risk
15714634,France,Male,26,89900.24,2,1,0.03,325.58,0.0,0.0,390.47,0.21,1.07,Above Average,High Risk
15727021,Germany,Female,30,119027.28,2,13,0.03,294.45,0.0,0.0,298.33,0.0,0.0,Low Value,High Risk
15711834,Spain,Female,30,0.0,1,2,2.36,193.43,0.22,0.09,211.94,19.32,171.81,High Value,High Risk
15729763,Spain,Male,34,116114.93,1,1,0.03,272.68,0.01,0.02,327.78,5.23,26.13,High Value,High Risk
15646566,France,Female,58,187911.55,1,12,0.03,318.29,0.0,0.0,322.82,0.0,0.0,Low Value,High Risk
15645463,France,Female,27,0.0,2,8,0.03,251.33,0.0,0.0,256.84,0.0,0.0,Below Average,High Risk
15672144,France,Female,38,144432.04,1,8,2.36,277.74,0.0,0.0,283.77,1.15,5.75,Above Average,High Risk
15596088,France,Female,50,77065.9,2,6,0.03,284.95,0.0,0.0,293.23,0.0,0.0,Below Average,High Risk
15614878,Germany,Female,29,180520.29,1,8,0.03,277.12,0.0,0.0,283.14,0.0,0.0,Below Average,High Risk
15775905,Germany,Female,47,130024.87,1,8,2.36,260.54,0.0,0.0,266.22,1.08,5.39,Above Average,High Risk
15611905,Spain,Female,31,174853.46,1,1,0.03,232.81,0.0,0.0,280.53,0.09,0.44,Above Average,High Risk
15652527,France,Male,44,108724.98,1,10,0.03,279.74,0.0,0.0,284.58,0.0,0.0,Low Value,High Risk
15785865,France,Male,58,91285.13,2,15,0.03,297.88,0.0,0.0,301.28,0.0,0.0,Low Value,High Risk
15645942,Spain,Male,40,0.0,2,3,0.03,205.13,0.0,0.0,217.77,0.0,0.01,Average,High Risk
15688691,Germany,Female,51,110610.41,2,15,3.54,276.61,0.0,0.0,279.78,0.0,0.02,Above Average,High Risk
15592736,Germany,Male,54,102994.04,1,1,1.97,245.68,0.34,0.1,295.79,29.79,175.29,High Value,Medium Risk
15673529,Spain,Male,36,59893.85,2,1,0.03,265.27,0.0,0.0,319.0,0.17,0.87,Above Average,High Risk
15724145,Germany,Male,29,149318.55,1,2,0.03,262.66,0.0,0.0,287.03,0.0,0.0,Average,High Risk
15704629,France,Female,32,116409.55,1,1,0.03,250.8,0.01,0.02,301.85,4.81,24.07,High Value,High Risk
15731790,Germany,Female,38,132591.36,1,8,2.36,286.17,0.0,0.0,292.36,1.18,5.92,Above Average,High Risk
15703205,France,Female,46,113402.14,2,8,0.03,272.82,0.0,0.0,278.76,0.0,0.0,Below Average,High Risk
15567333,France,Female,31,0.0,2,3,0.03,212.03,0.0,0.0,225.05,0.0,0.0,Average,High Risk
15612030,France,Male,28,0.0,2,15,0.03,215.63,0.0,0.0,218.17,0.0,0.0,Low Value,High Risk
15573242,France,Male,50,136953.47,1,8,0.03,284.58,0.0,0.0,290.75,0.0,0.0,Below Average,High Risk
15601892,France,Male,33,0.0,2,13,0.03,167.33,0.0,0.0,169.67,0.0,0.0,Low Value,High Risk
15663885,France,Male,32,0.0,1,7,0.03,220.73,0.0,0.0,226.34,0.0,0.0,Below Average,High Risk
15701096,France,Male,44,123863.64,1,2,0.03,310.01,0.0,0.0,338.39,0.0,0.0,Average,High Risk
15710450,Spain,Male,22,120811.89,1,10,0.03,330.85,0.0,0.0,336.49,0.0,0.0,Low Value,High Risk
15790846,Germany,Male,38,148430.55,1,2,0.03,268.02,0.0,0.0,292.84,0.04,0.2,Above Average,High Risk
15658956,Germany,Male,40,47869.69,2,10,0.03,221.77,0.0,0.0,225.69,0.0,0.0,Low Value,High Risk
15755223,Germany,Male,53,150926.99,2,3,0.03,289.28,0.0,0.0,306.54,0.0,0.0,Average,High Risk
15787318,Germany,Female,47,103163.35,1,2,2.36,236.49,0.22,0.09,258.65,23.58,209.67,High Value,High Risk
15737310,France,Male,29,130206.28,1,3,0.03,266.85,0.0,0.0,282.88,0.0,0.0,Below Average,High Risk
15763665,France,Female,28,136674.51,2,1,0.03,327.17,0.0,0.0,392.36,0.21,1.07,Above Average,High Risk
15668818,Spain,Female,40,200322.45,1,2,0.03,257.42,0.0,0.0,281.34,0.04,0.19,Above Average,High Risk
15765812,Spain,Male,48,0.0,2,1,0.03,174.53,0.01,0.02,211.47,3.37,16.86,Above Average,High Risk
15704844,Spain,Male,62,80927.56,1,10,0.03,253.78,0.0,0.0,258.2,0.0,0.0,Low Value,High Risk
15744582,France,Female,24,0.0,3,5,3.94,202.43,0.03,0.02,209.77,3.66,18.31,High Value,High Risk
15616700,Spain,Female,41,0.0,2,15,0.03,185.03,0.0,0.0,187.24,0.0,0.0,Low Value,High Risk
15583049,Germany,Female,34,160426.07,1,10,0.03,271.24,0.0,0.0,275.94,0.0,0.0,Low Value,High Risk
15643752,France,Male,25,116160.23,1,1,0.03,238.18,0.0,0.0,286.9,0.09,0.45,Above Average,High Risk
15620398,Spain,Female,34,98683.47,2,2,0.03,265.6,0.0,0.0,290.22,0.0,0.01,Above Average,High Risk
15715707,France,Male,32,118829.03,2,5,0.03,273.44,0.0,0.0,283.06,0.0,0.0,Below Average,High Risk
15733768,France,Male,32,0.0,1,1,0.03,178.43,0.01,0.02,216.09,3.45,17.23,High Value,High Risk
15755242,France,Female,46,0.0,1,2,0.03,203.03,0.0,0.0,222.35,0.03,0.15,Above Average,High Risk
15729412,France,Male,38,107192.38,1,5,0.03,280.25,0.0,0.0,290.09,0.0,0.0,Below Average,High Risk
15746564,France,Male,42,108010.78,1,4,0.03,245.5,0.0,0.0,256.49,0.0,0.0,Average,High Risk
15588446,Spain,Male,34,0.0,2,1,0.03,163.43,0.0,0.0,198.32,0.22,1.11,Above Average,High Risk
15665221,France,Male,26,129837.72,2,12,0.03,265.93,0.0,0.0,269.76,0.0,0.0,Low Value,High Risk
15640846,Germany,Female,58,106458.31,4,1,1.18,249.4,0.34,0.16,300.2,48.66,286.02,High Value,Medium Risk
15700209,France,Male,63,97009.15,1,12,0.03,237.03,0.0,0.0,240.49,0.0,0.0,Low Value,High Risk
15658360,Spain,Male,35,122929.42,2,3,0.03,305.16,0.0,0.0,323.3,0.0,0.0,Average,High Risk
15602735,Germany,Male,45,152296.83,4,13,2.36,285.59,0.0,0.0,289.37,0.03,0.14,Above Average,High Risk
15800062,Spain,Male,49,0.0,1,2,3.15,253.43,0.22,0.07,277.02,19.19,170.7,High Value,High Risk
15685300,France,Male,35,128993.76,2,2,0.03,257.78,0.0,0.0,281.74,0.0,0.0,Average,High Risk
15760102,France,Female,36,0.0,1,1,0.03,163.73,0.0,0.0,198.67,0.06,0.31,Above Average,High Risk
15653696,France,Female,28,0.0,2,3,0.03,152.93,0.0,0.0,162.71,0.0,0.0,Below Average,High Risk
15788946,Spain,Female,29,116805.82,1,1,0.03,257.72,0.0,0.0,310.06,0.35,1.73,Above Average,High Risk
15600724,Germany,Male,29,129750.68,1,1,0.03,247.02,0.0,0.0,297.38,0.09,0.46,Above Average,High Risk
15574324,Germany,Female,29,129177.01,2,3,0.03,247.29,0.0,0.0,262.25,0.0,0.01,Above Average,High Risk
15707144,Germany,Male,25,82506.72,2,2,0.03,245.2,0.0,0.0,268.09,0.0,0.0,Average,High Risk
15775891,Germany,Male,48,107247.69,1,2,0.79,265.85,0.23,0.25,290.49,72.4,465.74,High Value,High Risk
15711789,Spain,Female,42,0.0,1,1,1.18,228.83,0.34,0.16,275.82,44.71,262.79,High Value,Medium Risk
15600879,Germany,Female,36,157780.93,2,1,0.03,244.43,0.0,0.0,294.3,0.33,1.64,Above Average,High Risk
15681196,France,Male,35,172170.36,1,1,0.03,267.51,0.01,0.02,321.65,5.13,25.64,High Value,High Risk
15716000,Spain,Male,48,0.0,2,3,0.03,189.83,0.0,0.0,201.63,0.0,0.0,Average,High Risk
15766776,France,Male,41,0.0,1,1,0.03,171.23,0.01,0.02,207.56,3.31,16.55,Above Average,High Risk
15680278,Spain,Female,42,75361.44,1,3,3.54,271.6,0.13,0.05,287.89,14.19,141.9,High Value,High Risk
15688637,France,Female,27,0.0,2,6,0.03,176.03,0.0,0.0,181.41,0.0,0.0,Below Average,High Risk
15591179,Spain,Male,30,0.0,2,3,0.03,209.03,0.0,0.0,221.89,0.0,0.01,Average,High Risk
15698619,France,Male,43,0.0,2,15,0.03,176.33,0.0,0.0,178.45,0.0,0.0,Low Value,High Risk
15581036,Germany,Female,40,109308.79,2,1,1.18,289.38,0.34,0.16,347.57,56.34,331.16,High Value,Medium Risk
15622117,Spain,Female,31,0.0,2,3,0.03,185.93,0.0,0.0,197.52,0.0,0.0,Average,High Risk
15599301,Germany,Female,28,164365.44,1,8,0.03,239.9,0.0,0.0,245.17,0.0,0.0,Below Average,High Risk
15581548,Spain,Female,22,98800.0,1,1,0.03,266.21,0.0,0.0,320.11,0.1,0.5,Above Average,High Risk
15586870,France,Male,27,193125.85,1,5,0.03,269.17,0.0,0.0,278.66,0.0,0.0,Below Average,High Risk
15735263,France,Male,27,51522.75,1,7,0.03,291.57,0.0,0.0,298.79,0.0,0.0,Below Average,High Risk
15765322,France,Male,23,84284.48,2,8,0.03,300.55,0.0,0.0,307.03,0.0,0.0,Below Average,High Risk
15582944,Spain,Female,39,0.0,2,2,0.03,125.93,0.0,0.0,138.72,0.0,0.0,Average,High Risk
15687162,France,Male,51,119889.84,1,3,3.54,215.95,0.13,0.05,229.18,11.3,112.96,High Value,High Risk
15644962,France,Male,21,137910.45,1,5,0.03,300.83,0.0,0.0,311.34,0.0,0.0,Below Average,High Risk
15612615,France,Female,37,0.0,2,2,0.03,183.23,0.0,0.0,200.87,0.0,0.0,Average,High Risk
15813439,France,Male,33,100116.82,1,1,0.03,251.29,0.0,0.0,302.44,0.09,0.47,Above Average,High Risk
15604544,Germany,Male,40,166082.15,2,6,0.03,333.57,0.0,0.0,343.15,0.0,0.0,Below Average,High Risk
15785078,Spain,Male,26,0.0,1,1,0.03,217.43,0.0,0.0,262.31,0.29,1.47,Above Average,High Risk
15759874,France,Male,44,148595.55,1,1,1.18,237.43,0.34,0.16,286.0,46.36,272.5,High Value,Medium Risk
15713267,Spain,Female,34,0.0,2,8,0.03,232.13,0.0,0.0,237.25,0.0,0.0,Below Average,High Risk
15737782,France,Male,29,0.0,1,12,0.03,167.03,0.0,0.0,169.57,0.0,0.0,Low Value,High Risk
15815490,Germany,Male,40,164948.98,3,1,0.79,279.52,0.34,0.23,335.89,78.41,460.34,High Value,Medium Risk
15679410,France,Female,62,140549.4,1,1,1.57,311.16,0.34,0.12,373.38,46.38,272.8,High Value,Medium Risk
15756241,France,Female,44,152509.25,1,2,0.03,308.1,0.0,0.0,336.32,0.05,0.23,Above Average,High Risk
15742272,France,Female,44,96418.09,1,2,3.15,275.64,0.22,0.07,301.11,20.86,185.55,High Value,High Risk
15717898,Spain,Male,32,131945.94,1,2,0.03,239.63,0.0,0.0,262.05,0.04,0.18,Above Average,High Risk
15769582,France,Male,29,0.0,2,5,0.03,174.23,0.0,0.0,180.66,0.0,0.0,Below Average,High Risk
15635660,Germany,Male,30,142910.15,1,3,3.54,261.17,0.13,0.05,276.88,13.65,136.48,High Value,High Risk
15576723,France,Female,37,0.0,2,12,0.03,220.43,0.0,0.0,223.67,0.0,0.0,Low Value,High Risk
15591577,France,Male,35,146311.58,1,4,0.03,252.92,0.0,0.0,264.22,0.0,0.0,Average,High Risk
15693947,France,Female,19,97445.49,2,2,0.03,259.21,0.0,0.0,283.29,0.0,0.01,Above Average,High Risk
15760446,France,Female,64,0.0,1,12,3.54,195.33,0.0,0.0,198.24,0.03,0.14,Above Average,High Risk
15611105,Spain,Male,35,0.0,2,12,0.03,238.13,0.0,0.0,241.6,0.0,0.0,Low Value,High Risk
15756472,France,Male,25,108396.67,1,2,0.03,316.92,0.0,0.0,345.89,0.0,0.0,Average,High Risk
15682890,Germany,Male,38,65095.41,2,8,0.03,295.82,0.0,0.0,302.21,0.0,0.0,Below Average,High Risk
15733297,France,Female,38,84764.79,1,14,0.03,229.48,0.0,0.0,232.36,0.0,0.0,Low Value,High Risk
15767793,France,Female,38,0.0,2,4,0.03,244.13,0.0,0.0,255.07,0.0,0.0,Below Average,High Risk
15725698,Spain,Female,35,115680.81,1,5,0.03,232.16,0.0,0.0,240.45,0.0,0.0,Below Average,High Risk
15813532,France,Female,39,0.0,2,2,0.03,185.93,0.0,0.0,203.8,0.0,0.01,Average,High Risk
15576760,Germany,Male,36,73088.06,2,2,0.03,275.0,0.0,0.0,300.41,0.0,0.01,Above Average,High Risk
15732102,Germany,Female,27,150905.03,2,1,0.03,274.73,0.0,0.0,330.21,0.37,1.85,Above Average,High Risk
15739046,Spain,Female,23,143054.85,1,12,0.03,332.57,0.0,0.0,337.29,0.0,0.0,Low Value,High Risk
15631927,Spain,Female,28,0.0,2,3,0.03,170.63,0.0,0.0,181.38,0.0,0.0,Average,High Risk
15672115,France,Male,60,0.0,2,10,0.03,214.63,0.0,0.0,218.44,0.0,0.0,Low Value,High Risk
15679148,France,Male,44,115451.05,2,1,0.03,228.54,0.0,0.0,275.48,0.31,1.54,Above Average,High Risk
15728474,Germany,Male,32,108235.91,1,5,0.03,243.11,0.0,0.0,251.76,0.0,0.0,Below Average,High Risk
15636999,France,Male,38,0.0,1,11,3.15,122.63,0.0,0.0,124.76,0.04,0.21,Above Average,High Risk
15736274,France,Male,31,0.0,2,3,0.03,223.73,0.0,0.0,237.4,0.0,0.0,Average,High Risk
15627697,France,Male,34,0.0,2,3,0.03,197.03,0.0,0.0,209.23,0.0,0.0,Average,High Risk
15721585,Germany,Male,29,113146.98,2,5,0.03,264.41,0.0,0.0,273.74,0.0,0.0,Below Average,High Risk
15639946,Germany,Female,39,162532.14,3,4,3.15,257.52,0.07,0.04,269.0,9.85,49.27,High Value,High Risk
15699450,France,Male,48,0.0,2,12,0.03,215.33,0.0,0.0,218.5,0.0,0.0,Low Value,High Risk
15729954,France,Female,28,0.0,3,2,1.97,174.23,0.23,0.11,191.11,20.7,183.96,High Value,High Risk
15600103,Germany,Female,29,104944.1,1,11,0.03,265.41,0.0,0.0,269.59,0.0,0.0,Low Value,High Risk
15786200,France,Male,31,0.0,2,1,0.03,167.63,0.0,0.0,203.29,0.11,0.56,Above Average,High Risk
15670172,France,Female,30,107879.04,1,5,0.03,262.29,0.0,0.0,271.56,0.0,0.0,Below Average,High Risk
15627352,Germany,Male,46,110356.42,1,2,2.76,213.54,0.22,0.08,233.75,18.4,163.67,High Value,High Risk
15585835,Spain,Female,34,109783.69,2,1,0.03,272.31,0.0,0.0,327.34,0.18,0.89,Above Average,High Risk
15595071,France,Male,22,149777.0,1,12,0.03,286.68,0.0,0.0,290.79,0.0,0.0,Low Value,High Risk
15628203,France,Female,38,104339.56,1,1,0.03,266.57,0.0,0.0,320.54,0.36,1.79,Above Average,High Risk
15667190,Spain,Female,21,85818.18,1,1,0.03,263.17,0.01,0.02,316.51,5.05,25.23,High Value,High Risk
15780212,France,Male,37,212692.97,1,1,0.03,257.82,0.0,0.0,310.17,0.17,0.85,Above Average,High Risk
15766869,Germany,Male,37,89696.84,2,1,0.03,264.66,0.01,0.02,318.28,5.08,25.38,High Value,High Risk
15775741,France,Female,28,0.0,2,15,0.03,180.83,0.0,0.0,183.0,0.0,0.0,Low Value,High Risk
15628170,Germany,Female,32,68067.24,1,3,0.03,242.12,0.0,0.0,256.79,0.0,0.0,Below Average,High Risk
15701318,Spain,Male,67,148564.66,1,12,0.03,327.98,0.0,0.0,332.63,0.0,0.0,Low Value,High Risk
15710928,France,Female,55,136354.16,1,11,0.03,283.0,0.0,0.0,287.44,0.0,0.0,Low Value,High Risk
15682547,France,Male,38,122214.0,1,1,0.03,271.22,0.01,0.02,326.06,5.2,26.0,High Value,High Risk
15631170,France,Male,45,0.0,2,5,0.03,206.93,0.0,0.0,214.41,0.0,0.0,Below Average,High Risk
15648702,Germany,Male,70,119684.88,2,10,0.03,333.88,0.0,0.0,339.58,0.0,0.0,Below Average,High Risk
15783444,France,Female,39,135139.33,1,4,0.03,313.59,0.0,0.0,327.35,0.0,0.0,Average,High Risk
15809178,Germany,Female,42,146100.75,1,3,3.54,248.41,0.13,0.05,263.43,12.98,129.85,High Value,High Risk
15806688,Spain,Female,56,123110.9,3,16,3.15,301.87,0.0,0.0,305.09,0.0,0.01,Above Average,High Risk
15576824,Germany,Female,44,111760.4,3,6,1.18,245.13,0.02,0.03,252.35,7.44,37.22,High Value,High Risk
15675422,France,Female,32,110728.39,1,12,0.03,239.07,0.0,0.0,242.55,0.0,0.0,Low Value,High Risk
15681550,France,Female,41,121558.46,1,11,0.03,260.69,0.0,0.0,264.8,0.0,0.0,Low Value,High Risk
15812628,Germany,Female,38,120623.21,1,2,0.03,212.34,0.0,0.0,232.44,0.0,0.0,Average,High Risk
15597951,France,Female,58,114713.57,1,5,0.03,227.4,0.0,0.0,235.54,0.0,0.0,Below Average,High Risk
15807045,Germany,Female,37,103457.76,1,1,0.03,324.11,0.0,0.0,388.73,0.43,2.17,Above Average,High Risk
15581748,Germany,Male,57,101134.87,2,3,0.03,310.21,0.0,0.0,328.62,0.0,0.01,Above Average,High Risk
15770420,Germany,Male,46,78136.36,2,17,0.03,298.24,0.0,0.0,301.24,0.0,0.0,Low Value,High Risk
15730339,Spain,Male,30,133446.34,1,1,0.03,278.11,0.0,0.0,334.22,0.37,1.87,Above Average,High Risk
15712584,France,Female,33,0.0,2,12,0.03,199.43,0.0,0.0,202.39,0.0,0.0,Low Value,High Risk
15641480,France,Male,32,131354.25,1,1,0.03,248.3,0.0,0.0,298.89,0.09,0.47,Above Average,High Risk
15708505,Germany,Female,37,62974.64,2,12,0.03,264.4,0.0,0.0,268.22,0.0,0.0,Low Value,High Risk
15618225,Germany,Male,36,116993.43,2,3,0.03,298.53,0.0,0.0,316.3,0.0,0.0,Average,High Risk
15644724,France,Male,31,58662.92,2,6,0.03,213.23,0.0,0.0,219.6,0.0,0.0,Below Average,High Risk
15662098,Spain,Male,41,128808.65,3,1,1.18,271.87,0.34,0.16,326.83,52.98,311.39,High Value,Medium Risk
15723894,France,Male,45,137555.44,1,2,0.03,264.81,0.0,0.0,289.36,0.0,0.0,Average,High Risk
15787699,Germany,Male,34,142393.11,1,5,0.03,272.54,0.0,0.0,282.14,0.0,0.0,Below Average,High Risk
15687738,France,Female,38,0.0,2,3,0.03,158.93,0.0,0.0,169.04,0.0,0.0,Average,High Risk
15576126,France,Female,41,125785.23,1,2,0.03,271.42,0.0,0.0,296.53,0.04,0.2,Above Average,High Risk
15658889,France,Male,22,136444.25,1,1,1.57,283.96,0.34,0.12,341.15,42.38,249.25,High Value,Medium Risk
15667046,Spain,Male,38,121527.4,1,2,0.03,284.69,0.0,0.0,310.92,0.0,0.0,Average,High Risk
15669957,Germany,Male,52,144696.75,1,12,0.03,276.65,0.0,0.0,280.63,0.0,0.0,Low Value,High Risk
15655794,France,Male,36,0.0,2,13,0.03,184.43,0.0,0.0,186.98,0.0,0.0,Low Value,High Risk
15599829,France,Female,35,0.0,2,17,0.03,171.53,0.0,0.0,173.36,0.0,0.0,Low Value,High Risk
15753332,Germany,Male,48,128140.17,1,2,3.15,197.14,0.22,0.07,215.96,14.96,133.08,High Value,High Risk
15671124,France,Male,25,120383.41,1,8,0.03,256.12,0.0,0.0,261.72,0.0,0.0,Below Average,High Risk
15767474,France,Female,57,0.0,3,18,3.54,151.48,0.0,0.0,153.03,0.0,0.0,Average,High Risk
15720671,France,Male,42,129735.3,2,13,0.03,288.12,0.0,0.0,291.93,0.0,0.0,Low Value,High Risk
15626787,Spain,Female,31,185078.26,1,2,3.15,288.69,0.22,0.07,315.26,21.84,194.27,High Value,High Risk
15774491,France,Female,28,0.0,2,2,0.03,142.43,0.0,0.0,156.62,0.0,0.0,Average,High Risk
15625522,Spain,Male,31,0.0,2,12,0.03,208.43,0.0,0.0,211.51,0.0,0.0,Low Value,High Risk
15765806,France,Male,29,144591.96,1,1,0.03,225.24,0.01,0.02,271.57,4.33,21.65,High Value,High Risk
15566708,France,Female,45,0.0,2,1,1.57,131.63,0.34,0.12,160.63,19.95,117.36,High Value,Medium Risk
15668347,France,Male,36,0.0,2,2,0.03,185.63,0.0,0.0,203.48,0.0,0.0,Average,High Risk
15575214,France,Male,37,0.0,1,2,0.03,211.13,0.0,0.0,231.14,0.0,0.0,Average,High Risk
15591123,Germany,Male,68,100194.44,1,2,0.03,264.8,0.0,0.0,289.35,0.04,0.19,Above Average,High Risk
15573280,Germany,Male,50,145295.31,2,10,0.03,271.48,0.0,0.0,276.18,0.0,0.0,Low Value,High Risk
15589018,Germany,Male,28,106070.29,2,5,0.03,291.28,0.0,0.0,301.48,0.0,0.0,Below Average,High Risk
15654495,Germany,Female,47,120621.89,1,8,0.03,288.24,0.0,0.0,294.47,0.0,0.0,Below Average,High Risk
15597265,France,Male,38,0.0,2,12,0.03,196.43,0.0,0.0,199.35,0.0,0.0,Low Value,High Risk
15733876,France,Male,36,0.0,2,15,0.03,198.53,0.0,0.0,200.89,0.0,0.0,Low Value,High Risk
15677217,France,Male,30,0.0,1,1,0.03,209.93,0.01,0.02,253.42,4.04,20.2,High Value,High Risk
15747265,Germany,Female,27,171283.91,1,14,0.03,258.17,0.0,0.0,261.37,0.0,0.0,Low Value,High Risk
15713379,France,Male,26,0.0,2,6,0.03,199.13,0.0,0.0,205.12,0.0,0.0,Below Average,High Risk
15693347,France,Female,32,0.0,2,8,0.03,201.23,0.0,0.0,205.74,0.0,0.0,Below Average,High Risk
15715465,Germany,Male,28,77776.39,1,2,0.03,287.71,0.0,0.0,314.2,0.0,0.0,Average,High Risk
15680736,Germany,Female,72,124978.19,2,10,0.03,283.27,0.0,0.0,288.16,0.0,0.0,Below Average,High Risk
15650034,France,Female,28,0.0,1,1,0.03,167.63,0.01,0.02,203.29,3.24,16.21,Above Average,High Risk
15782468,Spain,Male,51,109799.55,2,5,1.18,332.06,0.03,0.05,343.57,18.53,92.66,High Value,High Risk
15685109,France,Male,39,0.0,2,3,0.03,205.13,0.0,0.0,217.77,0.0,0.0,Average,High Risk
15776233,Germany,Female,61,125397.21,1,2,3.15,317.84,0.22,0.07,346.89,24.03,213.76,High Value,High Risk
15761141,Spain,Female,71,0.0,2,17,0.03,205.88,0.0,0.0,208.02,0.0,0.0,Low Value,High Risk
15781702,Germany,Male,38,111347.37,2,15,0.03,295.8,0.0,0.0,299.18,0.0,0.0,Low Value,High Risk
15790235,Spain,Male,40,104291.41,2,13,0.03,308.87,0.0,0.0,312.93,0.0,0.0,Low Value,High Risk
15641416,Germany,Female,61,94867.18,2,15,3.54,308.18,0.0,0.0,311.69,0.0,0.02,Above Average,High Risk
15775234,France,Male,24,0.0,2,3,0.03,192.23,0.0,0.0,204.17,0.0,0.0,Average,High Risk
15659475,France,Female,33,135703.59,2,2,0.03,256.32,0.0,0.0,280.15,0.0,0.0,Average,High Risk
15642202,Germany,Female,37,106453.53,2,8,0.03,321.9,0.0,0.0,328.81,0.0,0.0,Below Average,High Risk
15771417,France,Male,43,132412.38,1,2,2.76,269.06,0.22,0.08,293.97,23.14,205.83,High Value,High Risk
15585100,Germany,Female,40,124401.6,1,3,3.54,229.94,0.13,0.05,243.94,12.02,120.24,High Value,High Risk
15700487,France,Male,46,118022.06,3,3,2.36,317.79,0.13,0.07,336.62,24.44,244.4,High Value,High Risk
15595883,Germany,Male,39,127278.31,1,5,0.03,238.79,0.0,0.0,247.3,0.0,0.0,Below Average,High Risk
15663826,Spain,Female,66,0.0,1,4,0.03,178.03,0.0,0.0,186.28,0.0,0.0,Average,High Risk
15742820,France,Female,45,0.0,2,3,0.03,158.93,0.0,0.0,169.04,0.0,0.0,Average,High Risk
15624793,Germany,Male,23,184244.86,1,1,0.03,267.36,0.0,0.0,321.48,0.1,0.5,Above Average,High Risk
15597930,France,Male,52,59669.43,1,2,3.15,268.04,0.22,0.07,292.87,20.29,180.47,High Value,High Risk
15665110,France,Female,25,79543.59,1,10,0.03,228.16,0.0,0.0,232.18,0.0,0.0,Low Value,High Risk
15770719,France,Female,39,151553.19,1,8,0.03,287.06,0.0,0.0,293.27,0.0,0.0,Below Average,High Risk
15731327,Germany,Male,27,166527.88,2,3,0.03,274.19,0.0,0.0,290.62,0.0,0.01,Above Average,High Risk
15576044,Germany,Male,28,150329.15,1,2,0.03,251.6,0.0,0.0,275.04,0.0,0.0,Average,High Risk
15775662,France,Male,43,121911.59,1,2,0.03,304.51,0.0,0.0,332.42,0.0,0.0,Average,High Risk
15646817,France,Male,51,156773.78,2,3,0.03,310.13,0.0,0.0,328.54,0.0,0.0,Average,High Risk
15596060,Spain,Male,29,127864.26,1,11,0.03,226.22,0.0,0.0,229.84,0.0,0.0,Low Value,High Risk
15723299,France,Male,53,113709.28,1,5,1.57,311.99,0.03,0.04,322.86,13.4,67.01,High Value,High Risk
15636982,Germany,Female,43,79974.55,1,10,0.03,285.2,0.0,0.0,290.12,0.0,0.0,Low Value,High Risk
15751175,France,Female,44,0.0,2,3,0.03,192.83,0.0,0.0,204.8,0.0,0.0,Average,High Risk
15618936,France,Female,51,0.0,1,1,1.97,206.08,0.34,0.1,248.86,25.07,147.48,High Value,Medium Risk
15780128,France,Male,33,144427.96,2,1,0.03,289.14,0.0,0.0,347.28,0.39,1.94,Above Average,High Risk
15615991,France,Male,42,99263.09,1,10,0.03,271.34,0.0,0.0,276.04,0.0,0.0,Low Value,High Risk
15757001,France,Female,32,79368.87,2,3,0.03,260.85,0.0,0.0,276.55,0.0,0.01,Above Average,High Risk
15595388,France,Female,30,0.0,2,17,0.03,176.63,0.0,0.0,178.5,0.0,0.0,Low Value,High Risk
15699550,Spain,Female,34,0.0,2,15,0.03,206.93,0.0,0.0,209.37,0.0,0.0,Low Value,High Risk
15581620,France,Male,28,0.0,3,4,0.03,177.53,0.0,0.0,185.76,0.0,0.0,Average,High Risk
15600934,France,Female,52,125095.94,1,2,2.76,306.58,0.22,0.08,334.67,26.35,234.33,High Value,High Risk
15619280,France,Male,25,0.0,2,1,0.03,203.33,0.0,0.0,245.6,0.13,0.67,Above Average,High Risk
15768244,Spain,Female,30,0.0,2,13,0.03,159.83,0.0,0.0,162.08,0.0,0.0,Low Value,High Risk
15806837,France,Male,37,0.0,1,1,0.03,199.13,0.0,0.0,240.62,0.13,0.66,Above Average,High Risk
15643496,France,Female,34,74197.38,2,2,0.03,292.2,0.0,0.0,319.07,0.0,0.01,Above Average,High Risk
15813916,France,Female,31,89688.94,1,1,0.03,261.06,0.01,0.02,314.01,5.01,25.04,High Value,High Risk
15626385,Spain,Female,33,103121.33,2,17,0.03,289.59,0.0,0.0,292.51,0.0,0.0,Low Value,High Risk
15603582,Spain,Female,34,0.0,1,1,0.03,169.13,0.0,0.0,205.07,0.23,1.15,Above Average,High Risk
15764351,Germany,Female,59,120170.07,1,7,0.03,288.06,0.0,0.0,295.21,0.0,0.0,Below Average,High Risk
15667938,France,Male,32,149136.31,2,15,0.03,266.25,0.0,0.0,269.32,0.0,0.0,Low Value,High Risk
15576360,France,Male,40,141136.79,1,1,0.03,257.48,0.01,0.02,309.77,4.94,24.7,High Value,High Risk
15628813,France,Female,43,152341.55,1,1,0.03,285.89,0.0,0.0,343.44,0.19,0.94,Above Average,High Risk
15584190,France,Male,36,120026.98,2,12,0.03,287.6,0.0,0.0,291.73,0.0,0.0,Low Value,High Risk
15716449,Spain,Male,33,132168.28,1,3,0.03,235.15,0.0,0.0,249.43,0.0,0.0,Below Average,High Risk
15759913,Germany,Male,43,85200.82,2,10,0.03,240.02,0.0,0.0,244.22,0.0,0.0,Low Value,High Risk
15701555,Spain,Male,53,84903.33,2,1,0.03,250.35,0.01,0.02,301.31,4.8,24.02,High Value,High Risk
15758171,France,Male,20,0.0,1,5,0.03,173.03,0.0,0.0,179.42,0.0,0.0,Below Average,High Risk
15680346,Spain,Male,40,0.0,1,2,0.03,203.33,0.0,0.0,222.68,0.0,0.0,Average,High Risk
15649124,France,Male,30,121535.18,1,3,0.03,331.49,0.0,0.0,351.07,0.0,0.0,Average,High Risk
15812917,Spain,Male,35,116662.96,2,10,0.03,272.11,0.0,0.0,276.83,0.0,0.0,Low Value,High Risk
15768455,France,Male,60,0.0,2,13,0.03,214.63,0.0,0.0,217.55,0.0,0.0,Low Value,High Risk
15703059,Germany,Female,49,124829.16,1,8,0.03,241.36,0.0,0.0,246.67,0.0,0.0,Below Average,High Risk
15585451,Germany,Female,32,108262.87,1,1,0.03,243.12,0.01,0.02,292.75,4.67,23.34,High Value,High Risk
15714057,Spain,Male,40,0.0,2,1,0.03,156.83,0.0,0.0,190.49,0.1,0.52,Above Average,High Risk
15748473,France,Male,38,0.0,2,2,0.03,238.73,0.0,0.0,261.08,0.0,0.01,Above Average,High Risk
15785782,Spain,Male,48,0.0,1,2,0.79,152.33,0.23,0.25,167.36,41.71,369.16,High Value,High Risk
15693233,Germany,Male,38,99812.88,2,10,0.03,274.97,0.0,0.0,279.73,0.0,0.0,Below Average,High Risk
15757521,France,Male,35,132164.26,1,2,0.03,258.85,0.0,0.0,282.89,0.04,0.19,Above Average,High Risk
15812513,Germany,Male,45,103583.05,1,3,3.94,255.12,0.13,0.04,270.51,12.04,120.45,High Value,High Risk
15674950,Germany,Male,39,142406.43,2,1,0.03,240.74,0.0,0.0,289.93,0.16,0.79,Above Average,High Risk
15678572,Spain,Male,38,99842.5,2,3,2.76,233.88,0.13,0.06,248.09,15.56,155.59,High Value,High Risk
15713608,France,Female,41,0.0,2,8,0.03,253.43,0.0,0.0,258.98,0.0,0.0,Below Average,High Risk
15579262,France,Male,41,0.0,1,3,0.03,147.53,0.0,0.0,157.01,0.0,0.0,Below Average,High Risk
15610426,France,Female,39,81042.42,1,7,0.03,302.98,0.0,0.0,310.47,0.0,0.0,Below Average,High Risk
15776454,France,Female,48,0.0,1,1,1.97,179.33,0.34,0.1,217.16,21.87,128.69,High Value,Medium Risk
15771483,France,Male,40,0.0,2,10,0.03,181.13,0.0,0.0,184.4,0.0,0.0,Low Value,High Risk
15648489,France,Male,53,199689.49,1,5,1.57,229.65,0.03,0.04,237.86,9.87,49.37,High Value,High Risk
15693203,Spain,Female,75,0.0,2,8,0.03,242.68,0.0,0.0,248.01,0.0,0.0,Below Average,High Risk
15813067,Germany,Female,45,110219.14,1,1,1.18,205.43,0.34,0.16,248.09,40.21,236.37,High Value,Medium Risk
15769829,Spain,Male,51,0.0,2,5,0.03,159.88,0.0,0.0,165.85,0.0,0.0,Below Average,High Risk
15662434,France,Male,25,0.0,2,1,0.03,180.53,0.0,0.0,218.58,0.24,1.22,Above Average,High Risk
15773503,Spain,Male,32,0.0,2,1,0.03,163.73,0.0,0.0,198.67,0.11,0.54,Above Average,High Risk
15705890,France,Male,45,142072.02,1,2,0.03,279.73,0.0,0.0,305.54,0.0,0.0,Average,High Risk
15711398,France,Female,25,0.0,2,2,0.03,155.93,0.0,0.0,171.26,0.0,0.0,Average,High Risk
15752375,Germany,Male,33,149564.61,1,2,0.03,271.37,0.0,0.0,296.48,0.0,0.0,Average,High Risk
15659175,France,Female,43,0.0,2,3,0.03,224.93,0.0,0.0,238.66,0.0,0.0,Below Average,High Risk
15597033,Germany,Male,37,153366.13,1,11,0.03,290.44,0.0,0.0,294.98,0.0,0.0,Low Value,High Risk
15590228,France,Male,21,76467.16,1,8,0.03,287.9,0.0,0.0,294.13,0.0,0.0,Below Average,High Risk
15631848,France,Female,26,121508.28,1,12,0.03,294.58,0.0,0.0,298.8,0.0,0.0,Low Value,High Risk
15654211,Spain,Female,27,0.0,1,1,0.03,166.13,0.01,0.02,201.52,3.21,16.07,Above Average,High Risk
15707968,Spain,Male,36,73211.12,2,3,3.15,236.61,0.13,0.06,250.98,13.85,138.53,High Value,High Risk
15594084,France,Male,22,0.0,2,3,0.03,155.63,0.0,0.0,165.56,0.0,0.0,Below Average,High Risk
15651093,France,Female,55,0.0,2,1,0.03,216.78,0.01,0.02,261.54,4.17,20.85,High Value,High Risk
15671591,Spain,Male,52,96196.24,4,1,1.18,209.13,0.34,0.16,252.47,40.92,240.54,High Value,Medium Risk
15707189,Germany,Female,36,114391.62,1,1,0.03,276.18,0.01,0.02,331.93,5.29,26.46,High Value,High Risk
15733581,Germany,Male,32,80262.66,1,3,0.03,323.02,0.0,0.0,342.13,0.0,0.0,Average,High Risk
15641640,Spain,Female,33,173331.52,1,2,0.03,242.35,0.0,0.0,265.0,0.0,0.0,Average,High Risk
15585284,Spain,Female,35,147285.52,1,10,0.03,258.97,0.0,0.0,263.47,0.0,0.0,Low Value,High Risk
15617866,Spain,Male,67,119785.47,2,8,0.03,294.74,0.0,0.0,301.11,0.0,0.0,Below Average,High Risk
15669411,Germany,Female,52,107467.56,1,2,2.36,303.17,0.22,0.09,330.97,30.18,268.3,High Value,High Risk
15789425,Germany,Female,37,98218.04,2,3,3.15,283.27,0.13,0.06,300.2,16.57,165.7,High Value,High Risk
15570943,Germany,Female,35,133607.75,1,2,0.03,290.42,0.0,0.0,317.14,0.04,0.21,Above Average,High Risk
15685829,France,Male,37,0.0,2,5,0.03,163.73,0.0,0.0,169.82,0.0,0.0,Below Average,High Risk
15721917,France,Female,38,95139.41,1,11,0.03,242.55,0.0,0.0,246.41,0.0,0.0,Low Value,High Risk
15776047,France,Female,29,0.0,2,5,0.03,184.43,0.0,0.0,191.19,0.0,0.0,Below Average,High Risk
15716024,Spain,Male,42,0.0,2,2,0.03,196.43,0.0,0.0,215.19,0.0,0.01,Average,High Risk
15675328,France,Female,37,0.0,2,2,0.03,133.13,0.0,0.0,146.53,0.0,0.0,Average,High Risk
15658339,Germany,Male,37,139265.63,2,3,0.03,315.89,0.0,0.0,334.62,0.0,0.01,Above Average,High Risk
15630402,France,Female,31,0.0,1,12,0.03,176.63,0.0,0.0,179.29,0.0,0.0,Low Value,High Risk
15689616,Spain,Male,34,168094.01,1,1,0.03,254.45,0.0,0.0,306.18,0.1,0.48,Above Average,High Risk
15774224,Germany,Female,30,131563.88,2,2,0.03,260.91,0.0,0.0,285.14,0.0,0.01,Above Average,High Risk
15701291,France,Male,44,0.0,2,1,0.03,178.73,0.0,0.0,216.45,0.24,1.21,Above Average,High Risk
15719606,France,Male,50,0.0,2,3,0.03,195.53,0.0,0.0,207.65,0.0,0.0,Below Average,High Risk
15644119,France,Male,31,0.0,1,4,0.03,157.73,0.0,0.0,165.16,0.0,0.0,Average,High Risk
15646859,Germany,Male,47,107363.29,1,10,0.03,261.96,0.0,0.0,266.51,0.0,0.0,Low Value,High Risk
15606836,France,Female,33,94493.03,1,2,0.03,309.41,0.0,0.0,337.74,0.05,0.23,Above Average,High Risk
15664150,Germany,Female,29,170214.23,2,3,0.03,237.13,0.0,0.0,251.53,0.0,0.0,Below Average,High Risk
15624510,France,Male,52,139781.06,1,2,2.36,288.72,0.22,0.09,315.29,28.75,255.6,High Value,High Risk
15810944,France,Female,35,0.0,2,3,0.03,174.23,0.0,0.0,185.18,0.0,0.0,Average,High Risk
15668575,Spain,Female,26,148610.41,3,16,3.15,265.63,0.0,0.0,268.49,0.0,0.01,Above Average,High Risk
15603246,France,Male,73,170241.7,2,3,0.03,256.88,0.0,0.0,272.37,0.0,0.01,Above Average,High Risk
15804002,France,Female,33,128306.83,1,1,0.03,284.15,0.01,0.02,341.37,5.44,27.22,High Value,High Risk
15728773,France,Female,47,0.0,2,12,0.03,168.83,0.0,0.0,171.39,0.0,0.0,Low Value,High Risk
15598044,France,Female,35,0.0,1,4,0.03,212.93,0.0,0.0,222.6,0.0,0.0,Average,High Risk
15694829,Germany,Male,32,175454.0,1,10,0.03,282.93,0.0,0.0,287.82,0.0,0.0,Low Value,High Risk
15600575,Spain,Male,41,0.0,2,2,0.03,239.03,0.0,0.0,261.4,0.0,0.0,Average,High Risk
15570769,France,Male,69,93320.8,1,12,0.03,246.68,0.0,0.0,250.26,0.0,0.0,Low Value,High Risk
15606274,Germany,Male,38,63176.44,2,10,0.03,250.32,0.0,0.0,254.69,0.0,0.0,Low Value,High Risk
15704987,France,Female,52,49113.75,1,2,0.03,267.65,0.0,0.0,292.44,0.0,0.0,Average,High Risk
15628972,Germany,Male,32,123906.22,3,2,0.39,286.32,0.23,0.44,312.69,138.92,465.74,High Value,High Risk
15697686,France,Female,40,0.0,2,10,0.03,234.53,0.0,0.0,238.65,0.0,0.0,Low Value,High Risk
15733883,France,Male,28,0.0,2,3,0.03,179.63,0.0,0.0,190.87,0.0,0.0,Average,High Risk
15621083,France,Male,57,136325.48,2,10,2.36,295.4,0.0,0.0,300.49,0.28,1.42,Above Average,High Risk
15649487,Germany,Female,38,113150.44,2,1,1.57,249.41,0.34,0.12,300.2,37.29,219.34,High Value,Medium Risk
15736760,Spain,Female,42,0.0,1,3,0.03,159.83,0.0,0.0,169.99,0.0,0.0,Below Average,High Risk
15714658,France,Female,33,0.0,2,6,0.03,207.23,0.0,0.0,213.44,0.0,0.0,Below Average,High Risk
15599081,Germany,Female,46,102785.16,1,11,0.03,227.47,0.0,0.0,231.11,0.0,0.0,Low Value,High Risk
15705113,Spain,Male,34,83264.28,1,2,0.03,279.47,0.0,0.0,305.26,0.0,0.0,Average,High Risk
15631159,Germany,Male,41,72252.64,2,6,0.03,284.52,0.0,0.0,292.79,0.0,0.0,Below Average,High Risk
15792818,Germany,Female,29,148051.52,1,2,0.03,227.5,0.0,0.0,248.89,0.0,0.0,Average,High Risk
15633531,France,Female,76,138489.66,1,12,0.03,324.96,0.0,0.0,329.57,0.0,0.0,Low Value,High Risk
15744529,France,Male,63,0.0,2,13,0.03,167.68,0.0,0.0,170.03,0.0,0.0,Low Value,High Risk
15669656,France,Male,32,111589.33,1,8,0.03,265.52,0.0,0.0,271.3,0.0,0.0,Below Average,High Risk
15729054,Germany,Male,32,96106.83,1,5,0.03,298.12,0.0,0.0,308.54,0.0,0.0,Below Average,High Risk
15573452,Germany,Male,42,115930.87,1,2,0.03,275.07,0.0,0.0,300.49,0.0,0.0,Average,High Risk
15776733,Germany,Female,37,124513.66,2,3,0.03,268.05,0.0,0.0,284.14,0.0,0.0,Average,High Risk
15724858,France,Female,54,0.0,1,3,3.54,209.83,0.13,0.05,222.73,10.98,109.78,High Value,High Risk
15713144,Spain,Male,46,0.0,1,2,0.03,174.83,0.0,0.0,191.76,0.0,0.0,Average,High Risk
15690188,France,Male,33,0.0,1,10,2.76,187.73,0.0,0.0,191.11,0.16,0.78,Above Average,High Risk
15689425,Spain,Male,35,100988.39,2,3,0.03,281.35,0.0,0.0,298.18,0.0,0.0,Average,High Risk
15671766,France,Male,44,118577.24,1,14,0.03,256.02,0.0,0.0,259.19,0.0,0.0,Low Value,High Risk
15782806,Spain,Male,28,0.0,2,2,0.03,213.83,0.0,0.0,234.07,0.0,0.0,Average,High Risk
15764419,France,Male,27,0.0,2,8,0.03,217.43,0.0,0.0,222.26,0.0,0.0,Below Average,High Risk
15591915,France,Female,39,0.0,1,2,0.79,158.33,0.23,0.25,173.87,43.33,383.52,High Value,High Risk
15772798,Spain,Female,28,0.0,2,8,0.03,211.73,0.0,0.0,216.45,0.0,0.0,Below Average,High Risk
15792008,Spain,Female,26,0.0,2,15,0.03,164.93,0.0,0.0,166.93,0.0,0.0,Low Value,High Risk
15715541,France,Female,42,113311.11,1,12,0.03,331.02,0.0,0.0,335.71,0.0,0.0,Low Value,High Risk
15639277,France,Female,41,0.0,1,3,0.03,201.83,0.0,0.0,214.29,0.0,0.0,Below Average,High Risk
15798850,France,Male,32,0.0,2,3,0.03,171.23,0.0,0.0,182.01,0.0,0.0,Average,High Risk
15776348,Germany,Male,20,124365.42,1,1,1.57,327.14,0.34,0.12,392.32,48.74,286.64,High Value,Medium Risk
15727696,France,Male,42,147249.29,2,1,0.03,255.37,0.01,0.02,307.26,4.9,24.5,High Value,High Risk
15793813,France,Male,36,103688.19,1,10,0.03,307.63,0.0,0.0,312.91,0.0,0.0,Low Value,High Risk
15764195,Spain,Male,39,111900.14,1,5,0.03,231.64,0.0,0.0,239.91,0.0,0.0,Below Average,High Risk
15671655,Germany,Male,31,143966.3,2,12,2.76,306.52,0.0,0.0,310.89,0.05,0.27,Above Average,High Risk
15654901,France,Male,51,141556.96,1,3,0.03,298.65,0.0,0.0,316.43,0.0,0.0,Below Average,High Risk
15649136,France,Female,43,0.0,2,10,0.03,193.43,0.0,0.0,196.9,0.0,0.0,Low Value,High Risk
15775562,France,Female,33,0.0,2,2,0.03,159.83,0.0,0.0,175.49,0.0,0.0,Average,High Risk
15807481,France,Female,46,0.0,1,1,0.03,171.53,0.01,0.02,207.92,3.32,16.58,Above Average,High Risk
15642885,France,Male,30,0.0,2,3,0.03,236.03,0.0,0.0,250.37,0.0,0.0,Average,High Risk
15789109,France,Female,41,0.0,1,14,3.94,204.23,0.0,0.0,206.82,0.01,0.03,Above Average,High Risk
15814004,France,Male,29,0.0,2,3,0.03,175.13,0.0,0.0,186.13,0.0,0.0,Average,High Risk
15673619,France,Male,25,162560.32,1,3,0.03,237.43,0.0,0.0,251.84,0.0,0.0,Below Average,High Risk
15595135,Germany,Female,29,123229.46,1,2,0.03,309.98,0.0,0.0,338.36,0.0,0.0,Average,High Risk
15583681,Spain,Male,31,76665.71,2,12,0.03,258.21,0.0,0.0,261.95,0.0,0.0,Low Value,High Risk
15605000,France,Male,38,140278.99,3,18,3.54,242.44,0.0,0.0,244.78,0.0,0.0,Average,High Risk
15718071,France,Female,51,0.0,2,5,0.03,196.18,0.0,0.0,203.32,0.0,0.0,Below Average,High Risk
15654574,Germany,Male,36,131142.53,2,2,0.03,226.69,0.0,0.0,248.02,0.0,0.01,Above Average,High Risk
15577178,France,Male,45,68375.27,1,1,1.97,225.95,0.34,0.1,272.41,27.44,161.43,High Value,Medium Risk
15595324,Germany,Female,39,117833.3,3,2,1.97,249.98,0.23,0.11,273.27,29.6,263.05,High Value,High Risk
15756932,Spain,Female,36,0.0,2,12,0.03,207.23,0.0,0.0,210.3,0.0,0.0,Low Value,High Risk
15726358,France,Male,34,0.0,2,3,0.03,202.73,0.0,0.0,215.24,0.0,0.0,Average,High Risk
15595228,France,Male,45,0.0,1,10,2.76,242.93,0.0,0.0,247.18,0.2,1.01,Above Average,High Risk
15592877,Spain,Male,42,132657.55,1,3,0.03,269.37,0.0,0.0,285.54,0.0,0.0,Average,High Risk
15651983,France,Female,56,128882.49,1,12,3.54,261.68,0.0,0.0,265.46,0.04,0.18,Above Average,High Risk
15746737,Germany,Male,59,69129.59,1,12,0.03,253.47,0.0,0.0,257.15,0.0,0.0,Low Value,High Risk
15774179,France,Male,37,0.0,2,10,0.03,144.53,0.0,0.0,147.22,0.0,0.0,Low Value,High Risk
15667265,France,Male,39,121404.64,1,5,0.03,295.18,0.0,0.0,305.5,0.0,0.0,Below Average,High Risk
15655123,Spain,Female,45,131355.3,3,4,3.54,228.5,0.07,0.03,238.81,7.81,39.07,High Value,High Risk
15595917,France,Female,35,102097.33,1,1,0.03,249.32,0.01,0.02,300.1,4.79,23.93,High Value,High Risk
15668385,France,Male,40,154863.15,1,1,0.03,270.7,0.01,0.02,325.44,5.19,25.95,High Value,High Risk
15709476,Spain,Female,41,99945.93,2,1,0.03,330.18,0.0,0.0,395.93,0.44,2.21,Above Average,High Risk
15798659,Spain,Female,43,0.0,2,1,0.03,156.23,0.0,0.0,189.78,0.21,1.06,Above Average,High Risk
15663939,Germany,Male,35,138782.76,1,11,0.03,234.27,0.0,0.0,238.01,0.0,0.0,Low Value,High Risk
15694946,France,Male,35,0.0,2,15,0.03,197.33,0.0,0.0,199.67,0.0,0.0,Low Value,High Risk
15631912,France,Male,30,136291.71,1,2,0.03,329.25,0.0,0.0,359.26,0.0,0.0,Average,High Risk
15699284,France,Male,49,172713.44,1,2,0.03,254.03,0.0,0.0,277.67,0.0,0.0,Average,High Risk
15786993,France,Female,51,0.0,2,8,0.03,242.68,0.0,0.0,248.01,0.0,0.0,Below Average,High Risk
15709441,Spain,Female,59,0.0,1,11,0.03,233.18,0.0,0.0,236.9,0.0,0.0,Low Value,High Risk
15710257,France,Female,39,130786.92,1,4,0.03,264.48,0.0,0.0,276.24,0.0,0.0,Average,High Risk
15575694,Spain,Female,45,91091.06,2,3,0.03,293.26,0.0,0.0,310.74,0.0,0.0,Average,High Risk
15756820,France,Female,26,106198.5,1,10,0.03,272.09,0.0,0.0,276.8,0.0,0.0,Low Value,High Risk
15766289,France,Male,47,142669.93,2,2,0.03,302.86,0.0,0.0,330.63,0.0,0.01,Above Average,High Risk
15593014,France,Male,33,112833.35,1,1,0.03,233.49,0.01,0.02,281.34,4.49,22.43,High Value,High Risk
15584545,France,Female,40,0.0,2,8,0.03,158.03,0.0,0.0,161.68,0.0,0.0,Below Average,High Risk
15675949,Spain,Female,43,0.0,2,6,0.03,207.23,0.0,0.0,213.44,0.0,0.0,Below Average,High Risk
15801658,France,Male,55,104305.74,1,8,0.03,255.72,0.0,0.0,261.31,0.0,0.0,Below Average,High Risk
15706185,Germany,Male,47,140187.1,2,8,0.03,256.24,0.0,0.0,261.84,0.0,0.0,Below Average,High Risk
15789863,France,Male,39,0.0,2,1,0.03,203.33,0.0,0.0,245.6,0.13,0.67,Above Average,High Risk
15697997,France,Male,33,164704.38,1,7,1.97,259.11,0.01,0.01,265.6,2.55,12.74,Above Average,High Risk
15665416,France,Male,62,119096.55,1,14,0.03,325.05,0.0,0.0,329.0,0.0,0.0,Low Value,High Risk
15660200,France,Male,31,0.0,2,1,0.03,163.73,0.01,0.02,198.67,3.17,15.84,Above Average,High Risk
15773447,Spain,Male,30,0.0,1,2,0.03,156.23,0.0,0.0,171.59,0.0,0.0,Average,High Risk
15739160,France,Female,41,115465.28,1,3,0.03,330.84,0.0,0.0,350.39,0.0,0.0,Average,High Risk
15689237,France,Female,27,0.0,2,1,0.03,139.73,0.0,0.0,170.23,0.09,0.46,Above Average,High Risk
15679297,Spain,Male,43,184926.61,1,1,0.03,267.68,0.0,0.0,321.86,0.36,1.8,Above Average,High Risk
15591433,Germany,Male,43,85957.88,2,3,0.03,276.38,0.0,0.0,292.93,0.0,0.0,Average,High Risk
15642725,France,Male,32,114084.6,1,14,0.03,315.16,0.0,0.0,319.0,0.0,0.0,Low Value,High Risk
15811613,France,Female,27,0.0,1,2,0.03,174.83,0.0,0.0,191.76,0.0,0.0,Average,High Risk
15741049,France,Male,29,0.0,2,12,0.03,171.53,0.0,0.0,174.13,0.0,0.0,Low Value,High Risk
15724423,France,Female,38,107193.82,2,2,0.03,246.95,0.0,0.0,269.99,0.0,0.0,Average,High Risk
15574305,France,Male,36,116275.12,1,4,0.03,280.19,0.0,0.0,292.59,0.0,0.0,Average,High Risk
15678168,Spain,Female,27,0.0,2,12,0.03,192.83,0.0,0.0,195.71,0.0,0.0,Low Value,High Risk
15610801,Germany,Male,41,123049.21,1,7,0.03,270.97,0.0,0.0,277.72,0.0,0.0,Below Average,High Risk
15745232,France,Female,39,0.0,2,10,0.03,226.13,0.0,0.0,230.12,0.0,0.0,Low Value,High Risk
15722758,France,Male,40,0.0,2,3,0.03,173.93,0.0,0.0,184.86,0.0,0.0,Average,High Risk
15792102,France,Female,42,137781.65,1,1,0.03,309.52,0.0,0.0,371.44,0.42,2.08,Above Average,High Risk
15675185,Germany,Female,48,108128.96,2,3,0.03,284.81,0.0,0.0,301.82,0.0,0.01,Above Average,High Risk
15801247,Spain,Male,39,105317.73,2,4,0.03,257.03,0.0,0.0,268.49,0.0,0.0,Below Average,High Risk
15638963,France,Female,22,174852.89,1,5,0.03,282.31,0.0,0.0,292.22,0.0,0.0,Below Average,High Risk
15800061,Spain,Female,45,89158.94,3,1,1.18,222.92,0.34,0.16,268.81,43.57,256.12,High Value,Medium Risk
15578006,France,Female,85,0.0,2,17,0.03,278.28,0.0,0.0,281.1,0.0,0.0,Low Value,High Risk
15668504,France,Male,36,89800.14,1,2,0.03,305.47,0.0,0.0,333.46,0.04,0.22,Above Average,High Risk
15687491,Germany,Male,45,101207.75,1,3,3.54,320.37,0.13,0.05,339.33,16.73,167.26,High Value,High Risk
15741094,France,Male,21,0.0,2,1,0.03,206.33,0.01,0.02,249.16,3.97,19.86,High Value,High Risk
15807909,France,Male,47,0.0,2,3,0.03,221.63,0.0,0.0,235.18,0.0,0.0,Below Average,High Risk
15666141,Spain,Female,26,101440.36,2,13,0.03,323.98,0.0,0.0,328.23,0.0,0.0,Low Value,High Risk
15617134,France,Male,38,0.0,2,1,0.03,213.23,0.0,0.0,257.33,0.14,0.7,Above Average,High Risk
15783029,France,Male,34,106603.74,2,12,0.03,276.91,0.0,0.0,280.89,0.0,0.0,Low Value,High Risk
15622833,Germany,Female,29,130420.2,2,4,0.03,327.46,0.0,0.0,341.78,0.0,0.0,Below Average,High Risk
15750839,Spain,Male,29,45022.23,1,2,0.03,264.57,0.0,0.0,289.1,0.04,0.19,Above Average,High Risk
15749130,Germany,Male,27,74298.43,1,1,0.03,259.51,0.01,0.02,312.17,4.98,24.89,High Value,High Risk
15779862,Germany,Female,31,133003.03,1,4,1.18,274.49,0.07,0.09,286.66,26.21,131.05,High Value,High Risk
15767871,Spain,Male,48,0.0,2,12,0.03,233.63,0.0,0.0,237.04,0.0,0.0,Low Value,High Risk
15576219,France,Male,32,0.0,2,6,0.03,182.93,0.0,0.0,188.49,0.0,0.0,Below Average,High Risk
15699247,France,Female,44,0.0,2,8,1.97,235.73,0.0,0.0,240.93,1.16,5.79,Above Average,High Risk
15619087,France,Male,53,102520.37,1,1,0.03,307.7,0.01,0.02,369.29,5.89,29.44,High Value,High Risk
15605327,France,Male,35,0.0,2,3,0.03,180.53,0.0,0.0,191.82,0.0,0.0,Average,High Risk
15610140,France,Female,34,0.0,2,2,0.03,178.73,0.0,0.0,195.99,0.0,0.01,Average,High Risk
15791174,Spain,Male,67,88382.01,1,1,0.03,257.61,0.01,0.02,309.93,4.94,24.71,High Value,High Risk
15602373,France,Male,44,115049.15,2,1,0.03,319.72,0.0,0.0,383.53,0.21,1.05,Above Average,High Risk
15762605,France,Male,58,104796.54,1,1,0.03,291.0,0.01,0.02,349.49,5.57,27.86,High Value,High Risk
15744279,Spain,Female,58,0.0,2,13,0.03,212.43,0.0,0.0,215.32,0.0,0.0,Low Value,High Risk
15670619,France,Female,33,0.0,2,3,0.03,187.73,0.0,0.0,199.42,0.0,0.0,Average,High Risk
15599533,France,Female,43,0.0,2,12,0.03,169.13,0.0,0.0,171.69,0.0,0.0,Low Value,High Risk
15757837,Germany,Male,33,88311.48,2,5,0.03,249.56,0.0,0.0,258.41,0.0,0.0,Below Average,High Risk
15697574,France,Female,40,0.0,3,18,0.03,173.03,0.0,0.0,174.77,0.0,0.0,Low Value,High Risk
15578738,France,Male,32,71872.19,1,10,0.03,255.68,0.0,0.0,260.14,0.0,0.0,Low Value,High Risk
15762228,Spain,Male,35,110046.93,2,2,0.03,227.62,0.0,0.0,249.03,0.0,0.0,Average,High Risk
15614827,France,Male,42,104430.08,1,11,0.03,226.38,0.0,0.0,230.0,0.0,0.0,Low Value,High Risk
15789815,France,Female,28,0.0,2,2,0.03,149.33,0.0,0.0,164.1,0.0,0.0,Average,High Risk
15579781,Germany,Male,31,138653.51,1,3,0.03,319.16,0.0,0.0,338.07,0.0,0.0,Below Average,High Risk
15587013,France,Female,31,102575.04,1,10,0.03,271.26,0.0,0.0,275.96,0.0,0.0,Low Value,High Risk
15570932,France,Male,43,137780.74,2,12,2.76,277.12,0.0,0.0,281.11,0.05,0.25,Above Average,High Risk
15581654,France,Male,32,0.0,2,12,0.03,237.83,0.0,0.0,241.3,0.0,0.0,Low Value,High Risk
15644296,France,Female,30,105209.54,1,2,0.03,297.52,0.0,0.0,324.85,0.0,0.0,Average,High Risk
15609653,Germany,Female,44,118715.86,1,2,2.36,260.53,0.22,0.09,284.72,25.96,230.81,High Value,High Risk
15594577,France,Male,35,0.0,2,17,0.03,165.23,0.0,0.0,167.0,0.0,0.0,Low Value,High Risk
15584114,Germany,Female,43,153393.18,2,3,0.03,281.44,0.0,0.0,298.27,0.0,0.01,Above Average,High Risk
15673367,Germany,Male,33,132603.36,1,2,0.03,253.17,0.0,0.0,276.73,0.0,0.0,Average,High Risk
15685576,Spain,Female,36,0.0,2,10,0.03,156.53,0.0,0.0,159.41,0.0,0.0,Low Value,High Risk
15694288,Spain,Male,28,0.0,2,1,0.03,138.83,0.0,0.0,169.16,0.19,0.95,Above Average,High Risk
15759066,France,Female,44,136836.49,1,1,1.97,222.18,0.34,0.1,267.93,26.99,158.78,High Value,Medium Risk
15814816,France,Male,40,91592.06,1,1,1.57,214.4,0.34,0.12,258.72,32.14,189.03,High Value,Medium Risk
15724402,France,Female,30,0.0,2,3,0.03,229.43,0.0,0.0,243.41,0.0,0.0,Average,High Risk
15571059,France,Female,54,0.0,1,1,1.18,223.63,0.34,0.16,269.66,43.71,256.92,High Value,Medium Risk
15674206,France,Female,22,0.0,2,13,0.03,213.23,0.0,0.0,216.13,0.0,0.0,Low Value,High Risk
15715160,France,Male,36,165536.28,2,3,0.03,210.25,0.0,0.0,223.17,0.0,0.01,Average,High Risk
15730448,Germany,Male,25,62482.95,1,7,0.03,233.45,0.0,0.0,239.35,0.0,0.0,Below Average,High Risk
15662067,France,Male,40,68155.59,1,2,0.03,295.53,0.0,0.0,322.68,0.0,0.0,Average,High Risk
15779581,Spain,Female,43,55853.33,2,5,1.18,291.5,0.03,0.05,301.71,16.27,81.37,High Value,High Risk
15662901,France,Male,37,0.0,2,3,0.03,195.23,0.0,0.0,207.33,0.0,0.0,Average,High Risk
15667742,Spain,Male,41,100880.76,1,7,0.03,263.34,0.0,0.0,269.93,0.0,0.0,Below Average,High Risk
15738448,Germany,Female,25,174330.35,2,1,0.03,222.89,0.0,0.0,268.78,0.3,1.5,Above Average,High Risk
15680243,France,Male,19,143390.51,1,2,0.03,315.19,0.0,0.0,344.01,0.0,0.0,Average,High Risk
15745083,Germany,Male,59,91415.76,1,2,3.15,269.74,0.22,0.07,294.71,20.41,181.6,High Value,High Risk
15708228,Germany,Male,30,134366.42,1,1,0.03,219.96,0.0,0.0,265.3,0.3,1.48,Above Average,High Risk
15628523,France,Female,24,0.0,2,5,0.03,160.13,0.0,0.0,166.1,0.0,0.0,Below Average,High Risk
15708196,Spain,Male,60,88786.81,1,11,0.03,295.69,0.0,0.0,300.31,0.0,0.0,Low Value,High Risk
15735549,Germany,Male,35,96814.46,2,5,0.03,317.97,0.0,0.0,329.03,0.0,0.0,Below Average,High Risk
15809347,Germany,Male,32,160680.41,1,3,0.03,307.25,0.0,0.0,325.5,0.0,0.0,Average,High Risk
15660866,France,Female,29,0.0,2,1,0.03,190.43,0.0,0.0,230.31,0.26,1.29,Above Average,High Risk
15766609,France,Female,47,0.0,2,4,0.03,194.93,0.0,0.0,203.87,0.0,0.0,Below Average,High Risk
15654230,Germany,Male,31,145537.21,1,1,0.03,235.49,0.0,0.0,283.71,0.09,0.44,Above Average,High Risk
15794566,France,Female,28,0.0,2,6,1.57,201.83,0.02,0.02,207.9,4.72,23.6,High Value,High Risk
15800890,France,Female,45,0.0,2,10,0.03,164.63,0.0,0.0,167.64,0.0,0.0,Low Value,High Risk
15697424,Spain,Female,30,119370.11,1,2,0.79,255.47,0.23,0.25,279.23,69.59,465.74,High Value,High Risk
15724536,Spain,Female,28,0.0,2,1,0.03,166.43,0.01,0.02,201.87,3.22,16.09,Above Average,High Risk
15735878,Germany,Female,47,134381.52,1,3,3.94,332.16,0.13,0.04,351.77,15.66,156.63,High Value,High Risk
15707596,Germany,Female,74,114888.74,2,13,3.15,269.91,0.0,0.0,273.5,0.02,0.1,Above Average,High Risk
15622478,France,Female,40,105061.74,3,3,2.76,284.92,0.13,0.06,301.94,18.94,189.36,High Value,High Risk
15779529,France,Male,32,0.0,2,12,0.03,184.43,0.0,0.0,187.2,0.0,0.0,Low Value,High Risk
15636023,France,Female,40,0.0,1,14,3.94,184.13,0.0,0.0,186.49,0.0,0.02,Above Average,High Risk
15582066,France,Male,21,0.0,1,5,0.03,166.73,0.0,0.0,172.92,0.0,0.0,Below Average,High Risk
15666675,France,Female,39,155062.8,1,10,0.03,304.01,0.0,0.0,309.23,0.0,0.0,Low Value,High Risk
15732987,Spain,Male,43,88798.34,1,1,0.03,290.69,0.0,0.0,349.13,0.39,1.95,Above Average,High Risk
15789432,France,Male,33,0.0,2,2,0.03,133.73,0.0,0.0,147.18,0.0,0.0,Average,High Risk
15663161,Germany,Female,51,143139.87,1,1,1.97,282.83,0.34,0.1,339.81,34.23,201.37,High Value,Medium Risk
15694879,Spain,Female,23,0.0,2,3,0.03,175.43,0.0,0.0,186.44,0.0,0.0,Average,High Risk
15593715,Germany,Male,27,107027.52,1,1,0.03,265.84,0.0,0.0,319.67,0.36,1.79,Above Average,High Risk
15575002,France,Male,29,140720.93,1,1,0.03,280.26,0.0,0.0,336.77,0.18,0.92,Above Average,High Risk
15622171,France,Male,30,80964.57,2,3,0.03,266.38,0.0,0.0,282.38,0.0,0.0,Average,High Risk
15795224,France,Male,39,178585.46,1,2,2.36,307.05,0.22,0.09,335.18,30.56,271.72,High Value,High Risk
15685346,Spain,Female,26,135889.13,1,5,0.03,298.03,0.0,0.0,308.45,0.0,0.0,Below Average,High Risk
15691808,France,Male,43,134919.85,1,2,0.03,273.98,0.0,0.0,299.31,0.0,0.0,Average,High Risk
15721007,Germany,Male,33,115130.34,1,2,3.15,308.93,0.22,0.07,337.21,23.36,207.8,High Value,High Risk
15794253,Spain,Female,34,138190.13,2,10,0.03,326.94,0.0,0.0,332.53,0.0,0.0,Below Average,High Risk
15694453,Germany,Male,37,131519.49,2,15,0.03,266.31,0.0,0.0,269.38,0.0,0.0,Low Value,High Risk
15813113,Spain,Female,56,0.0,1,1,1.97,244.43,0.34,0.1,294.31,29.64,174.41,High Value,Medium Risk
15614187,Germany,Female,39,126935.98,2,5,0.03,271.18,0.0,0.0,280.73,0.0,0.0,Below Average,High Risk
15619407,France,Male,39,133707.09,1,5,0.03,261.62,0.0,0.0,270.87,0.0,0.0,Below Average,High Risk
15660541,France,Male,34,127900.03,1,1,0.03,285.03,0.0,0.0,342.41,0.11,0.53,Above Average,High Risk
15753874,France,Male,37,143835.47,1,14,0.03,285.81,0.0,0.0,289.32,0.0,0.0,Low Value,High Risk
15772073,France,Male,48,0.0,1,3,3.94,197.63,0.13,0.04,209.86,9.34,93.44,High Value,High Risk
15701537,France,Male,60,0.0,1,2,0.79,237.73,0.23,0.25,259.99,64.8,465.74,High Value,High Risk
15736228,France,Female,40,129596.77,1,4,0.03,270.41,0.0,0.0,282.42,0.0,0.0,Average,High Risk
15780572,Spain,Male,30,0.0,2,1,0.03,194.33,0.0,0.0,234.94,0.13,0.64,Above Average,High Risk
15586996,France,Female,76,0.0,2,12,0.03,240.03,0.0,0.0,243.53,0.0,0.0,Low Value,High Risk
15722061,Germany,Female,41,142015.76,2,3,0.03,263.22,0.0,0.0,279.06,0.0,0.0,Average,High Risk
15638003,Spain,Male,55,81370.07,1,1,0.03,274.46,0.01,0.02,329.89,5.26,26.3,High Value,High Risk
15730688,France,Female,28,116755.5,2,13,3.15,240.62,0.0,0.0,243.85,0.02,0.09,Above Average,High Risk
15753102,Spain,Male,44,83870.33,1,2,0.03,299.61,0.0,0.0,327.11,0.0,0.0,Average,High Risk
15810075,France,Female,39,130694.89,2,10,2.36,271.37,0.0,0.0,276.07,0.26,1.3,Above Average,High Risk
15723373,Spain,Female,34,117451.47,1,2,0.03,269.16,0.0,0.0,294.08,0.0,0.0,Average,High Risk
15795298,Germany,Female,35,206868.78,2,15,0.03,251.93,0.0,0.0,254.85,0.0,0.0,Low Value,High Risk
15584320,France,Female,39,111695.62,1,1,0.03,281.72,0.0,0.0,338.5,0.38,1.89,Above Average,High Risk
15724161,France,Female,40,137285.26,4,5,3.54,270.5,0.03,0.02,280.03,5.41,27.05,High Value,High Risk
15750056,France,Female,29,149218.39,1,8,0.03,288.45,0.0,0.0,294.7,0.0,0.0,Below Average,High Risk
15609637,France,Male,51,0.0,2,12,0.03,195.28,0.0,0.0,198.19,0.0,0.0,Low Value,High Risk
15794493,Spain,Male,32,0.0,2,12,0.03,190.73,0.0,0.0,193.58,0.0,0.0,Low Value,High Risk
15569641,Germany,Female,41,130701.29,1,2,3.15,284.57,0.22,0.07,310.8,21.53,191.52,High Value,High Risk
15815236,Spain,Male,34,0.0,2,2,0.03,170.63,0.0,0.0,187.21,0.0,0.01,Average,High Risk
15811177,France,Female,31,167949.48,1,1,0.03,271.54,0.0,0.0,326.43,0.36,1.82,Above Average,High Risk
15680587,France,Male,23,131254.81,1,1,0.03,327.2,0.0,0.0,392.39,0.21,1.07,Above Average,High Risk
15672821,France,Male,28,0.0,2,8,0.03,175.73,0.0,0.0,179.73,0.0,0.0,Below Average,High Risk
15767681,Spain,Male,34,0.0,2,15,0.03,139.43,0.0,0.0,141.16,0.0,0.0,Low Value,High Risk
15600379,Spain,Male,34,86656.13,1,10,0.03,256.63,0.0,0.0,261.1,0.0,0.0,Low Value,High Risk
15801336,Germany,Female,37,114737.26,1,11,3.15,270.8,0.0,0.0,275.06,0.09,0.46,Above Average,High Risk
15721592,France,Female,38,0.0,2,2,0.03,197.93,0.0,0.0,216.82,0.0,0.01,Above Average,High Risk
15581282,France,Female,39,0.0,1,2,0.03,193.73,0.0,0.0,212.26,0.0,0.0,Average,High Risk
15746203,Germany,Male,62,119817.33,1,5,1.57,257.89,0.03,0.04,267.01,11.08,55.42,High Value,High Risk
15583137,France,Female,48,130806.99,2,12,2.76,268.08,0.0,0.0,271.94,0.05,0.24,Above Average,High Risk
15688172,Spain,Male,40,0.0,2,2,0.03,201.53,0.0,0.0,220.72,0.0,0.01,Above Average,High Risk
15589449,France,Female,56,0.0,3,6,1.18,250.43,0.02,0.03,257.8,7.6,38.02,High Value,High Risk
15727467,France,Female,27,0.0,2,1,0.03,143.93,0.0,0.0,175.21,0.2,0.98,Above Average,High Risk
15734312,Spain,Male,43,0.0,2,10,0.03,171.53,0.0,0.0,174.65,0.0,0.0,Low Value,High Risk
15764604,France,Female,35,164769.02,3,3,2.76,254.32,0.13,0.06,269.66,16.91,169.11,High Value,High Risk
15759684,France,Female,27,176227.07,2,12,0.03,237.36,0.0,0.0,240.82,0.0,0.0,Low Value,High Risk
15609669,France,Female,39,109949.39,2,6,0.03,238.42,0.0,0.0,245.46,0.0,0.0,Below Average,High Risk
15685536,France,Female,34,0.0,2,8,0.03,164.03,0.0,0.0,167.8,0.0,0.0,Below Average,High Risk
15750447,France,Female,60,117738.81,1,3,3.94,292.17,0.13,0.04,309.6,13.78,137.85,High Value,High Risk
15663249,Spain,Female,37,133292.45,1,3,0.03,249.6,0.0,0.0,264.68,0.0,0.0,Below Average,High Risk
15638646,France,Female,43,160474.59,1,1,0.03,279.04,0.01,0.02,335.32,5.35,26.73,High Value,High Risk
15734161,France,Male,43,0.0,2,2,0.03,189.23,0.0,0.0,207.38,0.0,0.0,Average,High Risk
15631070,Germany,Male,55,154393.43,1,12,3.54,284.43,0.0,0.0,288.51,0.04,0.2,Above Average,High Risk
15761950,Germany,Female,45,110827.49,1,12,3.54,271.47,0.0,0.0,275.38,0.04,0.19,Above Average,High Risk
15649668,Germany,Female,36,145750.45,2,17,0.03,268.8,0.0,0.0,271.52,0.0,0.0,Low Value,High Risk
15713912,Spain,Female,45,109044.3,1,11,0.03,230.56,0.0,0.0,234.24,0.0,0.0,Low Value,High Risk
15586757,France,Female,32,75170.54,1,5,0.03,313.58,0.0,0.0,324.5,0.0,0.0,Below Average,High Risk
15625395,France,Female,28,105795.9,1,8,0.03,251.06,0.0,0.0,256.56,0.0,0.0,Below Average,High Risk
15760570,France,Male,32,0.0,2,2,0.03,175.43,0.0,0.0,192.41,0.0,0.01,Average,High Risk
15566689,Spain,Male,66,0.0,2,13,0.03,184.63,0.0,0.0,187.18,0.0,0.0,Low Value,High Risk
15673539,France,Female,26,118097.87,1,1,0.03,283.3,0.0,0.0,340.36,0.38,1.9,Above Average,High Risk
15675791,France,Male,36,129440.3,2,1,0.03,259.91,0.0,0.0,312.64,0.17,0.85,Above Average,High Risk
15747043,Spain,Male,36,0.0,2,1,0.03,178.13,0.0,0.0,215.74,0.12,0.59,Above Average,High Risk
15678201,France,Female,46,0.0,1,1,0.39,162.83,0.34,0.42,197.61,82.95,465.74,High Value,Medium Risk
15720745,Spain,Male,24,140197.18,1,5,0.03,267.94,0.0,0.0,277.38,0.0,0.0,Below Average,High Risk
15637593,France,Male,20,0.0,2,2,0.03,215.03,0.0,0.0,235.37,0.0,0.0,Average,High Risk
15598070,France,Female,33,135946.26,1,1,0.03,246.43,0.0,0.0,296.68,0.16,0.81,Above Average,High Risk
15787550,France,Male,69,0.0,2,5,0.03,237.88,0.0,0.0,246.36,0.0,0.0,Below Average,High Risk
15603942,Germany,Male,50,81290.02,3,6,1.18,237.91,0.02,0.03,244.93,7.22,36.12,High Value,High Risk
15733973,France,Female,42,0.0,1,2,3.15,253.43,0.22,0.07,277.02,19.19,170.7,High Value,High Risk
15596761,Germany,Male,60,113715.36,1,3,3.54,243.04,0.13,0.05,257.77,12.71,127.05,High Value,High Risk
15652400,Spain,Male,56,168883.08,1,2,0.03,286.28,0.0,0.0,312.65,0.04,0.21,Above Average,High Risk
15717893,Germany,Male,36,143421.74,1,2,0.03,259.69,0.0,0.0,283.81,0.0,0.0,Average,High Risk
15622585,France,Male,26,153644.39,1,10,0.03,235.55,0.0,0.0,239.68,0.0,0.0,Low Value,High Risk
15733964,Spain,Female,53,109330.06,1,1,0.03,261.33,0.01,0.02,314.33,5.01,25.06,High Value,High Risk
15747097,France,Male,35,0.0,1,14,3.94,181.73,0.0,0.0,184.07,0.0,0.02,Above Average,High Risk
15594762,Spain,Male,46,183276.32,1,1,0.03,327.32,0.01,0.02,392.54,6.26,31.3,High Value,High Risk
15667417,France,Male,33,68193.72,1,3,0.03,244.23,0.0,0.0,259.02,0.0,0.0,Below Average,High Risk
15684861,France,Female,32,0.0,2,3,0.03,216.23,0.0,0.0,229.48,0.0,0.0,Average,High Risk
15742204,Germany,Male,31,139729.54,1,8,0.03,251.12,0.0,0.0,256.61,0.0,0.0,Below Average,High Risk
15623502,Spain,Female,56,98365.33,1,5,0.03,261.98,0.0,0.0,271.23,0.0,0.0,Below Average,High Risk
15774872,France,Male,36,0.0,2,4,0.03,197.33,0.0,0.0,206.37,0.0,0.0,Below Average,High Risk
15611191,Germany,Female,37,122453.97,2,17,0.03,228.04,0.0,0.0,230.38,0.0,0.0,Low Value,High Risk
15674331,Germany,Male,30,132174.41,2,3,0.03,249.85,0.0,0.0,264.94,0.0,0.0,Average,High Risk
15619465,Spain,Female,24,0.0,2,3,0.03,164.93,0.0,0.0,175.37,0.0,0.0,Average,High Risk
15796351,Germany,Male,35,105346.03,2,1,0.03,256.43,0.01,0.02,308.53,4.92,24.6,High Value,High Risk
15639576,France,Male,26,136623.19,1,3,0.03,284.57,0.0,0.0,301.57,0.0,0.0,Average,High Risk
15693264,France,Female,29,0.0,2,17,0.03,173.33,0.0,0.0,175.17,0.0,0.0,Low Value,High Risk
15589715,France,Female,66,0.0,1,1,1.97,193.63,0.34,0.1,234.11,23.58,138.73,High Value,Medium Risk
15769902,France,Female,33,0.0,2,10,0.03,202.13,0.0,0.0,205.74,0.0,0.0,Low Value,High Risk
15587177,France,Male,36,124445.52,1,2,0.03,270.44,0.0,0.0,295.47,0.0,0.0,Average,High Risk
15814553,France,Female,34,68999.66,2,8,0.03,240.41,0.0,0.0,245.7,0.0,0.0,Below Average,High Risk
15601550,Spain,Male,36,85768.42,1,8,0.03,252.66,0.0,0.0,258.19,0.0,0.0,Below Average,High Risk
15612465,Spain,Male,34,100628.0,2,15,0.03,280.43,0.0,0.0,283.64,0.0,0.0,Low Value,High Risk
15665760,Spain,Male,38,0.0,2,12,0.03,239.03,0.0,0.0,242.52,0.0,0.0,Low Value,High Risk
15588080,France,Male,54,0.0,1,2,2.36,205.93,0.22,0.09,225.5,20.56,182.8,High Value,High Risk
15776844,Spain,Female,19,0.0,2,2,0.03,227.03,0.0,0.0,248.38,0.0,0.0,Average,High Risk
15629739,Germany,Female,31,100375.39,1,11,0.03,261.51,0.0,0.0,265.64,0.0,0.0,Low Value,High Risk
15729908,France,Female,36,0.0,1,3,0.03,121.73,0.0,0.0,129.79,0.0,0.0,Below Average,High Risk
15716781,France,Male,24,171922.72,1,10,0.03,323.3,0.0,0.0,328.83,0.0,0.0,Low Value,High Risk
15646936,Germany,Female,32,146810.99,2,3,0.03,267.05,0.0,0.0,283.09,0.0,0.01,Above Average,High Risk
15768151,Germany,Female,45,109032.23,1,4,1.18,229.96,0.07,0.09,240.32,21.97,109.87,High Value,High Risk
15579212,France,Male,57,0.0,1,2,2.36,198.58,0.22,0.09,217.52,19.83,176.34,High Value,High Risk
15721835,Spain,Male,25,0.0,1,2,0.03,235.73,0.0,0.0,257.82,0.0,0.0,Average,High Risk
15800515,France,Male,35,128653.59,1,1,0.03,231.67,0.0,0.0,279.18,0.09,0.44,Above Average,High Risk
15591279,France,Male,37,80387.81,1,4,0.03,293.93,0.0,0.0,306.89,0.0,0.0,Average,High Risk
15587419,France,Male,58,0.0,2,13,3.15,191.73,0.0,0.0,194.37,0.01,0.07,Above Average,High Risk
15699619,France,Male,31,155978.17,1,3,0.03,270.45,0.0,0.0,286.68,0.0,0.0,Below Average,High Risk
15606472,France,Female,38,0.0,1,7,0.03,173.93,0.0,0.0,178.47,0.0,0.0,Below Average,High Risk
15778368,Germany,Male,50,121175.56,1,1,1.57,242.07,0.34,0.12,291.5,36.21,212.98,High Value,Medium Risk
15671387,France,Female,29,89349.47,2,1,0.03,226.54,0.0,0.0,273.1,0.15,0.75,Above Average,High Risk
15573926,Spain,Male,38,86131.71,2,3,0.03,294.69,0.0,0.0,312.25,0.0,0.0,Average,High Risk
15709183,France,Female,58,102346.86,1,4,0.03,297.44,0.0,0.0,310.54,0.0,0.0,Average,High Risk
15577514,Germany,Female,36,121263.62,1,10,0.03,285.87,0.0,0.0,290.8,0.0,0.0,Low Value,High Risk
15768293,France,Male,51,0.0,2,5,0.03,183.88,0.0,0.0,190.62,0.0,0.0,Below Average,High Risk
15654456,Germany,Male,48,149726.08,1,2,2.36,231.18,0.22,0.09,252.88,23.06,205.0,High Value,High Risk
15574372,France,Male,35,161274.05,2,2,0.03,299.77,0.0,0.0,327.28,0.0,0.01,Above Average,High Risk
15779744,Spain,Male,30,103138.17,1,1,0.03,236.49,0.01,0.02,284.9,4.54,22.71,High Value,High Risk
15624755,Germany,Female,40,109628.44,1,1,0.03,287.9,0.0,0.0,345.82,0.39,1.93,Above Average,High Risk
15611430,France,Male,54,0.0,1,1,1.97,210.43,0.34,0.1,254.01,25.59,150.53,High Value,Medium Risk
15774744,Germany,Male,33,97286.16,2,3,0.03,274.2,0.0,0.0,290.64,0.0,0.0,Average,High Risk
15629885,France,Female,33,118004.26,1,2,0.03,331.29,0.0,0.0,361.47,0.0,0.0,Average,High Risk
15708791,Spain,Male,32,85534.83,1,3,0.03,249.34,0.0,0.0,264.41,0.0,0.0,Below Average,High Risk
15793890,France,Female,59,0.0,1,5,1.57,228.08,0.03,0.04,236.24,9.81,49.03,High Value,High Risk
15646091,Spain,Female,43,95140.44,2,1,1.57,242.85,0.34,0.12,292.44,36.33,213.66,High Value,Medium Risk
15596984,France,Female,31,0.0,1,8,2.36,187.13,0.0,0.0,191.36,0.77,3.87,Above Average,High Risk
15800215,France,Male,25,0.0,2,5,0.03,195.83,0.0,0.0,202.95,0.0,0.0,Below Average,High Risk
15577806,Germany,Female,54,75900.84,1,1,0.03,316.55,0.01,0.02,379.77,6.06,30.28,High Value,High Risk
15683758,France,Male,44,111833.47,1,2,0.03,267.93,0.0,0.0,292.75,0.0,0.0,Average,High Risk
15670615,Spain,Male,37,0.0,2,3,0.03,194.03,0.0,0.0,206.06,0.0,0.0,Average,High Risk
15715622,France,Female,57,238387.56,1,4,1.18,264.63,0.07,0.09,276.4,25.27,126.36,High Value,High Risk
15707634,France,Female,32,108698.96,2,3,0.03,308.24,0.0,0.0,326.55,0.0,0.01,Above Average,High Risk
15806901,France,Female,39,112687.69,1,2,0.03,251.18,0.0,0.0,274.58,0.04,0.18,Above Average,High Risk
15775335,Germany,Female,48,81556.89,2,1,0.03,264.33,0.0,0.0,317.88,0.17,0.87,Above Average,High Risk
15724150,France,Male,48,136596.85,1,12,0.03,321.47,0.0,0.0,326.03,0.0,0.0,Low Value,High Risk
15627220,Germany,Female,43,98807.45,1,3,3.54,295.61,0.13,0.05,313.22,15.44,154.38,High Value,High Risk
15672330,France,Female,31,0.0,2,1,0.03,201.83,0.01,0.02,243.82,3.89,19.44,High Value,High Risk
15668521,France,Male,37,0.0,2,1,0.03,206.33,0.01,0.02,249.16,3.97,19.86,High Value,High Risk
15807837,France,Female,30,107499.7,1,8,0.03,267.67,0.0,0.0,273.5,0.0,0.0,Below Average,High Risk
15592570,Spain,Female,23,0.0,2,3,0.03,230.33,0.0,0.0,244.36,0.0,0.0,Average,High Risk
15748589,France,Female,30,0.0,2,3,0.03,219.23,0.0,0.0,232.65,0.0,0.0,Below Average,High Risk
15635893,France,Female,28,0.0,2,13,0.03,206.33,0.0,0.0,209.15,0.0,0.0,Low Value,High Risk
15691863,France,Female,39,0.0,2,5,0.03,223.73,0.0,0.0,231.75,0.0,0.0,Below Average,High Risk
15654296,Spain,Female,19,0.0,1,3,0.03,224.63,0.0,0.0,238.34,0.0,0.0,Below Average,High Risk
15755018,Germany,Female,26,109819.16,2,4,0.03,246.21,0.0,0.0,257.23,0.0,0.0,Below Average,High Risk
15670587,Germany,Male,25,111363.1,2,4,0.03,243.3,0.0,0.0,254.21,0.0,0.0,Below Average,High Risk
15724527,France,Male,34,0.0,2,15,0.03,245.93,0.0,0.0,248.78,0.0,0.0,Low Value,High Risk
15658195,France,Male,34,118838.75,1,7,0.03,272.24,0.0,0.0,279.02,0.0,0.0,Below Average,High Risk
15630113,Spain,Male,35,161637.75,1,5,0.03,256.29,0.0,0.0,265.36,0.0,0.0,Below Average,High Risk
15784320,France,Female,44,133793.89,1,4,1.18,266.73,0.07,0.09,278.58,25.47,127.36,High Value,High Risk
15676513,Germany,Male,35,71553.83,1,2,0.03,253.25,0.0,0.0,276.83,0.0,0.0,Average,High Risk
15574072,France,Female,62,0.0,1,11,0.03,249.23,0.0,0.0,253.18,0.0,0.0,Low Value,High Risk
15633854,France,Female,40,0.0,2,1,0.03,194.63,0.0,0.0,235.29,0.26,1.31,Above Average,High Risk
15618566,France,Female,38,0.0,2,12,0.03,170.03,0.0,0.0,172.61,0.0,0.0,Low Value,High Risk
15733014,France,Female,62,64667.95,2,17,0.03,331.18,0.0,0.0,334.48,0.0,0.0,Low Value,High Risk
15753343,France,Female,28,121164.11,1,2,0.03,233.37,0.0,0.0,255.25,0.03,0.17,Above Average,High Risk
15746076,Spain,Male,50,0.0,2,1,0.03,150.23,0.0,0.0,182.67,0.2,1.02,Above Average,High Risk
15608226,Spain,Male,72,98903.06,1,4,0.03,256.51,0.0,0.0,267.95,0.0,0.0,Average,High Risk
15605684,France,Female,31,104158.84,1,2,0.03,274.66,0.0,0.0,300.04,0.0,0.0,Average,High Risk
15638988,France,Male,54,0.0,2,10,0.03,208.63,0.0,0.0,212.34,0.0,0.0,Low Value,High Risk
15628767,Spain,Female,63,139529.93,2,5,1.18,276.06,0.03,0.05,285.76,15.41,77.07,High Value,High Risk
15737977,France,Female,25,0.0,2,10,0.03,156.53,0.0,0.0,159.41,0.0,0.0,Low Value,High Risk
15758116,France,Male,53,64646.7,1,1,1.97,275.83,0.34,0.1,331.51,33.39,196.46,High Value,Medium Risk
15575119,France,Male,71,0.0,2,5,1.18,258.38,0.03,0.05,267.52,14.43,72.15,High Value,High Risk
15625126,France,Female,40,0.0,2,10,0.03,187.13,0.0,0.0,190.5,0.0,0.0,Low Value,High Risk
15672242,France,Male,24,0.0,1,2,0.03,212.03,0.0,0.0,232.11,0.03,0.16,Above Average,High Risk
15681327,France,Male,30,0.0,2,15,0.03,203.03,0.0,0.0,205.43,0.0,0.0,Low Value,High Risk
15802585,France,Female,41,68213.99,1,11,0.03,262.84,0.0,0.0,266.98,0.0,0.0,Low Value,High Risk
15815420,Spain,Male,47,139196.0,1,11,0.03,319.79,0.0,0.0,324.76,0.0,0.0,Low Value,High Risk
15711468,France,Female,32,0.0,2,12,0.03,156.53,0.0,0.0,158.93,0.0,0.0,Low Value,High Risk
15799626,Germany,Male,50,126345.55,1,5,1.57,267.85,0.03,0.04,277.29,11.51,57.55,High Value,High Risk
15659325,Spain,Male,40,0.0,2,8,0.03,239.03,0.0,0.0,244.29,0.0,0.0,Below Average,High Risk
15684925,France,Female,43,0.0,2,1,0.03,253.43,0.0,0.0,304.97,0.34,1.7,Above Average,High Risk
15657439,France,Male,18,0.0,2,6,0.03,219.83,0.0,0.0,226.38,0.0,0.0,Below Average,High Risk
15574122,France,Male,34,129278.43,1,1,0.03,322.0,0.0,0.0,386.23,0.12,0.6,Above Average,High Risk
15720508,France,Male,31,119558.35,1,1,0.03,296.88,0.0,0.0,356.46,0.4,1.99,Above Average,High Risk
15599078,Germany,Female,41,92467.58,1,1,0.03,260.36,0.0,0.0,313.19,0.1,0.49,Above Average,High Risk
15702300,France,Male,27,0.0,2,2,0.03,199.73,0.0,0.0,218.77,0.0,0.01,Above Average,High Risk
15660735,Spain,Female,31,0.0,2,2,0.03,172.73,0.0,0.0,189.49,0.0,0.0,Average,High Risk
15671390,Spain,Male,36,0.0,2,4,0.03,205.43,0.0,0.0,214.8,0.0,0.0,Below Average,High Risk
15647385,Spain,Male,56,99340.83,1,1,1.57,256.34,0.34,0.12,308.42,38.31,225.34,High Value,Medium Risk
15739223,Spain,Female,24,0.0,2,5,0.03,204.83,0.0,0.0,212.24,0.0,0.0,Below Average,High Risk
15631305,Spain,Female,28,126833.79,2,1,1.57,256.47,0.34,0.12,308.57,38.33,225.45,High Value,Medium Risk
15809263,Germany,Male,29,109676.52,1,7,0.03,294.5,0.0,0.0,301.79,0.0,0.0,Below Average,High Risk
15640866,France,Female,29,0.0,1,4,0.03,213.83,0.0,0.0,223.54,0.0,0.0,Average,High Risk
15775663,Germany,Male,53,134729.99,2,10,0.03,294.52,0.0,0.0,299.59,0.0,0.0,Below Average,High Risk
15631800,France,Male,37,98431.37,1,1,0.03,217.28,0.0,0.0,262.13,0.29,1.46,Above Average,High Risk
15654292,Germany,Male,33,130368.31,2,3,0.03,246.45,0.0,0.0,261.36,0.0,0.0,Average,High Risk
15648320,France,Female,31,123974.96,1,2,0.03,274.02,0.0,0.0,299.35,0.0,0.0,Average,High Risk
15726747,France,Male,63,138082.16,1,5,0.03,307.79,0.0,0.0,318.52,0.0,0.0,Below Average,High Risk
15572291,France,Male,40,132308.22,1,2,0.03,324.55,0.0,0.0,354.16,0.0,0.01,Average,High Risk
15603465,Germany,Female,45,155447.65,2,2,1.97,277.63,0.23,0.11,303.26,32.85,291.92,High Value,High Risk
15685628,Spain,Male,35,124268.64,2,3,0.03,277.63,0.0,0.0,294.26,0.0,0.01,Above Average,High Risk
15792729,Germany,Female,34,176311.36,1,3,0.03,221.17,0.0,0.0,234.69,0.0,0.0,Below Average,High Risk
15767414,France,Male,40,99886.42,2,3,0.03,252.48,0.0,0.0,267.72,0.0,0.01,Above Average,High Risk
15568044,France,Female,31,0.0,2,12,0.03,150.83,0.0,0.0,153.15,0.0,0.0,Low Value,High Risk
15751333,France,Female,36,0.0,2,3,0.03,206.93,0.0,0.0,219.67,0.0,0.01,Average,High Risk
15623062,Germany,Male,24,85089.3,1,7,0.03,272.11,0.0,0.0,278.89,0.0,0.0,Below Average,High Risk
15713621,Germany,Male,41,134318.21,2,17,0.03,283.25,0.0,0.0,286.11,0.0,0.0,Low Value,High Risk
15670668,Germany,Male,29,75395.53,2,8,0.03,270.7,0.0,0.0,276.59,0.0,0.0,Below Average,High Risk
15750638,Germany,Female,33,116765.7,1,1,1.97,287.72,0.34,0.1,345.6,34.81,204.81,High Value,Medium Risk
15747878,Spain,Male,60,0.0,1,5,0.03,232.63,0.0,0.0,240.94,0.0,0.0,Below Average,High Risk
15726796,France,Male,38,111501.66,1,10,0.03,329.11,0.0,0.0,334.73,0.0,0.0,Low Value,High Risk
15754952,Germany,Female,48,76595.08,2,3,0.03,254.01,0.0,0.0,269.33,0.0,0.0,Average,High Risk
15652192,France,Female,33,160541.36,2,3,0.03,306.04,0.0,0.0,324.22,0.0,0.0,Average,High Risk
15764431,Spain,Female,34,130929.02,4,11,1.97,278.28,0.0,0.0,282.65,0.15,0.74,Above Average,High Risk
15684010,Germany,Female,74,116800.25,1,2,0.03,298.22,0.0,0.0,325.6,0.04,0.22,Above Average,High Risk
15733303,France,Male,67,0.0,2,8,0.03,208.68,0.0,0.0,213.34,0.0,0.0,Below Average,High Risk
15643294,France,Female,33,190566.65,1,11,0.03,290.38,0.0,0.0,294.93,0.0,0.0,Low Value,High Risk
15749905,Spain,Female,47,0.0,1,2,2.36,207.83,0.22,0.09,227.56,20.75,184.47,High Value,High Risk
15625175,Germany,Female,43,97067.69,1,8,2.36,297.59,0.0,0.0,304.01,1.23,6.16,Above Average,High Risk
15643967,France,Female,37,92208.54,1,5,1.57,270.25,0.03,0.04,279.77,11.61,58.06,High Value,High Risk
15772573,Spain,Male,55,103176.62,1,2,0.03,302.14,0.0,0.0,329.86,0.04,0.22,Above Average,High Risk
15733234,France,Female,58,0.0,1,5,1.57,241.53,0.03,0.04,250.13,10.38,51.91,High Value,High Risk
15721582,Germany,Female,40,77270.08,2,6,1.57,266.67,0.02,0.02,274.46,6.23,31.16,High Value,High Risk
15628219,Germany,Female,37,111911.63,1,4,1.18,275.44,0.07,0.09,287.64,26.3,131.5,High Value,High Risk
15571302,Germany,Male,72,94216.05,1,7,0.03,260.99,0.0,0.0,267.52,0.0,0.0,Below Average,High Risk
15637178,Spain,Female,45,0.0,2,12,0.03,239.33,0.0,0.0,242.82,0.0,0.0,Low Value,High Risk
15601184,Spain,Female,26,0.0,2,1,0.03,179.63,0.0,0.0,217.51,0.24,1.22,Above Average,High Risk
15629511,France,Male,49,106770.82,1,2,0.03,297.02,0.0,0.0,324.3,0.0,0.0,Average,High Risk
15570629,Germany,Female,72,138089.97,2,8,0.03,301.34,0.0,0.0,307.84,0.0,0.0,Below Average,High Risk
15665766,Germany,Male,39,133191.19,2,15,0.03,286.5,0.0,0.0,289.77,0.0,0.0,Low Value,High Risk
15693732,France,Female,66,0.0,2,15,0.03,250.93,0.0,0.0,253.84,0.0,0.0,Low Value,High Risk
15765982,France,Male,41,74135.85,1,10,2.76,293.69,0.0,0.0,298.75,0.24,1.22,Above Average,High Risk
15582016,Spain,Male,41,99208.46,2,2,0.03,304.93,0.0,0.0,332.88,0.0,0.0,Average,High Risk
15798024,Germany,Male,84,92242.34,1,11,0.03,278.25,0.0,0.0,282.62,0.0,0.0,Low Value,High Risk
15588622,Germany,Male,25,108380.72,1,10,0.03,255.42,0.0,0.0,259.87,0.0,0.0,Low Value,High Risk
15724863,Spain,Female,55,91893.32,1,1,1.57,206.87,0.34,0.12,249.8,31.03,182.51,High Value,Medium Risk
15618213,France,Female,32,85757.93,1,10,0.03,276.36,0.0,0.0,281.14,0.0,0.0,Low Value,High Risk
15780411,France,Female,46,0.0,2,1,0.03,169.43,0.0,0.0,205.43,0.23,1.15,Above Average,High Risk
15725429,Germany,Male,33,96759.42,1,11,0.03,261.87,0.0,0.0,266.0,0.0,0.0,Low Value,High Risk
15600626,France,Male,30,0.0,2,10,0.03,211.43,0.0,0.0,215.18,0.0,0.0,Low Value,High Risk
15668460,France,Male,29,0.0,2,10,0.03,138.23,0.0,0.0,140.82,0.0,0.0,Low Value,High Risk
15576263,France,Female,22,0.0,1,1,0.03,226.13,0.0,0.0,272.62,0.09,0.43,Above Average,High Risk
15720354,France,Male,71,0.0,2,6,0.03,198.98,0.0,0.0,204.97,0.0,0.0,Below Average,High Risk
15793196,France,Male,41,0.0,2,15,0.03,226.13,0.0,0.0,228.78,0.0,0.0,Low Value,High Risk
15633352,France,Female,31,175443.75,1,2,2.36,267.33,0.22,0.09,292.1,26.63,236.79,High Value,High Risk
15750874,France,Male,31,78990.15,1,4,0.03,276.41,0.0,0.0,288.66,0.0,0.0,Average,High Risk
15588923,France,Female,33,113743.37,1,1,0.03,253.34,0.0,0.0,304.87,0.17,0.83,Above Average,High Risk
15715745,France,Female,26,157624.84,1,7,0.03,285.22,0.0,0.0,292.3,0.0,0.0,Below Average,High Risk
15611800,France,Female,62,125163.62,2,12,0.03,278.88,0.0,0.0,282.89,0.0,0.0,Low Value,High Risk
15793693,France,Male,60,0.0,1,12,0.03,219.13,0.0,0.0,222.35,0.0,0.0,Low Value,High Risk
15581252,Spain,Female,29,80922.75,1,2,0.03,263.37,0.0,0.0,287.8,0.0,0.0,Average,High Risk
15797760,France,Male,40,193354.86,2,1,0.03,269.18,0.0,0.0,323.64,0.36,1.81,Above Average,High Risk
15790564,Germany,Female,40,107648.94,2,15,0.03,325.28,0.0,0.0,328.96,0.0,0.0,Low Value,High Risk
15593736,Germany,Female,46,131769.04,1,2,2.76,256.43,0.22,0.08,280.27,22.06,196.24,High Value,High Risk
15815628,France,Female,37,113899.92,1,2,0.03,289.35,0.0,0.0,315.98,0.0,0.0,Average,High Risk
15782802,Germany,Male,26,114450.32,1,8,0.03,250.69,0.0,0.0,256.18,0.0,0.0,Below Average,High Risk
15627412,France,Male,39,0.0,2,1,0.03,179.93,0.0,0.0,217.87,0.24,1.22,Above Average,High Risk
15734609,France,Female,37,0.0,2,3,0.03,195.53,0.0,0.0,207.65,0.0,0.0,Average,High Risk
15710689,Spain,Male,40,63609.92,1,2,2.36,245.57,0.22,0.09,268.49,24.48,217.65,High Value,High Risk
15565806,France,Male,38,0.0,2,3,0.03,158.03,0.0,0.0,168.09,0.0,0.0,Below Average,High Risk
15815530,France,Female,42,75497.51,1,3,0.03,256.91,0.0,0.0,272.4,0.0,0.0,Below Average,High Risk
15684103,France,Female,26,0.0,2,17,0.03,200.63,0.0,0.0,202.73,0.0,0.0,Low Value,High Risk
15654519,France,Male,31,0.0,2,1,0.03,202.43,0.01,0.02,244.53,3.9,19.5,High Value,High Risk
15654346,Germany,Male,35,130463.55,2,1,0.03,280.66,0.01,0.02,337.24,5.38,26.89,High Value,High Risk
15660147,Spain,Male,32,46161.18,1,11,0.03,217.93,0.0,0.0,221.43,0.0,0.0,Low Value,High Risk
15814998,Spain,Male,42,0.0,2,2,0.03,204.83,0.0,0.0,224.3,0.0,0.01,Above Average,High Risk
15802207,Germany,Male,43,110182.54,2,6,0.03,306.53,0.0,0.0,315.39,0.0,0.0,Below Average,High Risk
15658668,Spain,Male,49,0.0,2,4,0.03,172.73,0.0,0.0,180.77,0.0,0.0,Below Average,High Risk
15715079,France,Male,41,117221.15,1,3,0.03,215.75,0.0,0.0,228.97,0.0,0.0,Below Average,High Risk
15570360,France,Female,35,0.0,2,1,0.03,190.73,0.0,0.0,230.67,0.13,0.63,Above Average,High Risk
15674678,Germany,Female,43,79120.27,1,3,3.54,292.92,0.13,0.05,310.39,15.3,152.99,High Value,High Risk
15780925,France,Male,37,177069.24,2,1,0.03,266.5,0.01,0.02,320.45,5.11,25.55,High Value,High Risk
15688193,France,Male,36,61636.97,1,1,0.03,212.36,0.0,0.0,256.3,0.29,1.43,Above Average,High Risk
15778219,France,Male,26,0.0,1,1,0.03,235.43,0.0,0.0,283.64,0.09,0.44,Above Average,High Risk
15696514,Germany,Female,37,104414.03,1,2,0.03,251.57,0.0,0.0,275.0,0.0,0.0,Average,High Risk
15712303,France,Male,66,159732.02,1,5,0.03,305.91,0.0,0.0,316.58,0.0,0.0,Below Average,High Risk
15719090,Germany,Female,34,89437.03,1,5,0.03,277.24,0.0,0.0,286.99,0.0,0.0,Below Average,High Risk
15735632,France,Male,41,0.0,1,11,0.03,169.73,0.0,0.0,172.54,0.0,0.0,Low Value,High Risk
15619436,France,Female,32,0.0,1,1,0.03,208.43,0.0,0.0,251.64,0.28,1.41,Above Average,High Risk
15722404,France,Female,30,0.0,2,5,0.03,131.93,0.0,0.0,136.99,0.0,0.0,Below Average,High Risk
15662063,France,Male,36,142400.77,1,10,0.03,301.34,0.0,0.0,306.52,0.0,0.0,Low Value,High Risk
15745605,France,Female,47,88011.4,1,2,0.79,290.93,0.23,0.25,317.7,79.18,465.74,High Value,High Risk
15636658,France,Male,36,0.0,2,3,0.03,177.23,0.0,0.0,188.34,0.0,0.0,Average,High Risk
15784130,Germany,Female,30,154870.28,1,11,0.03,333.1,0.0,0.0,338.26,0.0,0.0,Low Value,High Risk
15606755,Spain,Female,46,0.0,2,1,1.57,177.53,0.34,0.12,215.03,26.71,157.1,High Value,Medium Risk
15801699,Spain,Male,43,0.0,2,8,0.03,129.23,0.0,0.0,132.3,0.0,0.0,Below Average,High Risk
15764654,France,Male,37,87374.88,2,15,0.03,268.99,0.0,0.0,272.08,0.0,0.0,Low Value,High Risk
15612092,Germany,Male,32,105397.8,1,2,3.15,269.34,0.22,0.07,294.27,20.38,181.33,High Value,High Risk
15610903,Spain,Female,31,125341.69,1,1,0.03,244.69,0.0,0.0,294.61,0.09,0.46,Above Average,High Risk
15705777,Germany,Male,49,129164.88,1,14,0.03,289.89,0.0,0.0,293.45,0.0,0.0,Low Value,High Risk
15661936,France,Male,40,141004.46,1,1,0.03,231.38,0.0,0.0,278.83,0.31,1.56,Above Average,High Risk
15722965,France,Male,57,89079.41,1,4,1.18,310.27,0.07,0.09,323.89,29.61,148.07,High Value,High Risk
15737521,Germany,Male,40,103604.31,2,3,0.03,261.12,0.0,0.0,276.84,0.0,0.0,Average,High Risk
15814465,France,Male,24,182705.05,1,1,0.03,262.8,0.01,0.02,316.08,5.04,25.2,High Value,High Risk
15580988,France,Male,29,0.0,2,13,0.03,251.03,0.0,0.0,254.39,0.0,0.0,Low Value,High Risk
15789974,France,Male,33,94598.48,1,2,2.36,288.72,0.22,0.09,315.29,28.75,255.59,High Value,High Risk
15713370,Spain,Male,36,188241.05,2,3,3.15,276.5,0.13,0.06,293.06,16.18,161.76,High Value,High Risk
15748673,France,Female,37,0.0,2,3,0.03,229.43,0.0,0.0,243.41,0.0,0.0,Below Average,High Risk
15754919,France,Female,40,0.0,2,17,0.03,230.33,0.0,0.0,232.7,0.0,0.0,Low Value,High Risk
15641662,Germany,Male,39,117469.91,2,2,0.03,217.26,0.0,0.0,237.78,0.0,0.01,Above Average,High Risk
15813422,Spain,Male,35,80790.74,1,1,0.03,308.06,0.0,0.0,369.71,0.2,1.01,Above Average,High Risk
15713596,France,Female,62,107735.93,1,1,0.03,219.08,0.01,0.02,264.27,4.21,21.07,High Value,High Risk
15791216,Germany,Male,43,133379.41,1,2,3.15,257.11,0.22,0.07,281.0,19.46,173.16,High Value,High Risk
15689031,Spain,Female,37,168066.87,1,2,0.03,287.75,0.0,0.0,314.24,0.0,0.0,Average,High Risk
15631339,France,Male,28,0.0,1,1,0.03,235.73,0.0,0.0,284.0,0.16,0.78,Above Average,High Risk
15771509,Germany,Female,42,98548.62,2,1,0.03,236.49,0.01,0.02,284.89,4.54,22.71,High Value,High Risk
15769586,France,Female,49,0.0,2,1,0.03,244.43,0.01,0.02,294.31,4.69,23.46,High Value,High Risk
15656096,Spain,Female,26,76554.06,1,4,0.03,277.1,0.0,0.0,289.38,0.0,0.0,Average,High Risk
15585280,France,Female,36,0.0,2,3,0.03,193.13,0.0,0.0,205.11,0.0,0.0,Average,High Risk
15743582,France,Female,27,107375.82,1,4,0.03,265.26,0.0,0.0,277.06,0.0,0.0,Average,High Risk
15761692,France,Male,40,122417.17,2,15,0.03,254.73,0.0,0.0,257.68,0.0,0.0,Low Value,High Risk
15778861,Spain,Male,33,97188.62,1,2,0.03,291.0,0.0,0.0,317.76,0.0,0.0,Average,High Risk
15770554,France,Male,31,61297.05,2,6,0.03,302.62,0.0,0.0,311.38,0.0,0.0,Below Average,High Risk
15701908,Spain,Female,40,0.0,1,10,0.03,185.33,0.0,0.0,188.67,0.0,0.0,Low Value,High Risk
15736990,France,Male,28,157842.07,1,1,0.03,239.33,0.0,0.0,288.26,0.32,1.61,Above Average,High Risk
15743714,France,Male,46,91443.75,1,2,0.03,214.99,0.0,0.0,235.32,0.0,0.0,Average,High Risk
15644686,Spain,Female,34,53299.96,2,15,0.03,289.69,0.0,0.0,293.0,0.0,0.0,Low Value,High Risk
15677377,Spain,Male,37,0.0,2,5,0.03,161.33,0.0,0.0,167.34,0.0,0.0,Below Average,High Risk
15626412,Spain,Male,39,0.0,2,10,0.03,148.13,0.0,0.0,150.88,0.0,0.0,Low Value,High Risk
15643679,Germany,Male,28,70233.74,2,3,0.03,308.03,0.0,0.0,326.32,0.0,0.01,Above Average,High Risk
15728456,France,Male,33,0.0,1,1,1.18,179.63,0.34,0.16,217.51,35.26,207.24,High Value,Medium Risk
15630661,Spain,Female,25,75212.28,1,3,0.03,257.49,0.0,0.0,273.0,0.0,0.0,Below Average,High Risk
15734044,France,Female,31,41299.03,1,10,0.03,270.59,0.0,0.0,275.28,0.0,0.0,Low Value,High Risk
15705001,Spain,Female,35,83286.56,1,1,0.03,250.07,0.0,0.0,300.98,0.34,1.68,Above Average,High Risk
15809817,Spain,Male,43,0.0,2,4,0.03,176.33,0.0,0.0,184.52,0.0,0.0,Below Average,High Risk
15809137,France,Male,29,0.0,1,2,2.36,134.33,0.22,0.09,147.83,13.48,119.84,High Value,High Risk
15751593,Germany,Male,35,85668.59,1,2,0.03,245.15,0.0,0.0,268.04,0.0,0.0,Average,High Risk
15626491,France,Female,45,57327.04,1,10,0.03,267.98,0.0,0.0,272.63,0.0,0.0,Low Value,High Risk
15765461,Spain,Male,47,0.0,2,1,0.03,188.03,0.0,0.0,227.47,0.25,1.27,Above Average,High Risk
15568120,France,Female,37,69609.85,1,10,0.03,277.07,0.0,0.0,281.86,0.0,0.0,Low Value,High Risk
15787161,Germany,Male,46,129269.27,1,1,0.03,254.2,0.0,0.0,305.88,0.17,0.84,Above Average,High Risk
15812324,France,Male,27,0.0,2,1,0.03,232.13,0.01,0.02,279.73,4.46,22.3,High Value,High Risk
15694253,France,Female,41,152105.57,2,12,0.03,283.78,0.0,0.0,287.85,0.0,0.0,Low Value,High Risk
15759566,France,Male,74,0.0,2,17,0.03,213.53,0.0,0.0,215.75,0.0,0.0,Low Value,High Risk
15675675,France,Female,32,106290.64,1,1,0.03,330.59,0.0,0.0,396.41,0.12,0.62,Above Average,High Risk
15802060,Germany,Female,30,100548.67,2,4,0.03,269.02,0.0,0.0,280.97,0.0,0.0,Below Average,High Risk
15782630,France,Male,35,137482.19,1,1,0.03,240.21,0.0,0.0,289.3,0.09,0.45,Above Average,High Risk
15700710,France,Female,37,116465.53,1,4,0.03,223.2,0.0,0.0,233.29,0.0,0.0,Average,High Risk
15742834,France,Male,45,0.0,1,1,0.03,190.43,0.01,0.02,230.31,3.67,18.36,High Value,High Risk
15806511,Spain,Male,45,0.0,2,17,0.03,131.93,0.0,0.0,133.39,0.0,0.0,Low Value,High Risk
15608166,France,Male,36,127637.92,1,12,0.03,305.11,0.0,0.0,309.47,0.0,0.0,Low Value,High Risk
15614230,France,Female,34,0.0,2,5,0.03,126.23,0.0,0.0,131.11,0.0,0.0,Below Average,High Risk
15729958,France,Male,37,0.0,1,1,0.03,231.53,0.01,0.02,279.02,4.45,22.25,High Value,High Risk
15674727,France,Female,42,147531.82,1,7,0.03,310.88,0.0,0.0,318.54,0.0,0.0,Below Average,High Risk
15657779,Spain,Male,18,0.0,2,5,0.03,240.23,0.0,0.0,248.79,0.0,0.0,Below Average,High Risk
15801395,France,Female,33,135120.72,1,3,0.03,314.19,0.0,0.0,332.82,0.0,0.0,Below Average,High Risk
15665340,Spain,Female,37,0.0,2,13,0.03,173.63,0.0,0.0,176.05,0.0,0.0,Low Value,High Risk
15787151,France,Female,34,0.0,2,12,0.03,189.83,0.0,0.0,192.67,0.0,0.0,Low Value,High Risk
15600688,France,Female,39,0.0,2,2,0.03,178.43,0.0,0.0,195.67,0.0,0.01,Average,High Risk
15594878,Spain,Female,41,28082.95,1,1,1.97,265.02,0.34,0.1,318.7,32.1,188.87,High Value,Medium Risk
15569248,France,Female,43,0.0,2,4,3.94,164.63,0.07,0.03,172.34,5.09,25.47,High Value,High Risk
15812706,Spain,Male,49,111087.5,1,5,0.03,263.99,0.0,0.0,273.31,0.0,0.0,Below Average,High Risk
15645045,France,Female,38,0.0,2,15,0.03,196.13,0.0,0.0,198.46,0.0,0.0,Low Value,High Risk
15766746,France,Male,35,127120.07,1,2,0.03,327.29,0.0,0.0,357.13,0.0,0.01,Average,High Risk
15700383,France,Female,35,115651.6,2,12,0.03,305.06,0.0,0.0,309.41,0.0,0.0,Low Value,High Risk
15632551,Germany,Male,31,77743.01,2,1,0.03,261.01,0.0,0.0,313.95,0.17,0.86,Above Average,High Risk
15795129,France,Female,30,0.0,2,3,0.03,238.13,0.0,0.0,252.59,0.0,0.0,Below Average,High Risk
15650545,France,Male,69,71996.09,1,10,0.03,351.45,0.0,0.0,357.42,0.0,0.0,Low Value,High Risk
15612769,France,Male,28,61581.97,1,7,0.03,279.55,0.0,0.0,286.5,0.0,0.0,Below Average,High Risk
15710853,France,Female,24,0.0,2,2,0.03,185.33,0.0,0.0,203.15,0.0,0.01,Average,High Risk
15623712,Spain,Female,42,0.0,3,2,1.97,134.33,0.23,0.11,147.83,16.01,142.3,High Value,High Risk
15653251,France,Female,84,87873.39,1,2,3.15,239.22,0.22,0.07,261.61,18.12,161.21,High Value,High Risk
15808557,France,Female,42,0.0,1,7,1.97,206.93,0.01,0.01,212.23,2.04,10.18,Above Average,High Risk
15614687,Germany,Female,44,148770.61,2,6,0.03,280.93,0.0,0.0,289.11,0.0,0.0,Below Average,High Risk
15626882,Spain,Male,37,94901.09,1,7,0.03,273.44,0.0,0.0,280.25,0.0,0.0,Below Average,High Risk
15748034,France,Male,29,174851.9,1,10,0.03,239.11,0.0,0.0,243.3,0.0,0.0,Low Value,High Risk
15632324,France,Male,59,0.0,2,12,0.03,190.28,0.0,0.0,193.12,0.0,0.0,Low Value,High Risk
15761453,France,Male,42,0.0,1,2,0.03,198.53,0.0,0.0,217.47,0.0,0.0,Average,High Risk
15646726,France,Male,43,0.0,1,1,0.03,200.03,0.0,0.0,241.69,0.08,0.38,Above Average,High Risk
15637169,Spain,Female,67,103267.8,1,5,0.03,348.05,0.0,0.0,360.08,0.0,0.0,Below Average,High Risk
15636024,Spain,Female,34,109699.08,1,5,0.03,283.4,0.0,0.0,293.35,0.0,0.0,Below Average,High Risk
15801218,France,Male,49,135133.39,1,11,3.15,279.69,0.0,0.0,284.08,0.1,0.48,Above Average,High Risk
15690130,France,Female,32,137649.47,1,2,0.03,217.72,0.0,0.0,238.28,0.0,0.0,Average,High Risk
15653753,Spain,Male,43,113567.94,1,2,0.03,238.63,0.0,0.0,260.97,0.0,0.0,Average,High Risk
15641359,Spain,Female,35,0.0,2,2,2.36,197.03,0.22,0.09,215.84,19.68,174.97,High Value,High Risk
15776827,Germany,Male,37,141547.26,2,8,0.03,308.5,0.0,0.0,315.14,0.0,0.0,Below Average,High Risk
15647725,France,Female,61,62055.17,3,2,1.97,288.26,0.23,0.11,314.79,34.1,303.02,High Value,High Risk
15648455,Germany,Male,51,131156.76,1,1,0.03,272.34,0.0,0.0,327.38,0.18,0.89,Above Average,High Risk
15580629,France,Male,31,134837.58,1,2,0.03,258.38,0.0,0.0,282.38,0.0,0.0,Average,High Risk
15730161,France,Female,39,0.0,2,1,0.03,248.33,0.0,0.0,298.93,0.33,1.67,Above Average,High Risk
15626612,Spain,Male,40,104784.23,1,1,1.57,297.8,0.34,0.12,357.55,44.42,261.23,High Value,Medium Risk
15662865,Spain,Male,36,0.0,2,1,0.03,195.83,0.01,0.02,236.71,3.77,18.87,High Value,High Risk
15629094,France,Female,36,156948.41,1,1,0.39,236.59,0.34,0.42,285.01,119.64,465.74,High Value,Medium Risk
15651823,France,Female,60,147751.75,1,2,2.36,267.29,0.22,0.09,292.05,26.63,236.75,High Value,High Risk
15594827,France,Male,34,124619.33,2,1,0.03,279.15,0.01,0.02,335.45,5.35,26.75,High Value,High Risk
15786392,France,Male,41,124182.21,1,1,0.03,306.13,0.0,0.0,367.42,0.2,1.0,Above Average,High Risk
15727353,France,Female,64,142028.36,1,2,2.76,290.03,0.22,0.08,316.71,24.93,221.75,High Value,High Risk
15733777,France,Male,44,0.0,1,2,3.15,243.53,0.22,0.07,266.28,18.44,164.09,High Value,High Risk
15614302,Germany,Female,31,125837.86,2,4,0.03,286.42,0.0,0.0,299.07,0.0,0.0,Below Average,High Risk
15723263,Germany,Female,34,117160.32,1,12,3.54,224.74,0.0,0.0,228.04,0.03,0.16,Above Average,High Risk
15687270,Spain,Female,61,0.0,2,13,0.03,159.48,0.0,0.0,161.73,0.0,0.0,Low Value,High Risk
15803121,France,Male,51,97565.74,1,1,1.97,330.37,0.34,0.1,396.15,39.9,234.76,High Value,Medium Risk
15598700,Spain,Female,30,0.0,2,8,0.03,201.23,0.0,0.0,205.74,0.0,0.0,Below Average,High Risk
15741875,Spain,Female,25,104833.79,1,1,0.03,299.3,0.0,0.0,359.33,0.4,2.01,Above Average,High Risk
15672970,Spain,Male,20,0.0,2,5,0.03,212.63,0.0,0.0,220.3,0.0,0.0,Below Average,High Risk
15761670,France,Female,50,0.0,1,2,3.15,206.93,0.22,0.07,226.58,15.69,139.62,High Value,High Risk
15790336,Germany,Male,36,71142.77,2,2,0.03,272.12,0.0,0.0,297.29,0.0,0.0,Average,High Risk
15754267,Germany,Male,31,108805.42,2,5,0.03,284.85,0.0,0.0,294.84,0.0,0.0,Below Average,High Risk
15791988,France,Male,68,0.0,2,6,0.03,221.93,0.0,0.0,228.53,0.0,0.0,Below Average,High Risk
15683375,France,Female,32,0.0,1,5,0.03,160.73,0.0,0.0,166.72,0.0,0.0,Below Average,High Risk
15625151,France,Female,66,116037.76,1,12,0.03,288.18,0.0,0.0,292.31,0.0,0.0,Low Value,High Risk
15635285,France,Male,28,0.0,2,13,0.03,192.53,0.0,0.0,195.18,0.0,0.0,Low Value,High Risk
15670943,Germany,Male,31,182275.23,2,3,0.03,312.59,0.0,0.0,331.13,0.0,0.0,Average,High Risk
15634359,Germany,Female,41,98635.77,1,1,0.03,266.79,0.0,0.0,320.81,0.1,0.5,Above Average,High Risk
15586629,France,Male,33,0.0,2,2,0.03,189.53,0.0,0.0,207.71,0.0,0.01,Average,High Risk
15588461,France,Male,35,0.0,1,1,0.03,204.23,0.0,0.0,246.67,0.13,0.67,Above Average,High Risk
15773221,Spain,Male,43,79757.21,1,2,3.15,246.78,0.22,0.07,269.8,18.69,166.26,High Value,High Risk
15664227,Germany,Male,28,53053.76,1,11,0.03,222.76,0.0,0.0,226.33,0.0,0.0,Low Value,High Risk
15741745,France,Male,28,120911.75,2,12,0.03,303.55,0.0,0.0,307.88,0.0,0.0,Low Value,High Risk
15652626,France,Male,55,115285.85,1,1,0.03,330.18,0.0,0.0,395.93,0.22,1.08,Above Average,High Risk
15571958,Spain,Male,40,221532.8,1,1,0.03,227.19,0.0,0.0,273.87,0.31,1.53,Above Average,High Risk
15785406,France,Female,51,105056.13,1,1,0.03,210.56,0.0,0.0,254.17,0.14,0.69,Above Average,High Risk
15687884,France,Male,37,88363.03,1,4,0.03,277.46,0.0,0.0,289.75,0.0,0.0,Average,High Risk
15628886,Spain,Male,56,123959.97,1,7,1.97,287.22,0.01,0.01,294.34,2.82,14.12,Above Average,High Risk
15699325,Germany,Female,62,114822.64,1,14,0.03,257.61,0.0,0.0,260.8,0.0,0.0,Low Value,High Risk
15578369,Germany,Female,37,145219.3,1,3,0.03,273.27,0.0,0.0,289.66,0.0,0.0,Average,High Risk
15654156,Germany,Female,32,106807.64,1,7,0.03,292.23,0.0,0.0,299.47,0.0,0.0,Below Average,High Risk
15632079,Germany,Female,37,156282.79,1,2,0.03,294.16,0.0,0.0,321.2,0.0,0.0,Average,High Risk
15767921,France,Male,41,0.0,2,3,0.03,182.33,0.0,0.0,193.72,0.0,0.0,Average,High Risk
15573599,France,Female,57,0.0,2,10,2.36,158.98,0.0,0.0,161.9,0.15,0.76,Above Average,High Risk
15747208,France,Male,50,0.0,1,2,2.36,180.83,0.22,0.09,198.27,18.08,160.73,High Value,High Risk
15582762,Spain,Male,77,0.0,1,2,0.03,232.28,0.0,0.0,254.08,0.03,0.17,Above Average,High Risk
15772528,France,Female,47,121376.15,2,3,2.76,301.48,0.13,0.06,319.41,20.03,200.32,High Value,High Risk
15755798,France,Male,33,111582.11,1,1,0.03,258.92,0.0,0.0,311.47,0.17,0.85,Above Average,High Risk
15788683,Germany,Female,34,129417.82,1,3,0.03,253.31,0.0,0.0,268.59,0.0,0.0,Below Average,High Risk
15616922,France,Female,26,0.0,2,1,0.03,142.13,0.01,0.02,173.07,2.76,13.8,Above Average,High Risk
15771855,France,Male,37,0.0,2,8,0.03,203.03,0.0,0.0,207.57,0.0,0.0,Below Average,High Risk
15601873,France,Female,36,0.0,1,2,0.03,201.53,0.0,0.0,220.72,0.0,0.0,Average,High Risk
15657868,Germany,Male,40,94607.08,1,2,0.03,329.82,0.0,0.0,359.87,0.0,0.01,Average,High Risk
15734246,France,Female,21,166883.07,2,13,0.03,302.4,0.0,0.0,306.38,0.0,0.0,Low Value,High Risk
15792151,Spain,Female,37,0.0,2,1,0.03,188.93,0.0,0.0,228.54,0.26,1.28,Above Average,High Risk
15770159,Germany,Male,25,172812.72,2,10,0.03,278.03,0.0,0.0,282.84,0.0,0.0,Below Average,High Risk
15639357,France,Male,46,134950.19,3,4,3.54,201.68,0.07,0.03,210.9,6.9,34.5,High Value,High Risk
15738907,France,Female,60,96956.1,1,2,2.36,326.88,0.22,0.09,356.69,32.52,289.15,High Value,High Risk
15663446,Germany,Female,29,107601.79,1,1,1.57,313.27,0.34,0.12,375.89,46.7,274.63,High Value,Medium Risk
15750867,Germany,Female,46,92060.06,1,2,3.15,221.33,0.22,0.07,242.2,16.78,149.25,High Value,High Risk
15763806,France,Male,41,0.0,2,6,0.03,230.33,0.0,0.0,237.16,0.0,0.0,Below Average,High Risk
15637993,France,Male,36,137688.71,1,12,0.03,290.62,0.0,0.0,294.78,0.0,0.0,Low Value,High Risk
15720338,Spain,Male,55,85845.43,2,13,0.03,258.02,0.0,0.0,261.46,0.0,0.0,Low Value,High Risk
15627162,Germany,Male,27,125552.96,1,2,0.03,285.2,0.0,0.0,311.48,0.0,0.0,Average,High Risk
15596710,France,Female,33,167298.42,1,1,0.03,270.62,0.01,0.02,325.34,5.19,25.94,High Value,High Risk
15781678,Spain,Male,31,55732.92,2,6,0.03,212.29,0.0,0.0,218.63,0.0,0.0,Below Average,High Risk
15634968,Germany,Female,37,110689.07,1,8,2.36,312.56,0.0,0.0,319.28,1.29,6.47,Above Average,High Risk
15609475,Spain,Female,39,98544.11,1,10,0.03,256.29,0.0,0.0,260.75,0.0,0.0,Low Value,High Risk
15573319,Germany,Female,35,178317.6,1,2,0.03,226.94,0.0,0.0,248.29,0.0,0.0,Average,High Risk
15738291,France,Female,48,115713.84,2,3,0.03,277.46,0.0,0.0,294.07,0.0,0.0,Average,High Risk
15782456,France,Male,46,143267.14,2,3,0.03,274.38,0.0,0.0,290.83,0.0,0.0,Average,High Risk
15794841,Spain,Male,19,89750.21,1,1,0.03,296.17,0.0,0.0,355.61,0.11,0.56,Above Average,High Risk
15684696,Spain,Female,26,116576.45,1,1,0.03,244.21,0.0,0.0,294.04,0.33,1.64,Above Average,High Risk
15629846,Germany,Female,47,143001.5,2,3,0.03,325.67,0.0,0.0,344.93,0.0,0.0,Average,High Risk
15674442,France,Male,23,157761.56,1,2,0.03,282.53,0.0,0.0,308.58,0.0,0.0,Average,High Risk
15571689,France,Female,37,0.0,2,8,0.03,220.43,0.0,0.0,225.32,0.0,0.0,Below Average,High Risk
15730469,Spain,Male,31,103430.11,2,6,0.03,274.31,0.0,0.0,282.31,0.0,0.0,Below Average,High Risk
15684367,Spain,Male,27,0.0,2,2,0.03,164.93,0.0,0.0,181.02,0.0,0.01,Average,High Risk
15793049,Germany,Female,48,115115.38,1,2,3.15,280.12,0.22,0.07,305.97,21.19,188.55,High Value,High Risk
15613623,Spain,Male,62,0.0,1,4,0.03,205.43,0.0,0.0,214.8,0.0,0.0,Average,High Risk
15569572,France,Male,42,0.0,2,10,0.03,231.83,0.0,0.0,235.91,0.0,0.0,Low Value,High Risk
15698791,France,Male,45,146758.24,1,1,0.03,281.44,0.0,0.0,338.17,0.38,1.89,Above Average,High Risk
15626233,France,Female,32,0.0,2,5,0.03,176.33,0.0,0.0,182.83,0.0,0.0,Below Average,High Risk
15607263,France,Male,55,0.0,1,4,1.18,241.08,0.07,0.09,251.9,23.03,115.16,High Value,High Risk
15610900,France,Female,70,110738.89,1,3,3.54,331.87,0.13,0.05,351.47,17.32,173.24,High Value,High Risk
15624775,France,Male,67,94203.8,1,2,0.03,314.74,0.0,0.0,343.52,0.05,0.23,Above Average,High Risk
15691703,France,Male,47,105792.49,1,11,3.15,239.06,0.0,0.0,242.87,0.08,0.41,Above Average,High Risk
15745355,France,Male,41,153198.23,1,5,0.03,257.13,0.0,0.0,266.23,0.0,0.0,Below Average,High Risk
15724955,France,Male,38,0.0,2,1,0.03,159.53,0.0,0.0,193.69,0.22,1.08,Above Average,High Risk
15628999,France,Male,79,61811.23,1,14,0.03,327.83,0.0,0.0,331.81,0.0,0.0,Low Value,High Risk
15654341,France,Male,34,101116.06,1,2,0.03,237.86,0.0,0.0,260.13,0.0,0.0,Average,High Risk
15632365,Germany,Male,33,142871.27,2,3,0.03,240.16,0.0,0.0,254.73,0.0,0.0,Average,High Risk
15729689,Germany,Male,35,98585.94,2,10,0.03,301.29,0.0,0.0,306.47,0.0,0.0,Below Average,High Risk
15759284,France,Female,37,0.0,1,8,2.36,223.43,0.0,0.0,228.38,0.92,4.62,Above Average,High Risk
15602124,France,Male,30,0.0,2,12,0.03,217.73,0.0,0.0,220.93,0.0,0.0,Low Value,High Risk
15661903,France,Female,43,80764.03,1,1,1.18,283.46,0.34,0.16,340.56,55.2,324.47,High Value,Medium Risk
15664668,France,Female,42,144801.97,1,12,3.54,237.85,0.0,0.0,241.32,0.03,0.17,Above Average,High Risk
15748639,Germany,Male,35,110053.62,2,12,0.03,224.92,0.0,0.0,228.22,0.0,0.0,Low Value,High Risk
15628123,France,Female,28,118890.81,1,7,0.03,265.94,0.0,0.0,272.58,0.0,0.0,Below Average,High Risk
15602731,France,Male,31,0.0,1,1,1.97,215.63,0.34,0.1,260.18,26.21,154.18,High Value,Medium Risk
15748696,France,Male,42,150507.21,1,12,0.03,297.81,0.0,0.0,302.07,0.0,0.0,Low Value,High Risk
15725068,Spain,Female,21,0.0,2,15,0.03,208.73,0.0,0.0,211.19,0.0,0.0,Low Value,High Risk
15807340,Germany,Male,33,131023.76,2,1,0.03,234.49,0.0,0.0,282.52,0.15,0.77,Above Average,High Risk
15576185,France,Male,29,0.0,2,3,0.03,194.33,0.0,0.0,206.38,0.0,0.0,Average,High Risk
15660809,France,Male,28,0.0,2,6,0.03,253.43,0.0,0.0,260.88,0.0,0.0,Below Average,High Risk
15616666,Germany,Female,52,111739.4,2,10,0.03,272.23,0.0,0.0,276.94,0.0,0.0,Low Value,High Risk
15706904,France,Male,43,113882.31,1,8,0.03,301.05,0.0,0.0,307.55,0.0,0.0,Below Average,High Risk
15606915,France,Male,24,98148.61,1,2,0.03,304.26,0.0,0.0,332.15,0.0,0.0,Average,High Risk
15749693,France,Female,32,0.0,2,3,0.03,195.83,0.0,0.0,207.96,0.0,0.0,Below Average,High Risk
15791743,France,Male,32,59271.82,1,1,0.03,289.8,0.01,0.02,348.07,5.55,27.75,High Value,High Risk
15796480,France,Female,31,0.0,2,3,0.03,204.53,0.0,0.0,217.14,0.0,0.0,Average,High Risk
15790442,Spain,Male,33,0.0,2,3,0.03,187.73,0.0,0.0,199.42,0.0,0.0,Average,High Risk
15609458,France,Male,30,69413.44,1,14,0.03,311.85,0.0,0.0,315.65,0.0,0.0,Low Value,High Risk
15593897,Spain,Male,25,160599.06,2,12,0.03,273.34,0.0,0.0,277.28,0.0,0.0,Low Value,High Risk
15604576,Spain,Male,22,0.0,1,4,0.03,253.43,0.0,0.0,264.75,0.0,0.0,Average,High Risk
15572626,Spain,Male,44,0.0,2,13,0.03,184.43,0.0,0.0,186.98,0.0,0.0,Low Value,High Risk
15727197,France,Female,52,170228.59,2,3,3.54,254.03,0.13,0.05,269.36,13.28,132.77,High Value,High Risk
15714006,France,Female,35,133111.73,1,2,0.03,221.69,0.0,0.0,242.59,0.03,0.16,Above Average,High Risk
15642137,Spain,Female,39,0.0,2,2,0.03,206.93,0.0,0.0,226.58,0.0,0.01,Above Average,High Risk
15626806,France,Female,32,0.0,2,3,0.03,198.83,0.0,0.0,211.13,0.0,0.0,Average,High Risk
15662578,Germany,Male,35,110245.13,1,1,0.03,279.54,0.01,0.02,335.91,5.36,26.78,High Value,High Risk
15790829,France,Female,45,0.0,2,2,0.03,209.33,0.0,0.0,229.19,0.0,0.01,Above Average,High Risk
15654959,Spain,Male,67,158719.57,1,8,0.03,300.52,0.0,0.0,307.0,0.0,0.0,Below Average,High Risk
15760244,France,Female,76,160979.68,1,7,0.03,287.86,0.0,0.0,295.0,0.0,0.0,Below Average,High Risk
15715394,Spain,Male,35,123557.65,2,6,0.03,260.5,0.0,0.0,268.13,0.0,0.0,Below Average,High Risk
15722246,France,Female,60,0.0,1,5,1.57,233.53,0.03,0.04,241.87,10.04,50.2,High Value,High Risk
15609704,France,Female,33,0.0,1,1,1.57,180.83,0.34,0.12,218.94,27.2,159.96,High Value,Medium Risk
15757628,France,Male,40,112896.86,1,14,0.03,247.29,0.0,0.0,250.37,0.0,0.0,Low Value,High Risk
15633586,France,Female,39,120962.13,1,2,0.03,254.95,0.0,0.0,278.67,0.0,0.0,Average,High Risk
15565796,Germany,Male,48,96048.55,1,3,0.03,298.42,0.0,0.0,316.18,0.0,0.0,Below Average,High Risk
15717935,France,Female,21,0.0,2,5,0.03,175.13,0.0,0.0,181.59,0.0,0.0,Below Average,High Risk
15577700,France,Male,37,185063.7,2,17,0.03,303.99,0.0,0.0,307.04,0.0,0.0,Low Value,High Risk
15747345,France,Female,22,118064.93,2,10,0.03,279.69,0.0,0.0,284.53,0.0,0.0,Below Average,High Risk
15678317,France,Male,46,0.0,2,3,0.03,179.33,0.0,0.0,190.56,0.0,0.0,Average,High Risk
15698335,France,Female,73,0.0,1,11,0.03,178.38,0.0,0.0,181.31,0.0,0.0,Low Value,High Risk
15768451,Germany,Male,40,149131.03,3,10,1.97,299.55,0.0,0.0,304.7,0.34,1.7,Above Average,High Risk
15753213,France,Female,34,0.0,2,3,0.03,179.63,0.0,0.0,190.87,0.0,0.0,Average,High Risk
15769645,France,Female,35,0.0,1,4,0.03,182.03,0.0,0.0,190.45,0.0,0.0,Average,High Risk
15657565,Spain,Female,44,125512.98,2,2,0.03,265.4,0.0,0.0,290.0,0.0,0.0,Average,High Risk
15620323,Spain,Female,42,83492.07,2,1,0.03,269.58,0.0,0.0,324.11,0.36,1.81,Above Average,High Risk
15679983,France,Male,34,0.0,1,2,0.03,167.93,0.0,0.0,184.28,0.0,0.0,Average,High Risk
15812616,France,Female,49,0.0,1,3,3.94,210.53,0.13,0.04,223.47,9.95,99.5,High Value,High Risk
15601796,France,Male,30,125739.26,1,1,0.03,270.21,0.01,0.02,324.86,5.18,25.9,High Value,High Risk
15729489,Germany,Female,34,98592.88,1,11,3.15,303.69,0.0,0.0,308.43,0.1,0.52,Above Average,High Risk
15815428,France,Male,34,105057.33,1,1,0.03,322.42,0.0,0.0,386.72,0.43,2.16,Above Average,High Risk
15707551,France,Male,30,73054.37,2,13,0.03,243.49,0.0,0.0,246.76,0.0,0.0,Low Value,High Risk
15788775,Germany,Male,40,152576.25,2,3,0.03,219.9,0.0,0.0,233.35,0.0,0.0,Average,High Risk
15758362,France,Female,41,152243.57,1,12,0.03,297.29,0.0,0.0,301.54,0.0,0.0,Low Value,High Risk
15807961,France,Male,25,0.0,1,1,0.03,184.13,0.0,0.0,222.85,0.12,0.61,Above Average,High Risk
15710978,Germany,Male,42,88120.97,2,3,0.03,288.84,0.0,0.0,306.08,0.0,0.01,Above Average,High Risk
15703541,Germany,Female,51,143930.92,1,12,3.54,310.46,0.0,0.0,314.89,0.04,0.22,Above Average,High Risk
15608344,Germany,Female,29,137059.05,3,3,2.76,301.99,0.13,0.06,319.95,20.07,200.65,High Value,High Risk
15768367,France,Female,27,186558.55,1,10,2.76,313.64,0.0,0.0,319.02,0.26,1.3,Above Average,High Risk
15806210,Spain,Male,66,115654.47,2,8,0.03,298.66,0.0,0.0,305.1,0.0,0.0,Below Average,High Risk
15689152,Spain,Male,38,126152.84,1,1,0.03,281.63,0.0,0.0,338.39,0.38,1.89,Above Average,High Risk
15568573,Germany,Female,51,105701.91,1,10,2.76,243.01,0.0,0.0,247.26,0.2,1.01,Above Average,High Risk
15689598,France,Male,46,0.0,1,8,2.36,215.03,0.0,0.0,219.81,0.89,4.45,Above Average,High Risk
15713374,Germany,Male,67,157094.78,1,12,0.03,306.15,0.0,0.0,310.51,0.0,0.0,Low Value,High Risk
15679733,Germany,Male,40,113228.38,2,3,0.03,314.81,0.0,0.0,333.48,0.0,0.01,Above Average,High Risk
15759274,France,Female,32,0.0,1,14,0.03,132.53,0.0,0.0,134.31,0.0,0.0,Low Value,High Risk
15607748,Germany,Male,37,108432.88,2,13,0.03,225.13,0.0,0.0,228.17,0.0,0.0,Low Value,High Risk
15607577,Spain,Male,27,0.0,1,11,0.03,197.33,0.0,0.0,200.54,0.0,0.0,Low Value,High Risk
15813697,Germany,Female,44,120702.67,2,3,0.03,225.84,0.0,0.0,239.62,0.0,0.01,Average,High Risk
15777855,France,Male,45,0.0,2,12,0.03,193.13,0.0,0.0,196.01,0.0,0.0,Low Value,High Risk
15635396,Germany,Female,29,139106.19,1,3,3.54,298.79,0.13,0.05,316.57,15.6,156.04,High Value,High Risk
15698031,Germany,Female,39,101851.8,2,2,0.03,251.41,0.0,0.0,274.82,0.0,0.0,Average,High Risk
15678944,Germany,Female,32,130935.56,1,2,2.36,273.48,0.22,0.09,298.77,27.24,242.2,High Value,High Risk
15718507,Germany,Male,37,116509.99,1,4,1.18,270.3,0.07,0.09,282.3,25.81,129.06,High Value,High Risk
15808334,Germany,Female,37,93124.04,2,1,0.03,307.51,0.01,0.02,369.06,5.88,29.42,High Value,High Risk
15804709,Germany,Male,35,111578.18,1,1,1.97,282.32,0.34,0.1,339.2,34.17,201.01,High Value,Medium Risk
15645835,France,Male,32,0.0,2,15,0.03,179.93,0.0,0.0,182.09,0.0,0.0,Low Value,High Risk
15738166,France,Female,39,86546.29,1,14,0.03,253.02,0.0,0.0,256.16,0.0,0.0,Low Value,High Risk
15675360,France,Male,33,0.0,1,11,0.03,126.53,0.0,0.0,128.72,0.0,0.0,Low Value,High Risk
15810385,Spain,Female,36,164557.95,1,2,0.03,293.61,0.0,0.0,320.6,0.04,0.22,Above Average,High Risk
15578211,France,Male,23,0.0,2,10,0.03,231.53,0.0,0.0,235.6,0.0,0.0,Low Value,High Risk
15572792,Spain,Male,35,118989.92,1,11,0.03,236.85,0.0,0.0,240.62,0.0,0.0,Low Value,High Risk
15783541,France,Male,31,0.0,2,8,0.03,224.93,0.0,0.0,229.91,0.0,0.0,Below Average,High Risk
15679284,Spain,Female,45,79259.75,1,2,0.03,251.54,0.0,0.0,274.96,0.0,0.0,Average,High Risk
15582910,France,Male,38,112230.38,1,1,1.57,230.16,0.34,0.12,277.39,34.46,202.67,High Value,Medium Risk
15688337,France,Male,40,118129.87,1,12,0.03,292.6,0.0,0.0,296.79,0.0,0.0,Low Value,High Risk
15734970,Spain,Male,38,86824.09,1,2,0.03,324.74,0.0,0.0,354.37,0.0,0.0,Average,High Risk
15759140,France,Female,64,128306.7,1,14,0.03,298.95,0.0,0.0,302.6,0.0,0.0,Low Value,High Risk
15773868,Germany,Female,37,125734.2,2,1,1.18,272.61,0.34,0.16,327.7,53.12,312.22,High Value,Medium Risk
15615820,France,Male,49,103302.37,1,11,0.03,326.5,0.0,0.0,331.57,0.0,0.0,Low Value,High Risk
15730273,France,Male,27,0.0,1,2,0.03,250.73,0.0,0.0,274.09,0.0,0.0,Average,High Risk
15724890,Spain,Male,36,82696.09,2,1,0.03,249.12,0.0,0.0,299.86,0.16,0.82,Above Average,High Risk
15765952,France,Male,29,145471.37,1,1,0.03,308.38,0.0,0.0,370.09,0.2,1.01,Above Average,High Risk
15663263,France,Male,47,156265.31,2,2,0.03,287.56,0.0,0.0,314.04,0.0,0.01,Above Average,High Risk
15568953,France,Male,27,128554.98,1,1,0.03,219.96,0.01,0.02,265.31,4.23,21.15,High Value,High Risk
15643361,Germany,Male,34,139959.55,2,13,0.03,220.53,0.0,0.0,223.51,0.0,0.0,Low Value,High Risk
15699486,Spain,Male,34,132944.53,1,10,0.03,300.58,0.0,0.0,305.75,0.0,0.0,Low Value,High Risk
15747854,France,Female,35,0.0,3,6,0.03,223.13,0.0,0.0,229.77,0.0,0.0,Below Average,High Risk
15709004,Germany,Male,22,93547.23,2,8,0.03,233.14,0.0,0.0,238.28,0.0,0.0,Below Average,High Risk
15697127,France,Female,31,147674.26,1,2,0.03,240.69,0.0,0.0,263.19,0.04,0.18,Above Average,High Risk
15658486,Spain,Female,59,148021.12,1,4,0.03,262.75,0.0,0.0,274.44,0.0,0.0,Average,High Risk
15685290,Germany,Male,46,142360.62,2,2,1.97,256.04,0.23,0.11,279.85,30.31,269.38,High Value,High Risk
15599860,Spain,Female,26,109958.15,1,11,3.15,269.92,0.0,0.0,274.17,0.09,0.46,Above Average,High Risk
15723169,France,Female,31,138857.59,1,3,0.03,269.37,0.0,0.0,285.54,0.0,0.0,Average,High Risk
15803842,Germany,Female,45,105426.5,2,5,0.03,301.14,0.0,0.0,311.66,0.0,0.0,Below Average,High Risk
15728224,Germany,Female,41,149155.53,2,3,3.54,290.85,0.13,0.05,308.2,15.19,151.91,High Value,High Risk
15644174,Germany,Male,27,135096.05,1,5,1.57,268.59,0.03,0.04,278.06,11.54,57.71,High Value,High Risk
15765415,Spain,Female,45,89122.3,1,5,0.03,257.12,0.0,0.0,266.22,0.0,0.0,Below Average,High Risk
15795151,France,Female,38,123894.43,1,1,0.03,288.11,0.0,0.0,346.07,0.39,1.93,Above Average,High Risk
15632859,France,Male,36,0.0,2,12,0.03,131.63,0.0,0.0,133.7,0.0,0.0,Low Value,High Risk
15584037,Germany,Male,58,106913.43,1,1,1.97,303.73,0.34,0.1,364.58,36.72,216.05,High Value,Medium Risk
15621409,France,Male,32,127845.83,1,1,0.03,225.62,0.0,0.0,272.02,0.15,0.74,Above Average,High Risk
15581102,France,Female,22,0.0,2,13,0.03,164.63,0.0,0.0,166.94,0.0,0.0,Low Value,High Risk
15578096,France,Male,26,106397.75,1,2,0.03,236.7,0.0,0.0,258.87,0.0,0.0,Average,High Risk
15669887,France,Female,51,0.0,1,4,1.18,251.38,0.07,0.09,262.61,24.01,120.06,High Value,High Risk
15655341,Spain,Female,35,166492.48,1,1,0.03,215.98,0.0,0.0,260.59,0.08,0.41,Above Average,High Risk
15685314,France,Female,28,0.0,2,3,0.03,253.43,0.0,0.0,268.73,0.0,0.01,Above Average,High Risk
15653997,Spain,Male,31,114493.68,1,2,0.03,285.79,0.0,0.0,312.12,0.0,0.0,Average,High Risk
15629551,Germany,Female,44,126104.98,2,15,0.03,261.23,0.0,0.0,264.24,0.0,0.0,Low Value,High Risk
15651264,Germany,Male,51,124425.99,1,1,1.57,332.89,0.34,0.12,399.14,49.58,291.62,High Value,Medium Risk
15740383,Spain,Female,38,0.0,2,4,0.03,176.63,0.0,0.0,184.83,0.0,0.0,Below Average,High Risk
15670562,France,Male,30,101140.76,1,4,0.03,216.26,0.0,0.0,226.07,0.0,0.0,Average,High Risk
15694805,Spain,Male,35,115024.5,1,1,0.03,275.32,0.01,0.02,330.91,5.28,26.38,High Value,High Risk
15746802,France,Female,30,131286.46,1,2,0.03,220.1,0.0,0.0,240.86,0.0,0.0,Average,High Risk
15589428,France,Female,42,0.0,2,3,0.03,225.23,0.0,0.0,238.98,0.0,0.0,Below Average,High Risk
15790267,France,Female,40,141267.67,1,10,0.03,264.99,0.0,0.0,269.59,0.0,0.0,Low Value,High Risk
15665402,Spain,Male,73,137761.55,1,7,0.03,316.97,0.0,0.0,324.78,0.0,0.0,Below Average,High Risk
15642093,France,Male,30,0.0,2,3,0.03,192.23,0.0,0.0,204.17,0.0,0.0,Average,High Risk
15602554,France,Female,31,114519.57,2,15,0.03,275.29,0.0,0.0,278.45,0.0,0.0,Low Value,High Risk
15724251,Germany,Female,29,101012.77,1,2,2.36,279.85,0.22,0.09,305.68,27.87,247.8,High Value,High Risk
15740147,France,Female,44,0.0,1,14,0.03,215.93,0.0,0.0,218.65,0.0,0.0,Low Value,High Risk
15718289,Germany,Male,46,82291.1,1,1,1.18,239.79,0.34,0.16,288.8,46.81,275.16,High Value,Medium Risk
15763148,France,Male,39,84719.98,1,3,0.03,246.88,0.0,0.0,261.81,0.0,0.0,Below Average,High Risk
15685245,Spain,Female,56,0.0,2,8,0.03,188.33,0.0,0.0,192.58,0.0,0.0,Below Average,High Risk
15585823,France,Male,31,128131.73,1,2,0.03,264.94,0.0,0.0,289.5,0.0,0.0,Average,High Risk
15762928,Spain,Male,44,0.0,1,2,0.03,162.83,0.0,0.0,178.75,0.0,0.0,Average,High Risk
15751774,France,Male,76,112510.89,1,5,0.03,340.67,0.0,0.0,352.46,0.0,0.0,Below Average,High Risk
15654733,Germany,Male,57,117056.46,1,1,1.18,323.19,0.34,0.16,387.64,62.83,369.33,High Value,Medium Risk
15809777,Germany,Female,55,131778.66,1,10,0.03,232.38,0.0,0.0,236.46,0.0,0.0,Low Value,High Risk
15720713,France,Female,29,0.0,2,17,0.03,253.43,0.0,0.0,256.02,0.0,0.0,Low Value,High Risk
15695356,France,Male,46,0.0,2,2,0.03,215.03,0.0,0.0,235.37,0.0,0.01,Above Average,High Risk
15604792,Germany,Male,38,140752.06,2,10,0.03,260.16,0.0,0.0,264.69,0.0,0.0,Low Value,High Risk
15704819,Spain,Female,39,92126.26,2,2,0.03,294.84,0.0,0.0,321.93,0.0,0.0,Average,High Risk
15670859,Germany,Female,39,93148.74,2,12,0.03,290.11,0.0,0.0,294.27,0.0,0.0,Low Value,High Risk
15602797,Spain,Female,49,110132.55,3,10,1.97,269.33,0.0,0.0,274.0,0.31,1.53,Above Average,High Risk
15662533,Spain,Female,23,0.0,2,2,0.03,177.83,0.0,0.0,195.02,0.0,0.0,Average,High Risk
15778154,Germany,Male,50,122227.71,1,5,1.57,264.92,0.03,0.04,274.27,11.38,56.92,High Value,High Risk
15806230,Germany,Male,40,121647.54,2,3,0.79,265.19,0.13,0.2,281.13,55.55,465.74,High Value,High Risk
15662884,Germany,Male,58,110597.76,1,1,0.39,307.56,0.34,0.42,369.11,154.94,465.74,High Value,Medium Risk
15750778,France,Female,60,120731.39,4,4,0.79,284.84,0.07,0.13,297.43,38.9,194.52,High Value,High Risk
15717185,France,Male,28,0.0,2,13,0.03,211.73,0.0,0.0,214.61,0.0,0.0,Low Value,High Risk
15677804,Spain,Male,38,0.0,3,2,0.39,233.33,0.23,0.44,255.22,113.38,465.74,High Value,High Risk
15568915,France,Male,38,153722.47,1,2,0.03,282.35,0.0,0.0,308.39,0.0,0.0,Average,High Risk
15736495,France,Male,34,114088.32,1,2,0.03,289.66,0.0,0.0,316.32,0.0,0.0,Average,High Risk
15737354,France,Female,48,0.0,2,12,0.03,164.63,0.0,0.0,167.13,0.0,0.0,Low Value,High Risk
15667889,France,Female,37,0.0,2,2,0.03,181.73,0.0,0.0,199.25,0.0,0.0,Average,High Risk
15577831,Germany,Male,41,152532.3,1,1,0.03,246.0,0.0,0.0,296.17,0.16,0.81,Above Average,High Risk
15775293,France,Male,34,143292.95,1,1,0.03,281.58,0.0,0.0,338.33,0.38,1.89,Above Average,High Risk
15697597,France,Male,26,149144.61,1,1,0.03,267.15,0.01,0.02,321.23,5.12,25.61,High Value,High Risk
15639669,France,Male,36,127157.04,1,12,0.03,300.59,0.0,0.0,304.88,0.0,0.0,Low Value,High Risk
15631392,Germany,Male,43,84673.17,2,15,0.03,270.28,0.0,0.0,273.38,0.0,0.0,Low Value,High Risk
15580935,Germany,Male,33,135962.4,2,3,0.03,283.33,0.0,0.0,300.27,0.0,0.0,Average,High Risk
15590344,Germany,Male,32,151691.44,2,5,0.03,290.36,0.0,0.0,300.53,0.0,0.0,Below Average,High Risk
15805025,France,Female,45,139859.23,1,10,0.03,268.22,0.0,0.0,272.88,0.0,0.0,Low Value,High Risk
15658449,France,Male,45,43134.65,1,12,0.03,278.08,0.0,0.0,282.08,0.0,0.0,Low Value,High Risk
15694450,France,Male,42,99580.13,1,1,0.03,278.26,0.0,0.0,334.39,0.1,0.52,Above Average,High Risk
15605666,France,Female,34,110717.38,1,8,0.03,291.86,0.0,0.0,298.17,0.0,0.0,Below Average,High Risk
15615126,France,Female,37,0.0,2,1,1.18,232.43,0.34,0.16,280.09,45.4,266.86,High Value,Medium Risk
15726588,Spain,Female,36,0.0,2,1,0.03,194.33,0.0,0.0,234.94,0.26,1.31,Above Average,High Risk
15645095,France,Female,28,0.0,1,1,0.03,200.63,0.0,0.0,242.4,0.27,1.35,Above Average,High Risk
15808960,Germany,Male,40,108197.11,2,2,0.03,261.71,0.0,0.0,286.0,0.0,0.01,Above Average,High Risk
15729435,France,Male,40,0.0,2,10,0.03,185.33,0.0,0.0,188.67,0.0,0.0,Low Value,High Risk
15656840,France,Female,29,104450.86,1,8,0.03,239.58,0.0,0.0,244.85,0.0,0.0,Below Average,High Risk
15585490,France,Female,34,0.0,1,5,0.03,222.23,0.0,0.0,230.21,0.0,0.0,Below Average,High Risk
15674929,France,Female,31,0.0,2,3,0.03,152.03,0.0,0.0,161.76,0.0,0.0,Average,High Risk
15746341,France,Male,40,0.0,2,13,0.03,187.43,0.0,0.0,190.02,0.0,0.0,Low Value,High Risk
15662091,Spain,Male,21,116099.82,1,10,0.03,247.18,0.0,0.0,251.5,0.0,0.0,Low Value,High Risk
15620123,France,Male,39,111169.91,1,2,0.03,257.39,0.0,0.0,281.31,0.0,0.0,Average,High Risk
15616240,Spain,Male,37,0.0,2,6,0.03,157.43,0.0,0.0,162.31,0.0,0.0,Below Average,High Risk
15624186,Germany,Female,25,123616.43,1,7,0.03,320.5,0.0,0.0,328.38,0.0,0.0,Below Average,High Risk
15605036,Spain,Female,37,155619.58,1,12,0.03,289.33,0.0,0.0,293.48,0.0,0.0,Low Value,High Risk
15805151,Germany,Male,31,89558.39,2,3,0.03,243.95,0.0,0.0,258.72,0.0,0.01,Average,High Risk
15753847,Spain,Male,45,0.0,1,5,1.57,191.93,0.03,0.04,198.93,8.26,41.29,High Value,High Risk
15653222,Germany,Female,32,131938.92,2,10,0.03,234.83,0.0,0.0,238.96,0.0,0.0,Low Value,High Risk
15757541,France,Female,33,151772.63,2,3,3.54,311.37,0.13,0.05,329.84,16.26,162.58,High Value,High Risk
15726945,France,Female,72,0.0,2,13,0.03,229.03,0.0,0.0,232.12,0.0,0.0,Low Value,High Risk
15794276,France,Female,64,0.0,1,4,0.03,192.33,0.0,0.0,201.17,0.0,0.0,Average,High Risk
15568328,France,Female,22,0.0,2,10,0.03,144.83,0.0,0.0,147.53,0.0,0.0,Low Value,High Risk
15604355,France,Male,39,97700.02,1,1,0.03,230.73,0.01,0.02,278.07,4.43,22.17,High Value,High Risk
15735788,France,Male,31,0.0,2,10,0.03,211.13,0.0,0.0,214.88,0.0,0.0,Low Value,High Risk
15618255,Germany,Female,56,103244.86,2,2,2.36,275.5,0.22,0.09,300.96,27.44,243.97,High Value,High Risk
15720941,Germany,Male,34,147833.3,2,13,0.03,290.79,0.0,0.0,294.63,0.0,0.0,Low Value,High Risk
15769110,France,Female,46,0.0,2,2,0.03,194.33,0.0,0.0,212.91,0.0,0.01,Average,High Risk
15719579,Germany,Female,33,84521.48,2,15,0.03,275.07,0.0,0.0,278.22,0.0,0.0,Low Value,High Risk
15748854,Germany,Female,28,91938.31,1,1,0.03,291.53,0.0,0.0,350.12,0.11,0.55,Above Average,High Risk
15612455,Germany,Male,45,124240.93,1,8,0.03,241.33,0.0,0.0,246.64,0.0,0.0,Below Average,High Risk
15664802,France,Female,42,0.0,2,2,0.03,161.33,0.0,0.0,177.12,0.0,0.0,Average,High Risk
15664734,Germany,Female,25,108244.82,2,5,0.03,277.61,0.0,0.0,287.37,0.0,0.0,Below Average,High Risk
15767894,France,Female,21,0.0,2,15,0.03,220.73,0.0,0.0,223.32,0.0,0.0,Low Value,High Risk
15666884,Germany,Female,41,82161.7,2,2,0.03,226.28,0.0,0.0,247.56,0.0,0.01,Above Average,High Risk
15575748,France,Male,36,68881.59,2,15,0.03,315.4,0.0,0.0,318.98,0.0,0.0,Low Value,High Risk
15714610,Spain,Male,30,0.0,2,3,0.03,170.93,0.0,0.0,181.7,0.0,0.0,Average,High Risk
15720305,Spain,Female,40,86376.29,1,1,0.39,251.51,0.34,0.42,302.69,127.06,465.74,High Value,Medium Risk
15678129,Spain,Female,45,150840.03,2,3,0.03,270.83,0.0,0.0,287.07,0.0,0.0,Average,High Risk
15566633,Germany,Male,55,155059.1,2,13,0.03,293.76,0.0,0.0,297.64,0.0,0.0,Low Value,High Risk
15680436,France,Female,29,0.0,2,1,0.03,147.23,0.0,0.0,179.12,0.1,0.49,Above Average,High Risk
15674343,France,Male,44,78128.13,2,13,0.03,252.64,0.0,0.0,256.02,0.0,0.0,Low Value,High Risk
15658890,Germany,Male,46,98899.76,2,6,0.03,256.01,0.0,0.0,263.52,0.0,0.0,Below Average,High Risk
15599004,Spain,Male,37,0.0,1,1,0.03,194.93,0.01,0.02,235.65,3.76,18.79,High Value,High Risk
15726487,France,Male,63,160982.89,1,8,0.03,223.91,0.0,0.0,228.87,0.0,0.0,Below Average,High Risk
15698716,France,Female,70,87926.24,2,1,1.18,285.33,0.34,0.16,342.77,55.56,326.58,High Value,Medium Risk
15710527,France,Female,35,0.0,1,5,0.03,233.03,0.0,0.0,241.35,0.0,0.0,Below Average,High Risk
15732266,Germany,Male,53,127997.83,1,1,1.97,246.48,0.34,0.1,296.73,29.89,175.85,High Value,Medium Risk
15669326,France,Male,44,168396.34,1,2,0.03,276.06,0.0,0.0,301.56,0.04,0.2,Above Average,High Risk
15672246,Germany,Male,43,134896.03,1,2,0.03,282.98,0.0,0.0,309.07,0.04,0.21,Above Average,High Risk
15620276,Spain,Male,36,0.0,3,12,0.03,160.13,0.0,0.0,162.57,0.0,0.0,Low Value,High Risk
15640258,France,Female,50,94238.75,2,10,2.36,280.29,0.0,0.0,285.13,0.27,1.34,Above Average,High Risk
15759717,Spain,Female,39,0.0,2,3,0.03,227.33,0.0,0.0,241.19,0.0,0.0,Average,High Risk
15620268,Germany,Male,43,212696.32,1,1,0.03,270.42,0.0,0.0,325.1,0.36,1.82,Above Average,High Risk
15743871,France,Male,59,0.0,2,1,1.18,179.78,0.34,0.16,217.69,35.29,207.41,High Value,Medium Risk
15614491,France,Male,39,139153.68,2,1,0.03,239.09,0.0,0.0,287.97,0.32,1.61,Above Average,High Risk
15595047,France,Male,41,0.0,2,3,0.03,227.63,0.0,0.0,241.51,0.0,0.0,Average,High Risk
15701206,Spain,Male,44,0.0,2,2,0.03,168.23,0.0,0.0,184.6,0.0,0.01,Average,High Risk
15581280,Germany,Male,29,92887.13,1,8,0.03,288.89,0.0,0.0,295.14,0.0,0.0,Below Average,High Risk
15651943,Spain,Female,65,0.0,2,1,0.03,191.18,0.01,0.02,231.2,3.69,18.43,High Value,High Risk
15609545,France,Male,29,83442.98,1,7,0.03,238.38,0.0,0.0,244.39,0.0,0.0,Below Average,High Risk
15658548,Germany,Female,36,144773.29,2,2,0.03,271.45,0.0,0.0,296.57,0.0,0.0,Average,High Risk
15626008,Germany,Female,52,111973.97,1,12,3.54,265.04,0.0,0.0,268.87,0.04,0.19,Above Average,High Risk
15774133,France,Female,35,178032.53,1,11,0.03,290.83,0.0,0.0,295.38,0.0,0.0,Low Value,High Risk
15763798,France,Male,23,140007.19,1,7,0.03,281.43,0.0,0.0,288.42,0.0,0.0,Below Average,High Risk
15758013,France,Male,37,98400.61,2,2,0.03,284.48,0.0,0.0,310.7,0.0,0.01,Above Average,High Risk
15648362,Germany,Male,45,108924.33,2,1,1.18,294.16,0.34,0.16,353.23,57.26,336.55,High Value,Medium Risk
15761102,Spain,Female,32,132835.56,1,1,0.03,289.18,0.0,0.0,347.33,0.19,0.95,Above Average,High Risk
15610165,France,Female,26,0.0,2,1,0.03,226.73,0.01,0.02,273.33,4.36,21.79,High Value,High Risk
15654611,Germany,Female,25,81732.88,2,3,0.03,294.64,0.0,0.0,312.2,0.0,0.0,Average,High Risk
15659736,Germany,Male,66,121411.9,1,1,1.97,311.28,0.34,0.1,373.53,37.62,221.35,High Value,Medium Risk
15603170,France,Male,32,121455.65,1,3,3.54,272.68,0.13,0.05,289.03,14.25,142.46,High Value,High Risk
15786167,Spain,Male,20,0.0,2,8,0.03,193.13,0.0,0.0,197.48,0.0,0.0,Below Average,High Risk
15671915,France,Male,46,0.0,2,8,0.03,193.13,0.0,0.0,197.48,0.0,0.0,Below Average,High Risk
15794792,France,Female,31,117989.76,1,11,0.03,259.89,0.0,0.0,263.99,0.0,0.0,Low Value,High Risk
15652789,Spain,Male,40,0.0,2,17,0.03,195.53,0.0,0.0,197.58,0.0,0.0,Low Value,High Risk
15739168,France,Female,31,137411.29,1,7,0.03,230.6,0.0,0.0,236.44,0.0,0.0,Below Average,High Risk
15719950,France,Male,61,73688.2,1,14,0.03,291.5,0.0,0.0,295.07,0.0,0.0,Low Value,High Risk
15743818,Spain,Male,58,122330.7,2,15,0.03,310.93,0.0,0.0,314.46,0.0,0.0,Low Value,High Risk
15717937,Germany,Male,43,99906.89,1,1,0.03,241.38,0.0,0.0,290.69,0.09,0.45,Above Average,High Risk
15602841,Spain,Female,28,0.0,2,8,0.03,236.63,0.0,0.0,241.84,0.0,0.0,Below Average,High Risk
15619972,France,Female,47,167664.83,1,3,3.54,320.73,0.13,0.05,339.72,16.74,167.45,High Value,High Risk
15796114,France,Female,34,141525.55,1,2,0.03,255.7,0.0,0.0,279.48,0.0,0.0,Average,High Risk
15633546,Spain,Female,33,124832.51,1,1,0.03,272.26,0.0,0.0,327.29,0.37,1.83,Above Average,High Risk
15758755,France,Female,34,132121.71,1,12,0.03,295.74,0.0,0.0,299.97,0.0,0.0,Low Value,High Risk
15756610,Germany,Female,38,123770.46,1,1,1.97,273.71,0.34,0.1,329.0,33.14,194.97,High Value,Medium Risk
15640917,France,Male,43,0.0,2,8,0.03,188.33,0.0,0.0,192.58,0.0,0.0,Below Average,High Risk
15663164,Germany,Male,49,116150.65,3,14,2.76,275.08,0.0,0.0,278.47,0.01,0.05,Above Average,High Risk
15610781,France,Female,29,88378.6,1,3,0.03,284.96,0.0,0.0,301.99,0.0,0.0,Below Average,High Risk
15629603,France,Male,31,0.0,2,13,0.03,180.53,0.0,0.0,183.03,0.0,0.0,Low Value,High Risk
15714981,France,Male,37,0.0,1,5,1.57,141.23,0.03,0.04,146.59,6.08,30.42,High Value,High Risk
15775892,Spain,Female,23,85600.08,1,2,0.03,298.55,0.0,0.0,325.96,0.0,0.0,Average,High Risk
15782778,France,Male,35,0.0,2,6,0.03,242.93,0.0,0.0,250.09,0.0,0.0,Below Average,High Risk
15786643,France,Male,32,0.0,2,17,0.03,179.03,0.0,0.0,180.93,0.0,0.0,Low Value,High Risk
15595657,Germany,Male,40,95001.33,1,5,0.03,269.54,0.0,0.0,279.04,0.0,0.0,Below Average,High Risk
15743673,Spain,Male,27,113873.22,1,2,0.79,241.35,0.23,0.25,263.92,65.77,465.74,High Value,High Risk
15634310,France,Male,30,0.0,2,2,0.03,151.13,0.0,0.0,166.06,0.0,0.0,Average,High Risk
15790809,Spain,Male,40,74896.92,1,2,0.03,278.76,0.0,0.0,304.49,0.0,0.0,Average,High Risk
15668695,France,Female,22,89492.62,1,1,0.03,235.25,0.0,0.0,283.42,0.09,0.44,Above Average,High Risk
15669281,Spain,Male,38,128718.78,1,1,0.03,290.17,0.0,0.0,348.51,0.39,1.95,Above Average,High Risk
15621031,Spain,Male,27,0.0,2,3,0.03,226.73,0.0,0.0,240.56,0.0,0.0,Average,High Risk
15720071,France,Female,49,0.0,1,1,1.18,158.93,0.34,0.16,192.98,31.28,183.87,High Value,Medium Risk
15792180,Germany,Male,22,144954.75,2,3,0.03,247.46,0.0,0.0,262.43,0.0,0.0,Average,High Risk
15813894,Spain,Male,21,0.0,2,3,0.03,184.43,0.0,0.0,195.94,0.0,0.0,Below Average,High Risk
15669490,Germany,Male,37,94001.61,2,2,0.03,325.87,0.0,0.0,355.6,0.0,0.01,Average,High Risk
15783030,France,Female,40,0.0,1,2,2.76,203.93,0.22,0.08,223.33,17.58,156.37,High Value,High Risk
15575676,France,Male,24,0.0,2,1,0.03,189.83,0.01,0.02,229.6,3.66,18.31,High Value,High Risk
15627665,France,Male,46,0.0,1,1,1.57,182.63,0.34,0.12,221.07,27.46,161.52,High Value,Medium Risk
15814092,France,Female,44,0.0,1,2,0.79,186.23,0.23,0.25,204.13,50.87,450.28,High Value,High Risk
15695225,Spain,Male,38,0.0,2,13,0.03,248.63,0.0,0.0,251.96,0.0,0.0,Low Value,High Risk
15615091,France,Male,24,0.0,2,10,0.03,205.73,0.0,0.0,209.39,0.0,0.0,Low Value,High Risk
15794345,Spain,Male,38,0.0,2,13,0.03,210.23,0.0,0.0,213.09,0.0,0.0,Low Value,High Risk
15726484,France,Male,37,141546.35,1,10,0.03,267.4,0.0,0.0,272.04,0.0,0.0,Low Value,High Risk
15650442,Germany,Female,32,141528.88,1,11,3.15,270.7,0.0,0.0,274.96,0.09,0.46,Above Average,High Risk
15714256,France,Male,30,109805.3,1,10,0.03,275.61,0.0,0.0,280.38,0.0,0.0,Low Value,High Risk
15778752,France,Male,32,86614.06,2,17,0.03,286.63,0.0,0.0,289.52,0.0,0.0,Low Value,High Risk
15601659,Germany,Female,59,91680.1,2,3,2.76,234.66,0.13,0.06,248.92,15.61,156.11,High Value,High Risk
15779414,Spain,Male,40,153639.11,1,4,0.03,286.85,0.0,0.0,299.52,0.0,0.0,Average,High Risk
15763097,Spain,Male,80,0.0,2,13,0.03,278.63,0.0,0.0,282.33,0.0,0.0,Low Value,High Risk
15633666,Spain,Female,33,123870.07,1,2,0.03,286.91,0.0,0.0,313.34,0.0,0.0,Average,High Risk
15718789,France,Male,30,0.0,2,2,0.03,179.63,0.0,0.0,196.97,0.0,0.01,Average,High Risk
15690620,France,Male,39,46323.57,1,3,0.03,269.56,0.0,0.0,285.73,0.0,0.0,Below Average,High Risk
15737071,France,Female,60,162039.78,1,7,1.97,282.6,0.01,0.01,289.62,2.78,13.89,Above Average,High Risk
15665062,France,Male,19,110928.51,1,1,0.03,284.68,0.01,0.02,342.0,5.45,27.27,High Value,High Risk
15600692,France,Male,38,0.0,2,2,0.03,154.43,0.0,0.0,169.64,0.0,0.0,Average,High Risk
15792064,Germany,Male,53,114421.55,1,1,1.97,243.33,0.34,0.1,293.0,29.51,173.64,High Value,Medium Risk
15811486,Germany,Female,29,130036.21,2,13,0.03,267.14,0.0,0.0,270.69,0.0,0.0,Low Value,High Risk
15626141,France,Female,26,151510.17,2,1,0.03,302.96,0.01,0.02,363.66,5.8,28.99,High Value,High Risk
15738546,Spain,Female,41,0.0,2,6,0.03,157.43,0.0,0.0,162.31,0.0,0.0,Below Average,High Risk
15677052,France,Female,59,0.0,2,3,0.79,186.38,0.13,0.2,197.99,39.12,391.25,High Value,High Risk
15656454,France,Male,37,83568.55,1,2,0.03,270.19,0.0,0.0,295.2,0.0,0.0,Average,High Risk
15645496,France,Female,43,139972.18,1,2,0.03,271.83,0.0,0.0,296.97,0.0,0.0,Average,High Risk
15612505,Spain,Male,45,100212.13,1,1,0.03,325.7,0.0,0.0,390.61,0.44,2.18,Above Average,High Risk
15685654,Spain,Male,66,0.0,2,15,0.03,172.63,0.0,0.0,174.71,0.0,0.0,Low Value,High Risk
15732307,Germany,Male,33,124067.32,1,5,0.03,284.82,0.0,0.0,294.81,0.0,0.0,Below Average,High Risk
15726814,Spain,Male,46,0.0,2,6,0.03,164.63,0.0,0.0,169.7,0.0,0.0,Below Average,High Risk
15597914,Germany,Female,51,117306.69,4,4,0.79,269.8,0.07,0.13,281.78,36.86,184.28,High Value,High Risk
15631603,France,Male,32,122889.88,1,1,0.03,320.46,0.01,0.02,384.4,6.13,30.65,High Value,High Risk
15789753,France,Male,40,148790.61,1,8,0.03,221.84,0.0,0.0,226.75,0.0,0.0,Below Average,High Risk
15678034,France,Male,46,180226.24,1,3,3.54,322.41,0.13,0.05,341.49,16.83,168.32,High Value,High Risk
15690209,Germany,Female,32,104857.19,2,1,0.03,290.0,0.0,0.0,348.31,0.39,1.95,Above Average,High Risk
15592091,Spain,Male,31,166833.86,2,3,0.03,264.6,0.0,0.0,280.5,0.0,0.01,Above Average,High Risk
15647453,France,Male,42,102936.72,1,1,0.03,291.68,0.0,0.0,350.3,0.19,0.96,Above Average,High Risk
15697100,Germany,Female,48,108736.52,1,2,2.36,307.34,0.22,0.09,335.5,30.59,271.97,High Value,High Risk
15629187,France,Male,38,85982.07,1,2,0.03,234.68,0.0,0.0,256.68,0.0,0.0,Average,High Risk
15758073,France,Female,20,134397.61,1,2,0.03,273.66,0.0,0.0,298.96,0.0,0.0,Average,High Risk
15640769,France,Male,63,137841.53,1,11,0.03,291.58,0.0,0.0,296.14,0.0,0.0,Low Value,High Risk
15606641,Germany,Male,56,100260.88,3,20,3.94,311.3,0.0,0.0,313.95,0.0,0.0,Average,High Risk
15718280,Germany,Male,39,139822.11,2,8,0.03,276.02,0.0,0.0,282.02,0.0,0.0,Below Average,High Risk
15764335,Germany,Female,41,123151.51,2,3,0.03,215.47,0.0,0.0,228.68,0.0,0.0,Average,High Risk
15634218,Germany,Male,27,95331.83,2,1,0.03,225.17,0.0,0.0,271.48,0.15,0.74,Above Average,High Risk
15808760,Spain,Female,42,0.0,1,8,0.03,179.33,0.0,0.0,183.4,0.0,0.0,Below Average,High Risk
15648461,Spain,Male,37,138162.41,2,12,0.03,283.74,0.0,0.0,287.81,0.0,0.0,Low Value,High Risk
15593555,France,Male,38,0.0,2,15,0.03,127.43,0.0,0.0,129.04,0.0,0.0,Low Value,High Risk
15569079,Germany,Male,48,126066.26,1,2,2.36,266.33,0.22,0.09,291.01,26.53,235.91,High Value,High Risk
15800736,Spain,Female,42,96763.89,1,5,0.03,255.27,0.0,0.0,264.3,0.0,0.0,Below Average,High Risk
15807563,France,Female,52,0.0,1,1,1.97,253.23,0.34,0.1,304.74,30.69,180.59,High Value,Medium Risk
15684461,Spain,Female,31,0.0,1,2,2.36,139.13,0.22,0.09,153.04,13.95,124.06,High Value,High Risk
15580134,Spain,Male,27,172463.45,1,2,0.03,222.52,0.0,0.0,243.49,0.03,0.16,Above Average,High Risk
15679075,France,Male,37,107798.85,1,2,0.03,285.99,0.0,0.0,312.33,0.0,0.0,Average,High Risk
15567328,Spain,Male,38,177997.07,1,7,0.03,300.43,0.0,0.0,307.86,0.0,0.0,Below Average,High Risk
15607142,France,Male,32,0.0,1,11,0.03,195.83,0.0,0.0,199.01,0.0,0.0,Low Value,High Risk
15738516,Spain,Female,36,0.0,1,1,0.03,204.53,0.0,0.0,247.02,0.08,0.39,Above Average,High Risk
15806403,France,Male,37,0.0,2,3,0.03,193.43,0.0,0.0,205.43,0.0,0.0,Below Average,High Risk
15656707,Spain,Male,21,123200.78,1,2,0.03,292.58,0.0,0.0,319.48,0.04,0.21,Above Average,High Risk
15653715,France,Female,63,0.0,2,12,0.03,195.28,0.0,0.0,198.19,0.0,0.0,Low Value,High Risk
15806184,Spain,Male,33,0.0,2,6,0.03,183.83,0.0,0.0,189.42,0.0,0.0,Below Average,High Risk
15585734,Germany,Male,41,137742.9,2,15,0.03,318.22,0.0,0.0,321.83,0.0,0.0,Low Value,High Risk
15725639,France,Female,63,116270.72,1,12,0.03,330.34,0.0,0.0,335.03,0.0,0.0,Low Value,High Risk
15618401,Germany,Male,41,113220.2,2,17,0.03,260.81,0.0,0.0,263.46,0.0,0.0,Low Value,High Risk
15785385,Spain,Male,51,0.0,2,2,0.03,164.68,0.0,0.0,180.75,0.0,0.01,Average,High Risk
15734762,France,Female,56,115895.22,3,1,1.18,264.27,0.34,0.16,317.81,51.52,302.8,High Value,Medium Risk
15767129,France,Female,60,121730.49,1,8,0.03,224.6,0.0,0.0,229.57,0.0,0.0,Below Average,High Risk
15797204,Spain,Female,28,113811.85,2,5,0.03,272.55,0.0,0.0,282.14,0.0,0.0,Below Average,High Risk
15769272,France,Female,26,136214.08,1,2,0.03,230.25,0.0,0.0,251.87,0.0,0.0,Average,High Risk
15771966,France,Male,39,146200.01,1,2,0.03,244.82,0.0,0.0,267.68,0.0,0.0,Average,High Risk
15691952,France,Male,37,106242.67,1,14,0.03,278.39,0.0,0.0,281.81,0.0,0.0,Low Value,High Risk
15593250,France,Female,29,0.0,2,1,0.03,190.43,0.0,0.0,230.31,0.13,0.63,Above Average,High Risk
15605333,Spain,Male,31,0.0,1,2,0.03,157.13,0.0,0.0,172.56,0.0,0.0,Average,High Risk
15800083,France,Male,45,24043.45,1,11,3.15,233.38,0.0,0.0,237.11,0.08,0.4,Above Average,High Risk
15575691,France,Female,58,0.0,2,8,0.03,215.13,0.0,0.0,219.92,0.0,0.0,Below Average,High Risk
15689886,Germany,Male,39,132287.92,3,20,3.94,264.85,0.0,0.0,267.13,0.0,0.0,Average,High Risk
15736154,France,Female,44,0.0,2,1,0.03,245.33,0.01,0.02,295.37,4.71,23.55,High Value,High Risk
15767391,Germany,Female,32,90322.99,2,6,0.03,244.01,0.0,0.0,251.2,0.0,0.0,Below Average,High Risk
15704910,Spain,Male,23,0.0,2,1,0.03,187.73,0.0,0.0,227.11,0.25,1.27,Above Average,High Risk
15656613,France,Female,34,131283.11,1,1,0.03,270.8,0.0,0.0,325.55,0.36,1.82,Above Average,High Risk
15611551,Spain,Male,48,131659.59,2,1,0.03,279.82,0.01,0.02,336.24,5.36,26.81,High Value,High Risk
15732430,Spain,Female,54,120952.74,1,1,0.03,336.45,0.0,0.0,403.36,0.22,1.1,Above Average,High Risk
15741865,France,Female,38,153166.17,1,12,0.03,321.03,0.0,0.0,325.59,0.0,0.0,Low Value,High Risk
15761600,France,Male,43,86394.14,1,7,0.03,288.11,0.0,0.0,295.26,0.0,0.0,Below Average,High Risk
15659236,Spain,Male,33,0.0,2,5,0.03,232.73,0.0,0.0,241.04,0.0,0.0,Below Average,High Risk
15690440,Spain,Male,47,0.0,2,1,0.03,195.23,0.01,0.02,236.0,3.76,18.82,High Value,High Risk
15694601,France,Female,31,158978.79,1,1,0.03,253.18,0.0,0.0,304.67,0.17,0.83,Above Average,High Risk
15762821,Spain,Male,33,0.0,2,8,0.03,214.73,0.0,0.0,219.51,0.0,0.0,Below Average,High Risk
15669301,Germany,Female,29,150358.97,1,2,2.36,311.31,0.22,0.09,339.79,30.98,275.46,High Value,High Risk
15672640,Spain,Female,45,114347.85,2,6,0.03,331.08,0.0,0.0,340.6,0.0,0.0,Below Average,High Risk
15750458,France,Female,39,0.0,2,6,0.03,206.33,0.0,0.0,212.52,0.0,0.0,Below Average,High Risk
15627251,France,Male,34,134007.9,1,5,0.03,233.14,0.0,0.0,241.46,0.0,0.0,Below Average,High Risk
15764294,Germany,Male,31,98899.91,1,5,0.03,302.81,0.0,0.0,313.38,0.0,0.0,Below Average,High Risk
15659962,France,Male,60,0.0,2,5,0.03,202.03,0.0,0.0,209.35,0.0,0.0,Below Average,High Risk
15596979,France,Female,47,0.0,2,10,0.03,197.03,0.0,0.0,200.56,0.0,0.0,Low Value,High Risk
15681220,France,Female,37,0.0,2,13,0.03,149.33,0.0,0.0,151.45,0.0,0.0,Low Value,High Risk
15635097,Germany,Male,39,188976.89,2,3,0.03,259.13,0.0,0.0,274.73,0.0,0.01,Above Average,High Risk
15780779,Spain,Female,40,0.0,2,1,0.03,173.33,0.0,0.0,210.05,0.11,0.57,Above Average,High Risk
15760880,France,Male,29,0.0,2,17,0.03,152.33,0.0,0.0,153.98,0.0,0.0,Low Value,High Risk
15616929,Spain,Male,62,112181.08,1,7,0.03,309.95,0.0,0.0,317.6,0.0,0.0,Below Average,High Risk
15758775,Spain,Male,34,97208.46,1,14,0.03,321.0,0.0,0.0,324.9,0.0,0.0,Low Value,High Risk
15663386,Spain,Female,26,0.0,2,3,0.03,177.53,0.0,0.0,188.66,0.0,0.0,Average,High Risk
15621267,France,Male,32,0.0,1,1,0.03,189.53,0.0,0.0,229.25,0.07,0.36,Above Average,High Risk
15720509,France,Male,34,150856.79,1,12,0.03,286.73,0.0,0.0,290.84,0.0,0.0,Low Value,High Risk
15693322,Germany,Female,37,146748.07,1,12,0.03,268.24,0.0,0.0,272.11,0.0,0.0,Low Value,High Risk
15589544,Spain,Female,57,0.0,2,6,0.03,209.08,0.0,0.0,215.34,0.0,0.0,Below Average,High Risk
15772030,Spain,Male,33,0.0,2,5,0.03,197.03,0.0,0.0,204.19,0.0,0.0,Below Average,High Risk
15676571,France,Male,55,0.0,1,2,2.36,259.68,0.22,0.09,283.8,25.88,230.06,High Value,High Risk
15701392,Spain,Male,28,0.0,2,10,0.03,242.93,0.0,0.0,247.18,0.0,0.0,Low Value,High Risk
15741092,Spain,Male,34,153360.02,1,3,0.03,279.34,0.0,0.0,296.05,0.0,0.0,Below Average,High Risk
15643865,France,Female,40,92055.36,1,4,1.18,254.93,0.07,0.09,266.31,24.35,121.75,High Value,High Risk
15769389,Germany,Female,39,124723.92,1,3,0.03,289.36,0.0,0.0,306.62,0.0,0.0,Average,High Risk
15807768,Germany,Male,28,103033.83,1,1,0.03,285.99,0.01,0.02,343.55,5.48,27.39,High Value,High Risk
15801630,France,Male,40,0.0,2,2,0.03,165.83,0.0,0.0,182.0,0.0,0.0,Average,High Risk
15705034,Spain,Male,40,0.0,2,1,0.03,205.73,0.01,0.02,248.44,3.96,19.81,High Value,High Risk
15763107,France,Female,30,0.0,1,12,0.03,208.43,0.0,0.0,211.51,0.0,0.0,Low Value,High Risk
15667085,France,Male,33,0.0,2,6,0.03,198.53,0.0,0.0,204.51,0.0,0.0,Below Average,High Risk
15647008,Germany,Male,54,116726.22,1,1,1.18,268.42,0.34,0.16,322.73,52.31,307.49,High Value,Medium Risk
15584505,France,Female,23,113923.81,2,2,0.03,250.06,0.0,0.0,273.36,0.0,0.01,Above Average,High Risk
15748068,Spain,Female,31,0.0,2,5,0.03,169.73,0.0,0.0,176.01,0.0,0.0,Below Average,High Risk
15663964,France,Male,37,0.0,2,2,0.03,166.73,0.0,0.0,182.98,0.0,0.01,Average,High Risk
15782311,France,Male,28,0.0,2,15,0.03,157.13,0.0,0.0,159.05,0.0,0.0,Low Value,High Risk
15588197,France,Male,36,0.0,2,3,0.03,199.43,0.0,0.0,211.76,0.0,0.0,Average,High Risk
15610105,Germany,Female,21,121827.43,2,1,0.03,276.3,0.01,0.02,332.07,5.3,26.48,High Value,High Risk
15606133,Spain,Male,42,0.0,2,12,0.03,186.83,0.0,0.0,189.63,0.0,0.0,Low Value,High Risk
15599403,France,Male,60,125389.7,2,17,0.03,262.29,0.0,0.0,264.96,0.0,0.0,Low Value,High Risk
15648225,Spain,Female,38,103895.31,1,1,0.03,271.04,0.01,0.02,325.84,5.2,25.98,High Value,High Risk
15608406,France,Male,26,111128.04,1,1,1.97,279.29,0.34,0.1,335.61,33.8,198.89,High Value,Medium Risk
15633378,Spain,Female,49,0.0,2,3,0.03,206.03,0.0,0.0,218.72,0.0,0.0,Below Average,High Risk
15664759,Spain,Male,32,0.0,2,4,0.03,200.93,0.0,0.0,210.11,0.0,0.0,Below Average,High Risk
15625545,Spain,Male,52,0.0,1,12,3.54,214.53,0.0,0.0,217.69,0.03,0.15,Above Average,High Risk
15772148,Germany,Female,37,151242.48,1,7,0.03,269.64,0.0,0.0,276.37,0.0,0.0,Below Average,High Risk
15810829,France,Male,48,0.0,1,2,2.76,183.83,0.22,0.08,201.53,15.86,141.1,High Value,High Risk
15738634,France,Male,47,83347.25,1,12,0.03,233.87,0.0,0.0,237.29,0.0,0.0,Low Value,High Risk
15737571,Spain,Female,28,84121.04,1,8,0.03,236.03,0.0,0.0,241.23,0.0,0.0,Below Average,High Risk
15667602,Spain,Male,33,0.0,2,1,0.03,209.63,0.0,0.0,253.07,0.28,1.41,Above Average,High Risk
15684147,France,Male,43,102338.19,1,7,0.03,278.74,0.0,0.0,285.67,0.0,0.0,Below Average,High Risk
15789874,France,Female,29,87375.78,2,1,0.03,287.89,0.0,0.0,345.8,0.39,1.93,Above Average,High Risk
15757952,France,Male,44,0.0,3,1,0.79,193.73,0.34,0.23,234.22,54.68,321.0,High Value,Medium Risk
15698732,Germany,Male,51,104677.09,1,1,0.03,313.44,0.0,0.0,376.09,0.42,2.1,Above Average,High Risk
15714355,Germany,Male,32,121669.23,1,11,0.03,308.99,0.0,0.0,313.8,0.0,0.0,Low Value,High Risk
15599090,Germany,Male,40,108407.34,1,10,0.03,244.92,0.0,0.0,249.21,0.0,0.0,Low Value,High Risk
15762048,Germany,Female,33,154969.79,2,12,0.03,330.41,0.0,0.0,335.09,0.0,0.0,Low Value,High Risk
15609623,France,Female,63,0.0,1,1,1.97,205.78,0.34,0.1,248.5,25.03,147.27,High Value,Medium Risk
15711901,France,Male,45,109162.82,1,2,0.03,225.77,0.0,0.0,247.01,0.03,0.17,Above Average,High Risk
15779809,France,Male,44,87471.63,1,11,0.03,270.79,0.0,0.0,275.05,0.0,0.0,Low Value,High Risk
15729018,France,Female,33,147229.65,1,2,0.03,277.56,0.0,0.0,303.2,0.04,0.2,Above Average,High Risk
15698246,France,Female,24,0.0,2,3,0.03,195.83,0.0,0.0,207.96,0.0,0.0,Average,High Risk
15712409,Germany,Male,66,182532.23,2,10,0.03,323.9,0.0,0.0,329.43,0.0,0.0,Below Average,High Risk
15758306,France,Male,32,0.0,2,10,0.03,194.63,0.0,0.0,198.12,0.0,0.0,Low Value,High Risk
15566295,France,Female,33,138053.79,2,2,0.03,305.64,0.0,0.0,333.64,0.0,0.0,Average,High Risk
15569098,France,Male,44,153548.12,1,2,2.36,266.15,0.22,0.09,290.81,26.51,235.75,High Value,High Risk
15662532,Germany,Male,31,149085.9,2,13,0.03,304.95,0.0,0.0,308.96,0.0,0.0,Low Value,High Risk
15664001,Germany,Female,53,95231.91,1,2,3.15,287.11,0.22,0.07,313.55,21.72,193.21,High Value,High Risk
15703437,France,Male,34,0.0,2,1,0.03,216.23,0.0,0.0,260.89,0.29,1.46,Above Average,High Risk
15708003,Spain,Male,41,85109.21,1,2,0.03,250.21,0.0,0.0,273.53,0.0,0.0,Average,High Risk
15599452,Germany,Female,43,125338.8,2,3,0.03,258.19,0.0,0.0,273.75,0.0,0.0,Average,High Risk
15719793,Spain,Male,62,0.0,2,8,0.03,268.43,0.0,0.0,274.28,0.0,0.0,Below Average,High Risk
15732268,France,Male,29,159597.45,1,1,0.03,303.6,0.0,0.0,364.43,0.41,2.04,Above Average,High Risk
15722350,Germany,Female,37,147361.57,1,10,0.03,265.87,0.0,0.0,270.49,0.0,0.0,Low Value,High Risk
15611371,France,Male,43,176134.54,1,5,0.03,299.76,0.0,0.0,310.23,0.0,0.0,Below Average,High Risk
15673584,France,Female,74,0.0,2,8,0.03,224.03,0.0,0.0,228.99,0.0,0.0,Below Average,High Risk
15636396,France,Female,35,0.0,2,12,0.03,186.53,0.0,0.0,189.32,0.0,0.0,Low Value,High Risk
15725478,France,Male,60,0.0,2,12,0.03,243.43,0.0,0.0,246.97,0.0,0.0,Low Value,High Risk
15654562,Spain,Female,45,174088.3,4,2,1.97,333.88,0.23,0.11,364.28,39.46,350.66,High Value,High Risk
15737509,Spain,Male,34,199229.14,1,2,0.03,334.78,0.0,0.0,365.26,0.0,0.0,Average,High Risk
15690796,France,Male,37,0.0,1,2,0.03,153.23,0.0,0.0,168.33,0.0,0.0,Average,High Risk
15716728,Spain,Female,42,0.0,2,17,0.03,152.33,0.0,0.0,153.98,0.0,0.0,Low Value,High Risk
15605665,Germany,Female,69,78833.15,2,5,0.03,299.25,0.0,0.0,309.71,0.0,0.0,Below Average,High Risk
15748481,France,Female,27,0.0,1,2,0.03,167.63,0.0,0.0,183.95,0.0,0.0,Average,High Risk
15757777,France,Female,35,0.0,2,3,0.03,189.23,0.0,0.0,201.0,0.0,0.0,Average,High Risk
15747808,France,Male,29,102540.61,1,4,0.03,288.95,0.0,0.0,301.71,0.0,0.0,Average,High Risk
15810593,France,Male,51,0.0,3,8,0.03,170.08,0.0,0.0,173.97,0.0,0.0,Below Average,High Risk
15579808,Germany,Female,39,129401.87,1,11,0.03,303.1,0.0,0.0,307.83,0.0,0.0,Low Value,High Risk
15598275,France,Female,32,0.0,2,12,0.03,211.13,0.0,0.0,214.25,0.0,0.0,Low Value,High Risk
15737080,France,Female,32,0.0,2,1,0.03,151.43,0.01,0.02,184.1,2.94,14.68,Above Average,High Risk
15668580,Spain,Male,33,0.0,2,3,0.03,213.23,0.0,0.0,226.32,0.0,0.01,Average,High Risk
15569438,Germany,Male,36,106702.94,2,4,0.03,257.72,0.0,0.0,269.21,0.0,0.0,Below Average,High Risk
15675842,Spain,Male,26,139584.57,1,1,0.03,274.21,0.0,0.0,329.59,0.18,0.9,Above Average,High Risk
15577587,Germany,Male,52,121016.23,1,7,1.97,243.96,0.01,0.01,250.1,2.4,11.99,Above Average,High Risk
15625592,France,Male,26,0.0,2,3,0.03,144.23,0.0,0.0,153.53,0.0,0.0,Average,High Risk
15635141,Germany,Male,59,118210.42,2,3,3.15,266.95,0.13,0.06,282.99,15.62,156.2,High Value,High Risk
15642570,Spain,Male,35,0.0,2,3,0.03,200.93,0.0,0.0,213.34,0.0,0.0,Average,High Risk
15702175,France,Female,29,148654.84,2,6,0.03,304.33,0.0,0.0,313.13,0.0,0.0,Below Average,High Risk
15677785,Spain,Male,32,136963.12,1,1,0.03,274.08,0.0,0.0,329.44,0.1,0.51,Above Average,High Risk
15786153,Germany,Male,47,137774.11,2,3,0.03,270.52,0.0,0.0,286.75,0.0,0.0,Average,High Risk
15759499,France,Female,32,111156.52,1,5,0.03,255.29,0.0,0.0,264.33,0.0,0.0,Below Average,High Risk
15659568,Spain,Female,31,121237.65,1,4,0.03,331.47,0.0,0.0,345.95,0.0,0.0,Average,High Risk
15610147,France,Male,60,0.0,2,3,0.03,200.53,0.0,0.0,212.92,0.0,0.0,Average,High Risk
15660524,Germany,Female,54,97382.53,1,12,0.03,251.61,0.0,0.0,255.26,0.0,0.0,Low Value,High Risk
15747168,Germany,Female,47,103108.8,1,2,0.79,263.19,0.23,0.25,287.6,71.68,465.74,High Value,High Risk
15796910,Spain,Female,57,0.0,1,2,2.76,194.68,0.22,0.08,213.29,16.79,149.34,High Value,High Risk
15565706,Spain,Male,35,0.0,1,1,0.39,182.03,0.34,0.42,220.36,92.5,465.74,High Value,Medium Risk
15587596,Spain,Female,39,107553.33,1,2,0.03,264.07,0.0,0.0,288.56,0.0,0.0,Average,High Risk
15751943,Spain,Female,43,0.0,2,2,0.03,157.13,0.0,0.0,172.56,0.0,0.0,Average,High Risk
15621227,Germany,Female,46,161806.09,1,10,0.03,278.79,0.0,0.0,283.61,0.0,0.0,Low Value,High Risk
15757588,France,Male,30,0.0,2,3,0.03,156.23,0.0,0.0,166.19,0.0,0.0,Below Average,High Risk
15640922,France,Female,52,0.0,1,10,0.03,238.23,0.0,0.0,242.41,0.0,0.0,Low Value,High Risk
15567557,France,Male,27,128243.03,1,2,0.03,248.74,0.0,0.0,271.93,0.04,0.18,Above Average,High Risk
15670103,France,Female,38,126645.13,1,7,0.03,246.26,0.0,0.0,252.45,0.0,0.0,Below Average,High Risk
15720929,France,Female,47,62094.71,3,4,3.15,253.21,0.07,0.04,264.51,9.69,48.45,High Value,High Risk
15732774,France,Male,37,112291.34,1,2,0.03,272.76,0.0,0.0,297.98,0.0,0.0,Average,High Risk
15628558,France,Female,44,89188.83,1,7,0.03,208.52,0.0,0.0,213.85,0.0,0.0,Below Average,High Risk
15729201,France,Male,55,0.0,1,3,3.54,209.28,0.13,0.05,222.15,10.95,109.5,High Value,High Risk
15773512,Spain,Female,25,0.0,1,5,0.03,186.53,0.0,0.0,193.35,0.0,0.0,Below Average,High Risk
15572145,France,Female,34,0.0,2,3,0.03,228.53,0.0,0.0,242.46,0.0,0.0,Average,High Risk
15642710,France,Male,26,0.0,2,3,0.03,204.23,0.0,0.0,216.82,0.0,0.0,Average,High Risk
15574213,France,Female,53,158271.74,1,1,0.39,318.7,0.34,0.42,382.32,160.48,465.74,High Value,Medium Risk
15718852,France,Male,56,96951.21,1,12,0.03,320.68,0.0,0.0,325.24,0.0,0.0,Low Value,High Risk
15583840,Germany,Male,35,121863.61,1,7,1.97,252.6,0.01,0.01,258.94,2.48,12.42,Above Average,High Risk
15782418,Germany,Female,19,83495.11,1,12,3.54,250.68,0.0,0.0,254.32,0.04,0.18,Above Average,High Risk
15813504,Germany,Female,25,146566.01,1,1,0.03,240.63,0.01,0.02,289.81,4.62,23.11,High Value,High Risk
15621064,Germany,Male,23,186101.18,2,8,0.03,289.63,0.0,0.0,295.89,0.0,0.0,Below Average,High Risk
15627847,France,Male,40,0.0,1,2,2.36,253.43,0.22,0.09,277.02,25.26,224.57,High Value,High Risk
15588090,Germany,Female,51,107494.86,2,3,3.15,294.72,0.13,0.06,312.28,17.24,172.37,High Value,High Risk
15671804,Spain,Male,36,146943.38,2,13,0.03,272.15,0.0,0.0,275.77,0.0,0.0,Low Value,High Risk
15753215,Spain,Female,36,0.0,2,3,0.03,193.73,0.0,0.0,205.75,0.0,0.0,Average,High Risk
15789941,France,Female,36,125130.28,1,2,0.03,266.58,0.0,0.0,291.28,0.0,0.0,Average,High Risk
15691061,France,Female,37,0.0,2,15,0.03,220.43,0.0,0.0,223.02,0.0,0.0,Low Value,High Risk
15808326,France,Female,34,0.0,2,15,0.03,176.03,0.0,0.0,178.15,0.0,0.0,Low Value,High Risk
15566660,France,Female,41,0.0,3,5,0.03,199.43,0.0,0.0,206.67,0.0,0.0,Below Average,High Risk
15778947,France,Male,36,0.0,2,5,0.03,186.83,0.0,0.0,193.66,0.0,0.0,Below Average,High Risk
15632977,France,Male,47,0.0,2,2,0.03,221.93,0.0,0.0,242.85,0.0,0.01,Above Average,High Risk
15591747,France,Male,32,0.0,2,1,0.03,209.93,0.0,0.0,253.42,0.28,1.42,Above Average,High Risk
15567335,France,Female,42,0.0,2,12,0.03,166.13,0.0,0.0,168.65,0.0,0.0,Low Value,High Risk
15609299,France,Male,29,150685.79,1,2,0.03,256.42,0.0,0.0,280.26,0.0,0.0,Average,High Risk
15669945,France,Male,35,141359.37,2,1,0.03,225.09,0.0,0.0,271.39,0.15,0.74,Above Average,High Risk
15736271,France,Female,29,0.0,1,3,0.03,147.83,0.0,0.0,157.33,0.0,0.0,Below Average,High Risk
15710390,France,Female,39,94631.26,2,10,0.03,271.32,0.0,0.0,276.02,0.0,0.0,Low Value,High Risk
15756481,France,Female,39,118336.14,1,1,0.03,267.11,0.0,0.0,321.18,0.36,1.79,Above Average,High Risk
15736730,France,Female,45,0.0,1,2,0.03,188.63,0.0,0.0,206.73,0.03,0.14,Above Average,High Risk
15746553,Germany,Male,50,124233.24,1,7,1.97,234.43,0.01,0.01,240.35,2.31,11.53,Above Average,High Risk
15622518,France,Female,26,51116.26,1,7,1.97,301.11,0.01,0.01,308.56,2.96,14.8,Above Average,High Risk
15684908,Germany,Male,64,91869.69,1,1,0.03,254.12,0.01,0.02,305.79,4.88,24.38,High Value,High Risk
15569446,France,Female,34,122338.43,2,3,0.03,296.13,0.0,0.0,313.77,0.0,0.0,Average,High Risk
15777504,France,Female,30,0.0,1,11,0.03,183.53,0.0,0.0,186.54,0.0,0.0,Low Value,High Risk
15677906,Spain,Female,54,0.0,1,7,0.03,194.53,0.0,0.0,199.54,0.0,0.0,Below Average,High Risk
15703292,France,Male,26,86270.93,2,13,0.03,246.1,0.0,0.0,249.4,0.0,0.0,Low Value,High Risk
15712938,France,Male,44,0.0,2,5,0.03,157.73,0.0,0.0,163.63,0.0,0.0,Below Average,High Risk
15631359,France,Female,38,117289.92,1,1,0.03,222.95,0.0,0.0,268.85,0.08,0.42,Above Average,High Risk
15720847,France,Male,35,0.0,2,3,0.03,178.73,0.0,0.0,189.92,0.0,0.0,Average,High Risk
15787830,Germany,Male,33,153663.27,1,2,0.03,213.65,0.0,0.0,233.87,0.0,0.0,Average,High Risk
15599869,Spain,Female,29,0.0,1,1,0.03,216.83,0.01,0.02,261.6,4.17,20.86,High Value,High Risk
15592078,Germany,Female,27,123599.49,2,3,0.03,253.6,0.0,0.0,268.9,0.0,0.0,Average,High Risk
15596228,France,Male,29,0.0,2,1,0.03,145.43,0.0,0.0,176.99,0.1,0.48,Above Average,High Risk
15578462,Spain,Female,76,134208.25,1,12,0.03,288.45,0.0,0.0,292.58,0.0,0.0,Low Value,High Risk
15756894,France,Male,29,0.0,1,1,0.03,188.93,0.01,0.02,228.54,3.64,18.22,High Value,High Risk
15796167,Germany,Male,35,98556.89,2,3,0.03,309.69,0.0,0.0,328.07,0.0,0.0,Average,High Risk
15664808,Spain,Female,37,0.0,3,1,0.03,235.43,0.0,0.0,283.64,0.32,1.59,Above Average,High Risk
15664555,France,Male,40,0.0,4,4,0.79,174.53,0.07,0.13,182.64,23.89,119.45,High Value,High Risk
15607278,Spain,Female,46,134593.79,1,11,0.03,315.37,0.0,0.0,320.27,0.0,0.0,Low Value,High Risk
15585222,France,Male,41,0.0,2,13,0.03,152.93,0.0,0.0,155.1,0.0,0.0,Low Value,High Risk
15750299,Spain,Male,24,68781.82,1,14,0.03,296.49,0.0,0.0,300.12,0.0,0.0,Low Value,High Risk
15761294,Germany,Female,56,137464.04,1,2,3.15,284.91,0.22,0.07,311.16,21.55,191.74,High Value,High Risk
15810454,France,Male,32,147307.91,1,5,0.03,290.47,0.0,0.0,300.64,0.0,0.0,Below Average,High Risk
15673984,France,Female,35,0.0,1,2,3.15,159.23,0.22,0.07,174.84,12.11,107.74,High Value,High Risk
15609319,France,Female,41,145754.91,1,4,0.03,291.0,0.0,0.0,303.84,0.0,0.0,Average,High Risk
15709941,France,Male,46,0.0,3,4,3.15,224.33,0.07,0.04,234.47,8.59,42.95,High Value,High Risk
15580252,France,Male,44,112610.77,1,5,0.03,300.38,0.0,0.0,310.87,0.0,0.0,Below Average,High Risk
15741275,France,Female,57,71481.79,2,12,0.03,268.6,0.0,0.0,272.47,0.0,0.0,Low Value,High Risk
15707132,France,Male,33,0.0,2,8,0.03,137.93,0.0,0.0,141.18,0.0,0.0,Below Average,High Risk
15600708,Spain,Female,34,77826.8,1,4,0.03,265.51,0.0,0.0,277.32,0.0,0.0,Average,High Risk
15804787,France,Male,75,87140.85,1,7,0.03,274.12,0.0,0.0,280.95,0.0,0.0,Below Average,High Risk
15763895,France,Male,32,178011.5,2,3,0.03,239.83,0.0,0.0,254.38,0.0,0.0,Average,High Risk
15623478,Germany,Female,32,102954.68,2,6,0.03,276.38,0.0,0.0,284.44,0.0,0.0,Below Average,High Risk
15797910,Germany,Male,51,123783.25,1,2,0.03,310.36,0.0,0.0,338.77,0.05,0.23,Above Average,High Risk
15577751,Germany,Male,30,101802.67,1,1,0.03,303.01,0.0,0.0,363.72,0.2,0.99,Above Average,High Risk
15781777,France,Male,33,148659.48,1,1,0.03,259.03,0.0,0.0,311.6,0.35,1.74,Above Average,High Risk
15740527,Germany,Female,62,142724.48,1,10,2.76,322.36,0.0,0.0,327.87,0.27,1.34,Above Average,High Risk
15721251,Spain,Female,41,112152.89,1,5,0.03,242.15,0.0,0.0,250.77,0.0,0.0,Below Average,High Risk
15602994,France,Female,53,89550.85,1,14,0.03,224.3,0.0,0.0,227.11,0.0,0.0,Low Value,High Risk
15750769,France,Male,35,75915.75,1,2,0.03,290.85,0.0,0.0,317.61,0.0,0.0,Average,High Risk
15679968,France,Male,40,118788.57,1,1,0.03,263.23,0.0,0.0,316.59,0.1,0.49,Above Average,High Risk
15694404,France,Female,42,156555.54,1,4,0.03,312.47,0.0,0.0,326.19,0.0,0.0,Average,High Risk
15657529,Germany,Male,53,99141.86,1,1,0.39,293.08,0.34,0.42,351.96,147.74,465.74,High Value,Medium Risk
15762882,Germany,Female,31,61211.18,1,5,0.03,245.01,0.0,0.0,253.72,0.0,0.0,Below Average,High Risk
15642579,Spain,Female,37,128932.4,1,1,0.03,296.18,0.01,0.02,355.63,5.67,28.35,High Value,High Risk
15598884,Spain,Female,23,0.0,1,7,0.03,193.43,0.0,0.0,198.42,0.0,0.0,Below Average,High Risk
15770185,France,Male,32,80728.15,1,3,0.03,307.46,0.0,0.0,325.72,0.0,0.0,Below Average,High Risk
15665861,Spain,Male,44,106070.89,1,4,0.03,295.48,0.0,0.0,308.5,0.0,0.0,Average,High Risk
15662203,Germany,Female,42,137560.38,2,5,0.03,251.01,0.0,0.0,259.91,0.0,0.0,Below Average,High Risk
15616454,Germany,Female,34,111905.43,1,11,3.15,218.74,0.0,0.0,222.25,0.07,0.37,Above Average,High Risk
15702788,France,Male,40,126212.64,1,3,0.03,309.24,0.0,0.0,327.6,0.0,0.0,Average,High Risk
15778149,Spain,Male,68,0.0,2,3,3.54,182.33,0.13,0.05,193.72,9.55,95.49,High Value,High Risk
15680001,France,Male,38,111835.94,2,3,0.03,256.53,0.0,0.0,272.0,0.0,0.0,Average,High Risk
15711991,France,Male,30,0.0,2,3,0.03,182.93,0.0,0.0,194.35,0.0,0.0,Average,High Risk
15633834,Germany,Female,28,99705.69,2,1,0.03,285.17,0.0,0.0,342.58,0.38,1.91,Above Average,High Risk
15675380,Spain,Male,56,154669.77,1,4,1.18,257.49,0.07,0.09,268.97,24.59,122.96,High Value,High Risk
15770576,Spain,Male,50,128061.0,2,12,0.03,243.34,0.0,0.0,246.87,0.0,0.0,Low Value,High Risk
15727059,France,Female,40,0.0,2,1,0.03,141.23,0.0,0.0,172.01,0.09,0.47,Above Average,High Risk
15702499,Spain,Male,46,190678.02,1,12,0.03,310.49,0.0,0.0,314.91,0.0,0.0,Low Value,High Risk
15611699,France,Female,40,0.0,1,2,0.03,190.73,0.0,0.0,209.01,0.0,0.0,Average,High Risk
15654000,France,Female,35,0.0,1,1,1.97,209.93,0.34,0.1,253.42,25.53,150.18,High Value,Medium Risk
15657881,France,Male,38,136712.91,1,7,0.03,312.47,0.0,0.0,320.17,0.0,0.0,Below Average,High Risk
15720687,France,Female,41,112609.91,1,1,1.57,248.78,0.34,0.12,299.46,37.2,218.79,High Value,Medium Risk
15687079,Spain,Male,69,115462.44,1,3,0.03,293.69,0.0,0.0,311.2,0.0,0.0,Below Average,High Risk
15582276,France,Male,34,133501.36,1,7,0.03,268.51,0.0,0.0,275.21,0.0,0.0,Below Average,High Risk
15763980,Germany,Male,30,58668.02,1,1,0.03,261.23,0.01,0.02,314.21,5.01,25.05,High Value,High Risk
15720774,Spain,Male,44,89118.26,1,2,2.76,329.42,0.22,0.08,359.44,28.3,251.67,High Value,High Risk
15592194,France,Female,28,0.0,2,3,0.03,146.03,0.0,0.0,155.43,0.0,0.0,Below Average,High Risk
15803685,Germany,Female,77,76510.52,2,17,0.03,309.05,0.0,0.0,312.15,0.0,0.0,Low Value,High Risk
15759456,Spain,Male,34,140694.78,2,3,0.03,260.16,0.0,0.0,275.82,0.0,0.0,Average,High Risk
15611544,Germany,Male,36,95448.32,2,3,0.03,285.18,0.0,0.0,302.21,0.0,0.0,Average,High Risk
15794257,France,Male,34,91562.99,1,5,0.03,269.9,0.0,0.0,279.41,0.0,0.0,Below Average,High Risk
15681697,France,Male,31,72541.48,1,2,0.03,225.45,0.0,0.0,246.66,0.0,0.0,Average,High Risk
15579566,Spain,Female,43,120867.18,1,1,1.18,261.25,0.34,0.16,314.24,50.94,299.39,High Value,Medium Risk
15577970,France,Male,34,0.0,1,1,0.03,145.13,0.0,0.0,176.63,0.06,0.28,Above Average,High Risk
15764284,Spain,Male,27,0.0,3,6,0.03,212.63,0.0,0.0,218.99,0.0,0.0,Below Average,High Risk
15581811,Germany,Female,30,139676.95,2,1,0.03,280.81,0.01,0.02,337.42,5.38,26.9,High Value,High Risk
15622527,France,Female,55,0.0,1,8,0.03,178.98,0.0,0.0,183.05,0.0,0.0,Below Average,High Risk
15753362,Spain,Male,60,0.0,2,5,0.03,235.33,0.0,0.0,243.73,0.0,0.0,Below Average,High Risk
15666652,France,Female,19,0.0,2,5,0.03,232.73,0.0,0.0,241.04,0.0,0.0,Below Average,High Risk
15789714,Spain,Male,21,103000.94,1,4,0.03,282.68,0.0,0.0,295.19,0.0,0.0,Average,High Risk
15771543,Germany,Male,31,134237.07,1,2,0.79,229.25,0.23,0.25,250.79,62.5,465.74,High Value,High Risk
15748327,Germany,Male,34,118235.7,2,2,0.03,293.5,0.0,0.0,320.48,0.0,0.0,Average,High Risk
15754649,Spain,Female,57,0.0,2,5,0.03,218.68,0.0,0.0,226.54,0.0,0.0,Below Average,High Risk
15810460,Spain,Female,64,0.0,3,10,1.97,228.33,0.0,0.0,232.35,0.26,1.3,Above Average,High Risk
15771742,Germany,Male,38,115442.19,2,3,3.54,250.14,0.13,0.05,265.26,13.07,130.74,High Value,High Risk
15642160,France,Male,38,0.0,2,2,0.03,253.43,0.0,0.0,277.02,0.0,0.01,Above Average,High Risk
15798439,Spain,Male,25,0.0,1,2,0.03,212.63,0.0,0.0,232.76,0.03,0.16,Above Average,High Risk
15605293,France,Female,43,0.0,2,1,0.03,166.13,0.01,0.02,201.52,3.21,16.07,Above Average,High Risk
15692631,Spain,Female,44,115557.0,1,11,0.03,249.25,0.0,0.0,253.2,0.0,0.0,Low Value,High Risk
15665376,Germany,Female,35,166518.63,2,1,0.03,272.69,0.0,0.0,327.79,0.37,1.83,Above Average,High Risk
15772412,Spain,Male,30,135370.12,1,8,2.36,243.41,0.0,0.0,248.75,1.01,5.04,Above Average,High Risk
15654577,Germany,Male,54,92877.33,1,1,1.97,244.39,0.34,0.1,294.26,29.64,174.38,High Value,Medium Risk
15585427,France,Female,26,102073.67,2,4,0.03,233.72,0.0,0.0,244.24,0.0,0.0,Below Average,High Risk
15584536,Germany,Male,46,97042.6,1,4,1.18,290.99,0.07,0.09,303.83,27.78,138.9,High Value,High Risk
15585853,Spain,Male,41,0.0,1,2,2.76,221.33,0.22,0.08,242.2,19.07,169.58,High Value,High Risk
15645271,Germany,Male,24,108528.07,2,3,3.15,260.23,0.13,0.06,275.9,15.23,152.29,High Value,High Risk
15579387,Germany,Female,44,79064.85,2,3,0.03,264.12,0.0,0.0,280.0,0.0,0.01,Above Average,High Risk
15623107,Spain,Male,45,74274.87,3,1,1.18,279.0,0.34,0.16,335.28,54.35,319.44,High Value,Medium Risk
15754072,Spain,Female,36,0.0,2,2,0.03,250.43,0.0,0.0,273.77,0.0,0.0,Average,High Risk
15666163,France,Male,43,100421.1,1,1,0.03,283.71,0.01,0.02,340.86,5.44,27.18,High Value,High Risk
15765192,France,Male,26,84006.88,2,3,0.03,243.22,0.0,0.0,257.96,0.0,0.0,Average,High Risk
15804822,France,Female,31,0.0,2,1,0.03,239.93,0.0,0.0,288.97,0.16,0.79,Above Average,High Risk
15612893,Spain,Male,45,0.0,1,1,0.03,165.83,0.0,0.0,201.16,0.11,0.55,Above Average,High Risk
15593636,France,Female,39,80293.81,1,1,0.03,270.82,0.0,0.0,325.58,0.18,0.89,Above Average,High Risk
15693326,France,Female,42,125437.14,2,3,0.03,269.0,0.0,0.0,285.14,0.0,0.0,Average,High Risk
15809901,France,Male,36,0.0,2,3,0.03,224.93,0.0,0.0,238.66,0.0,0.0,Average,High Risk
15759751,France,Male,48,0.0,2,1,0.03,143.33,0.01,0.02,174.5,2.78,13.91,Above Average,High Risk
15801934,France,Male,66,0.0,2,13,0.03,221.83,0.0,0.0,224.84,0.0,0.0,Low Value,High Risk
15592000,Germany,Female,48,82794.18,1,3,3.54,308.23,0.13,0.05,326.53,16.09,160.95,High Value,High Risk
15618695,Spain,Female,22,108117.1,1,4,0.03,247.01,0.0,0.0,258.06,0.0,0.0,Average,High Risk
15637110,Spain,Female,35,0.0,1,3,0.03,188.63,0.0,0.0,200.37,0.0,0.0,Below Average,High Risk
15727408,Germany,Male,27,61688.61,2,3,0.03,228.87,0.0,0.0,242.81,0.0,0.0,Average,High Risk
15669060,France,Male,74,0.0,2,2,0.03,227.03,0.0,0.0,248.38,0.0,0.0,Average,High Risk
15621116,Germany,Male,33,138664.24,1,1,0.03,271.77,0.0,0.0,326.7,0.1,0.51,Above Average,High Risk
15781495,France,Female,22,126362.57,2,3,0.03,275.35,0.0,0.0,291.84,0.0,0.01,Above Average,High Risk
15740470,France,Male,39,160652.45,2,1,0.03,295.85,0.0,0.0,355.24,0.19,0.97,Above Average,High Risk
15714391,France,Female,35,183572.84,1,2,0.79,248.14,0.23,0.25,271.27,67.61,465.74,High Value,High Risk
15717290,Germany,Male,41,112871.19,2,3,0.03,282.39,0.0,0.0,299.28,0.0,0.01,Above Average,High Risk
15616555,Germany,Male,41,60880.68,1,2,0.03,326.88,0.0,0.0,356.69,0.0,0.0,Average,High Risk
15659820,France,Female,34,0.0,2,2,0.03,182.63,0.0,0.0,200.22,0.0,0.01,Average,High Risk
15696301,France,Female,37,101455.7,1,3,3.54,290.98,0.13,0.05,308.34,15.2,151.98,High Value,High Risk
15808831,France,Male,29,0.0,2,12,0.03,199.13,0.0,0.0,202.09,0.0,0.0,Low Value,High Risk
15812241,Germany,Male,59,127197.14,1,2,2.76,219.44,0.22,0.08,240.15,18.91,168.15,High Value,High Risk
15680370,France,Male,39,0.0,2,12,0.03,146.03,0.0,0.0,148.29,0.0,0.0,Low Value,High Risk
15780561,France,Female,39,83456.79,2,3,0.03,260.58,0.0,0.0,276.27,0.0,0.0,Average,High Risk
15800784,France,Male,42,98298.18,1,5,0.03,268.57,0.0,0.0,278.04,0.0,0.0,Below Average,High Risk
15665460,Spain,Female,67,0.0,2,1,0.03,239.28,0.01,0.02,288.2,4.6,22.98,High Value,High Risk
15756425,France,Male,30,146301.31,1,2,0.03,275.72,0.0,0.0,301.2,0.0,0.0,Average,High Risk
15674328,France,Female,40,47364.45,1,4,1.18,271.2,0.07,0.09,283.24,25.9,129.49,High Value,High Risk
15742404,France,Male,38,0.0,2,3,0.03,213.83,0.0,0.0,226.95,0.0,0.0,Average,High Risk
15570051,Germany,Female,38,179886.41,2,2,0.03,311.6,0.0,0.0,340.11,0.0,0.0,Average,High Risk
15669175,Germany,Male,24,107637.97,2,10,0.03,219.38,0.0,0.0,223.25,0.0,0.0,Low Value,High Risk
15790324,France,Female,20,167685.56,1,2,0.03,276.63,0.0,0.0,302.18,0.0,0.0,Average,High Risk
15691119,Germany,Male,68,136525.99,1,1,0.03,316.06,0.0,0.0,379.19,0.21,1.04,Above Average,High Risk
15743478,Germany,Male,39,52106.33,2,13,0.03,268.54,0.0,0.0,272.11,0.0,0.0,Low Value,High Risk
15707007,France,Female,39,0.0,1,2,0.03,221.33,0.0,0.0,242.2,0.0,0.0,Average,High Risk
15572547,France,Female,45,104930.38,1,3,3.54,276.51,0.13,0.05,293.07,14.45,144.45,High Value,High Risk
15567063,Germany,Female,34,106434.94,1,8,2.36,305.4,0.0,0.0,311.98,1.26,6.32,Above Average,High Risk
15720637,Germany,Female,46,120530.34,1,3,3.94,289.43,0.13,0.04,306.7,13.66,136.56,High Value,High Risk
15616859,Germany,Female,43,113641.49,4,1,0.79,256.64,0.34,0.23,308.77,72.08,423.17,High Value,Medium Risk
15766166,Spain,Male,43,145081.72,1,2,0.03,258.87,0.0,0.0,282.91,0.04,0.19,Above Average,High Risk
15617655,Spain,Female,35,0.0,2,15,0.03,167.63,0.0,0.0,169.66,0.0,0.0,Low Value,High Risk
15623450,Germany,Female,27,135842.89,1,10,0.03,268.33,0.0,0.0,272.98,0.0,0.0,Low Value,High Risk
15795963,France,Male,34,129895.19,1,10,0.03,283.03,0.0,0.0,287.92,0.0,0.0,Low Value,High Risk
15781598,Germany,Male,41,149049.92,1,8,2.36,304.65,0.0,0.0,311.21,1.26,6.3,Above Average,High Risk
15691871,Germany,Male,42,153279.39,1,12,0.03,228.93,0.0,0.0,232.28,0.0,0.0,Low Value,High Risk
15740345,Spain,Male,42,41473.33,1,1,1.97,266.42,0.34,0.1,320.36,32.27,189.85,High Value,Medium Risk
15596575,Germany,Male,39,113193.51,2,8,0.03,260.51,0.0,0.0,266.2,0.0,0.0,Below Average,High Risk
15657321,Germany,Male,27,113174.21,2,3,0.03,289.61,0.0,0.0,306.89,0.0,0.0,Average,High Risk
15743893,France,Male,42,164951.56,1,1,0.03,219.82,0.0,0.0,265.14,0.3,1.48,Above Average,High Risk
15697270,Spain,Male,27,153325.1,1,5,0.03,260.44,0.0,0.0,269.64,0.0,0.0,Below Average,High Risk
15644356,Spain,Female,47,134032.01,1,3,0.03,281.74,0.0,0.0,298.59,0.0,0.0,Below Average,High Risk
15677586,Germany,Female,32,125445.04,2,5,0.03,252.8,0.0,0.0,261.76,0.0,0.0,Below Average,High Risk
15571261,Germany,Female,35,126077.43,2,10,0.03,290.93,0.0,0.0,295.94,0.0,0.0,Below Average,High Risk
15698758,Spain,Female,31,0.0,2,1,0.03,187.43,0.01,0.02,226.76,3.62,18.08,High Value,High Risk
15787014,Germany,Female,28,90371.09,1,11,0.03,268.91,0.0,0.0,273.14,0.0,0.0,Low Value,High Risk
15739857,France,Female,40,0.0,2,5,0.03,233.93,0.0,0.0,242.28,0.0,0.0,Below Average,High Risk
15774630,Germany,Female,47,142802.02,1,1,0.03,257.86,0.01,0.02,310.22,4.95,24.73,High Value,High Risk
15805523,France,Female,28,90537.16,1,1,0.03,289.62,0.01,0.02,347.86,5.55,27.73,High Value,High Risk
15749557,France,Female,44,0.0,2,10,0.03,210.53,0.0,0.0,214.27,0.0,0.0,Low Value,High Risk
15681180,France,Female,23,156123.73,1,2,0.03,309.46,0.0,0.0,337.79,0.0,0.0,Average,High Risk
15742028,France,Female,35,0.0,2,2,0.03,179.03,0.0,0.0,196.32,0.0,0.01,Average,High Risk
15686463,France,Male,38,141074.59,1,2,2.76,265.28,0.22,0.08,289.87,22.82,202.96,High Value,High Risk
15654379,Spain,Male,59,0.0,2,6,0.03,186.08,0.0,0.0,191.73,0.0,0.0,Below Average,High Risk
15783629,Germany,Female,42,117899.95,2,2,0.03,261.08,0.0,0.0,285.32,0.0,0.0,Average,High Risk
15751193,Spain,Male,33,0.0,2,6,0.03,184.73,0.0,0.0,190.34,0.0,0.0,Below Average,High Risk
15724099,France,Male,26,166257.96,1,8,0.03,280.78,0.0,0.0,286.86,0.0,0.0,Below Average,High Risk
15568429,Spain,Female,46,0.0,2,1,0.03,188.33,0.0,0.0,227.82,0.25,1.27,Above Average,High Risk
15664498,France,Male,26,205962.0,1,2,0.03,232.4,0.0,0.0,254.21,0.0,0.0,Average,High Risk
15696539,France,Female,21,105627.95,1,10,0.03,259.45,0.0,0.0,263.96,0.0,0.0,Low Value,High Risk
15760121,France,Male,32,100606.02,1,3,0.03,288.83,0.0,0.0,306.06,0.0,0.0,Average,High Risk
15628279,France,Female,38,0.0,2,5,0.03,185.63,0.0,0.0,192.43,0.0,0.0,Below Average,High Risk
15766163,France,Male,38,0.0,2,1,0.03,201.23,0.01,0.02,243.11,3.88,19.38,High Value,High Risk
15639049,France,Female,31,139395.08,1,10,0.03,224.1,0.0,0.0,228.05,0.0,0.0,Low Value,High Risk
15736413,France,Male,29,0.0,2,1,0.03,220.13,0.01,0.02,265.51,4.23,21.17,High Value,High Risk
15634815,France,Female,37,0.0,2,5,0.03,208.73,0.0,0.0,216.27,0.0,0.0,Below Average,High Risk
15716381,Germany,Female,50,109062.28,1,10,2.76,275.56,0.0,0.0,280.33,0.23,1.14,Above Average,High Risk
15708162,Germany,Female,40,89994.71,2,1,0.03,243.98,0.01,0.02,293.77,4.68,23.42,High Value,High Risk
15569364,France,Male,36,0.0,2,1,0.03,198.23,0.0,0.0,239.56,0.27,1.34,Above Average,High Risk
15791191,France,Male,59,103996.74,1,2,0.03,276.6,0.0,0.0,302.15,0.04,0.2,Above Average,High Risk
15621205,France,Male,34,175111.11,1,5,0.03,252.32,0.0,0.0,261.26,0.0,0.0,Below Average,High Risk
15704788,Spain,Female,49,66079.45,2,3,3.15,316.02,0.13,0.06,334.75,18.48,184.77,High Value,High Risk
15775756,Germany,Male,33,148055.74,1,2,0.03,320.5,0.0,0.0,349.77,0.0,0.0,Average,High Risk
15641312,France,Male,36,0.0,1,8,2.36,182.93,0.0,0.0,187.07,0.76,3.79,Above Average,High Risk
15782531,Spain,Female,31,0.0,2,3,0.03,203.63,0.0,0.0,216.19,0.0,0.0,Average,High Risk
15724428,France,Male,40,0.0,2,3,0.03,161.63,0.0,0.0,171.88,0.0,0.0,Average,High Risk
15658158,Germany,Female,23,110741.56,1,3,0.03,277.47,0.0,0.0,294.08,0.0,0.0,Below Average,High Risk
15637678,France,Male,35,0.0,1,1,0.03,196.73,0.0,0.0,237.78,0.07,0.37,Above Average,High Risk
15701809,Spain,Female,28,0.0,1,1,0.03,223.13,0.0,0.0,269.07,0.3,1.5,Above Average,High Risk
15676937,Spain,Female,32,0.0,2,13,3.15,188.93,0.0,0.0,191.54,0.01,0.07,Above Average,High Risk
15710375,France,Male,41,0.0,2,2,0.03,190.73,0.0,0.0,209.01,0.0,0.0,Average,High Risk
15579914,Germany,Male,30,109786.82,2,3,0.03,265.71,0.0,0.0,281.68,0.0,0.01,Above Average,High Risk
15595160,Spain,Male,35,0.0,2,3,0.03,122.33,0.0,0.0,130.43,0.0,0.0,Average,High Risk
15692443,Spain,Male,33,69478.57,1,1,1.97,256.36,0.34,0.1,308.44,31.07,182.78,High Value,Medium Risk
15642824,Spain,Female,56,174506.1,2,13,3.15,334.2,0.0,0.0,338.57,0.02,0.12,Above Average,High Risk
15683524,Germany,Female,23,166070.48,2,2,0.03,276.57,0.0,0.0,302.11,0.0,0.0,Average,High Risk
15713532,Germany,Female,29,105957.44,1,1,0.03,269.37,0.0,0.0,323.86,0.18,0.88,Above Average,High Risk
15719827,France,Male,36,0.0,1,1,0.03,228.53,0.0,0.0,275.46,0.31,1.54,Above Average,High Risk
15578435,France,Male,40,110340.68,1,11,0.03,267.84,0.0,0.0,272.06,0.0,0.0,Low Value,High Risk
15595609,Germany,Male,52,135870.01,2,3,0.03,283.43,0.0,0.0,300.37,0.0,0.0,Average,High Risk
15622443,France,Male,31,0.0,2,6,0.03,163.13,0.0,0.0,168.16,0.0,0.0,Below Average,High Risk
15579112,France,Male,47,0.0,2,3,0.03,177.83,0.0,0.0,188.97,0.0,0.0,Average,High Risk
15659234,France,Male,30,85704.95,1,4,0.03,222.36,0.0,0.0,232.41,0.0,0.0,Average,High Risk
15811970,France,Female,42,0.0,2,1,0.03,194.33,0.01,0.02,234.94,3.75,18.73,High Value,High Risk
15774192,Germany,Female,38,105435.74,1,2,3.15,237.24,0.22,0.07,259.45,17.97,159.88,High Value,High Risk
15595136,France,Female,37,0.0,2,1,0.03,191.93,0.01,0.02,232.09,3.7,18.5,High Value,High Risk
15630580,Germany,Male,34,108513.25,2,15,0.03,301.03,0.0,0.0,304.46,0.0,0.0,Low Value,High Risk
15660646,France,Male,35,156687.1,1,1,0.03,236.58,0.0,0.0,285.0,0.32,1.59,Above Average,High Risk
15614365,Germany,Male,31,150604.52,1,1,0.03,286.72,0.0,0.0,344.42,0.38,1.92,Above Average,High Risk
15776128,France,Female,44,155114.9,1,2,0.03,292.91,0.0,0.0,319.84,0.0,0.0,Average,High Risk
15787035,France,Female,35,0.0,2,13,0.03,179.03,0.0,0.0,181.51,0.0,0.0,Low Value,High Risk
15792646,Spain,Female,64,91216.0,1,1,0.03,286.17,0.01,0.02,343.77,5.48,27.41,High Value,High Risk
15726832,Germany,Male,61,141784.02,1,4,0.03,346.26,0.0,0.0,361.35,0.0,0.0,Average,High Risk
15624437,Spain,Female,32,0.0,2,1,0.03,245.93,0.01,0.02,296.08,4.72,23.61,High Value,High Risk
15717138,Spain,Male,31,82613.56,2,2,0.03,328.91,0.0,0.0,358.89,0.0,0.01,Average,High Risk
15657317,France,Female,32,69423.52,1,2,0.03,309.45,0.0,0.0,337.79,0.0,0.0,Average,High Risk
15626948,France,Female,42,86167.82,1,2,0.03,284.49,0.0,0.0,310.71,0.0,0.0,Average,High Risk
15777759,France,Male,30,131406.56,1,2,0.03,248.01,0.0,0.0,271.13,0.04,0.18,Above Average,High Risk
15773322,Germany,Female,44,121898.82,1,1,0.03,237.31,0.0,0.0,285.86,0.16,0.78,Above Average,High Risk
15697318,Germany,Male,32,77487.2,1,3,0.03,304.79,0.0,0.0,322.9,0.0,0.0,Average,High Risk
15632118,Spain,Male,45,164450.94,1,1,1.97,287.9,0.34,0.1,345.82,34.83,204.94,High Value,Medium Risk
15788118,France,Male,33,138705.02,2,3,0.03,274.17,0.0,0.0,290.6,0.0,0.0,Average,High Risk
15788930,Spain,Male,37,132730.17,1,2,0.03,305.37,0.0,0.0,333.36,0.0,0.0,Average,High Risk
15628583,France,Female,30,0.0,2,8,0.03,211.13,0.0,0.0,215.84,0.0,0.0,Below Average,High Risk
15635177,Spain,Female,66,0.0,1,4,0.03,197.53,0.0,0.0,206.58,0.0,0.0,Average,High Risk
15657747,Germany,Female,43,127216.31,2,15,0.03,260.09,0.0,0.0,263.09,0.0,0.0,Low Value,High Risk
15568006,France,Female,45,0.0,4,1,0.79,188.63,0.34,0.23,228.18,53.27,312.72,High Value,Medium Risk
15722212,France,Female,41,0.0,2,3,0.03,207.23,0.0,0.0,219.99,0.0,0.0,Average,High Risk
15658670,France,Female,38,0.0,2,3,0.03,199.13,0.0,0.0,211.44,0.0,0.0,Average,High Risk
15761654,Spain,Male,30,134152.29,1,11,0.03,294.94,0.0,0.0,299.55,0.0,0.0,Low Value,High Risk
15812210,Germany,Female,32,111537.23,4,18,3.15,225.01,0.0,0.0,227.2,0.0,0.0,Average,High Risk
15787051,Spain,Female,39,119565.92,1,2,0.03,301.38,0.0,0.0,329.03,0.0,0.0,Average,High Risk
15642991,Spain,Female,29,0.0,2,3,0.03,253.43,0.0,0.0,268.73,0.0,0.0,Average,High Risk
15713769,Spain,Male,38,0.0,1,10,0.03,183.53,0.0,0.0,186.84,0.0,0.0,Low Value,High Risk
15605826,Germany,Male,46,121063.8,3,5,3.94,272.06,0.03,0.02,281.64,4.92,24.58,High Value,High Risk
15648898,Spain,Female,27,124995.98,1,10,0.03,244.67,0.0,0.0,248.95,0.0,0.0,Low Value,High Risk
15705309,Spain,Male,39,0.0,2,2,0.03,187.13,0.0,0.0,205.1,0.0,0.01,Average,High Risk
15734202,Germany,Female,52,86891.84,1,1,0.03,274.75,0.0,0.0,330.23,0.18,0.9,Above Average,High Risk
15658852,France,Male,38,0.0,2,13,0.03,201.23,0.0,0.0,203.98,0.0,0.0,Low Value,High Risk
15612633,Spain,Male,43,78022.61,1,12,0.03,247.83,0.0,0.0,251.43,0.0,0.0,Low Value,High Risk
15604818,France,Male,34,154495.79,1,3,0.03,317.49,0.0,0.0,336.3,0.0,0.0,Average,High Risk
15593900,France,Male,38,189443.72,1,1,0.03,290.95,0.01,0.02,349.43,5.57,27.86,High Value,High Risk
15624995,Spain,Female,31,152926.6,1,8,0.03,292.22,0.0,0.0,298.53,0.0,0.0,Below Average,High Risk
15570087,France,Female,44,142989.69,1,11,3.15,276.77,0.0,0.0,281.12,0.09,0.47,Above Average,High Risk
15802617,Germany,Male,43,115371.94,2,3,0.03,285.24,0.0,0.0,302.28,0.0,0.0,Average,High Risk
15656029,France,Male,37,0.0,2,10,0.03,181.13,0.0,0.0,184.4,0.0,0.0,Low Value,High Risk
15607275,Spain,Male,39,206014.94,2,10,2.36,335.0,0.0,0.0,340.72,0.32,1.61,Above Average,High Risk
15635034,Germany,Male,37,101191.83,1,12,3.54,293.37,0.0,0.0,297.56,0.04,0.21,Above Average,High Risk
15756333,France,Female,55,0.0,2,12,0.03,197.28,0.0,0.0,200.21,0.0,0.0,Low Value,High Risk
15777436,Spain,Female,31,0.0,2,2,0.03,211.43,0.0,0.0,231.46,0.0,0.01,Above Average,High Risk
15574206,France,Female,37,0.0,2,12,0.03,213.83,0.0,0.0,216.98,0.0,0.0,Low Value,High Risk
15815131,Spain,Female,36,115617.24,1,10,0.03,261.25,0.0,0.0,265.8,0.0,0.0,Low Value,High Risk
15585455,France,Male,28,0.0,2,3,0.03,187.43,0.0,0.0,199.1,0.0,0.0,Below Average,High Risk
15692929,Germany,Female,42,113657.41,2,17,3.94,313.34,0.0,0.0,316.48,0.0,0.0,Average,High Risk
15758081,Spain,Male,39,138160.0,1,11,0.03,279.24,0.0,0.0,283.62,0.0,0.0,Low Value,High Risk
15667476,Germany,Female,36,117700.86,1,1,0.03,219.37,0.0,0.0,264.61,0.3,1.48,Above Average,High Risk
15738248,France,Female,37,0.0,2,2,0.03,197.03,0.0,0.0,215.84,0.0,0.01,Above Average,High Risk
15672152,Germany,Male,37,122506.38,1,12,3.54,331.54,0.0,0.0,336.24,0.05,0.23,Above Average,High Risk
15673372,France,Female,58,0.0,1,1,0.39,198.93,0.34,0.42,240.39,100.9,465.74,High Value,Medium Risk
15587611,France,Male,59,0.0,2,3,3.54,170.78,0.13,0.05,181.54,8.95,89.48,High Value,High Risk
15803415,France,Female,39,166501.17,2,1,0.03,252.28,0.0,0.0,303.61,0.34,1.7,Above Average,High Risk
15715673,Spain,Female,46,89743.05,1,1,1.57,269.76,0.34,0.12,324.33,40.29,236.96,High Value,Medium Risk
15660385,France,Male,39,0.0,2,3,0.03,176.03,0.0,0.0,187.08,0.0,0.0,Average,High Risk
15733261,Spain,Female,35,0.0,1,2,2.36,204.83,0.22,0.09,224.3,20.45,181.83,High Value,High Risk
15796231,France,Female,18,98894.39,1,1,0.03,279.41,0.01,0.02,335.76,5.35,26.77,High Value,High Risk
15624866,Germany,Male,37,168735.74,2,1,0.03,276.07,0.0,0.0,331.8,0.37,1.85,Above Average,High Risk
15623730,France,Male,34,0.0,1,1,0.03,236.03,0.01,0.02,284.35,4.53,22.67,High Value,High Risk
15668248,Germany,Female,62,133201.17,1,2,2.76,250.5,0.22,0.08,273.84,21.56,191.73,High Value,High Risk
15638028,Germany,Male,31,127237.25,2,6,0.03,245.39,0.0,0.0,252.62,0.0,0.0,Below Average,High Risk
15694376,Germany,Female,64,153469.26,3,1,1.18,307.04,0.34,0.16,368.5,59.73,351.1,High Value,Medium Risk
15669204,Germany,Male,23,93911.3,2,1,0.03,269.77,0.0,0.0,324.33,0.18,0.89,Above Average,High Risk
15773779,Spain,Female,46,76597.79,1,2,0.03,251.31,0.0,0.0,274.72,0.04,0.18,Above Average,High Risk
15580682,France,Female,40,79927.36,2,6,0.03,269.29,0.0,0.0,277.16,0.0,0.0,Below Average,High Risk
15768530,Spain,Female,27,0.0,2,6,0.03,164.63,0.0,0.0,169.7,0.0,0.0,Below Average,High Risk
15672875,Germany,Male,32,40172.91,1,11,0.03,244.31,0.0,0.0,248.19,0.0,0.0,Low Value,High Risk
15617082,France,Male,33,115195.58,1,10,0.03,230.93,0.0,0.0,234.99,0.0,0.0,Low Value,High Risk
15760514,Germany,Female,43,116644.29,2,15,0.03,312.91,0.0,0.0,316.47,0.0,0.0,Low Value,High Risk
15761775,Germany,Male,20,180293.84,2,13,0.03,258.52,0.0,0.0,261.96,0.0,0.0,Low Value,High Risk
15799964,Germany,Female,30,139872.81,1,2,0.03,278.12,0.0,0.0,303.8,0.0,0.0,Average,High Risk
15693906,France,Female,24,34547.82,1,4,0.03,261.6,0.0,0.0,273.25,0.0,0.0,Average,High Risk
15739514,France,Female,32,0.0,2,15,0.03,196.13,0.0,0.0,198.46,0.0,0.0,Low Value,High Risk
15756926,Germany,Male,29,96462.25,2,1,0.03,324.85,0.01,0.02,389.6,6.21,31.06,High Value,High Risk
15770984,Spain,Female,40,130334.35,2,12,0.03,286.05,0.0,0.0,290.15,0.0,0.0,Low Value,High Risk
15703979,Germany,Male,39,119688.81,1,1,0.03,250.38,0.0,0.0,301.36,0.34,1.68,Above Average,High Risk
15711028,France,Male,52,0.0,3,2,0.39,161.13,0.23,0.44,176.9,78.59,465.74,High Value,High Risk
15791842,France,Female,32,71187.24,1,8,0.03,216.32,0.0,0.0,221.13,0.0,0.0,Below Average,High Risk
15663625,France,Male,37,0.0,2,1,0.03,148.73,0.0,0.0,180.9,0.1,0.49,Above Average,High Risk
15604891,Spain,Female,38,0.0,2,3,0.03,185.63,0.0,0.0,197.2,0.0,0.0,Average,High Risk
15589666,France,Female,39,136422.41,1,12,0.03,255.76,0.0,0.0,259.46,0.0,0.0,Low Value,High Risk
15627881,France,Male,30,0.0,2,13,0.03,179.33,0.0,0.0,181.82,0.0,0.0,Low Value,High Risk
15676094,France,Female,34,0.0,1,8,0.03,148.43,0.0,0.0,151.89,0.0,0.0,Below Average,High Risk
15761720,France,Male,41,153238.88,1,2,0.03,204.63,0.0,0.0,224.09,0.0,0.0,Average,High Risk
15611961,France,Male,35,0.0,2,3,0.03,182.93,0.0,0.0,194.35,0.0,0.0,Average,High Risk
15680167,France,Female,78,47536.4,1,8,0.03,295.73,0.0,0.0,302.12,0.0,0.0,Below Average,High Risk
15658475,France,Male,36,142882.49,1,2,3.15,327.77,0.22,0.07,357.65,24.77,220.39,High Value,High Risk
15779743,France,Female,44,0.0,2,3,0.03,188.33,0.0,0.0,200.05,0.0,0.0,Average,High Risk
15782360,Germany,Male,65,131935.51,1,2,0.79,318.68,0.23,0.25,347.8,86.68,465.74,High Value,High Risk
15767908,France,Male,38,127678.8,2,2,0.03,246.92,0.0,0.0,269.95,0.0,0.0,Average,High Risk
15677105,Germany,Female,46,105214.58,1,1,1.57,287.32,0.34,0.12,345.14,42.88,252.17,High Value,Medium Risk
15641474,France,Male,46,139859.54,1,3,0.03,268.82,0.0,0.0,284.96,0.0,0.0,Average,High Risk
15624451,France,Female,38,0.0,2,1,0.03,190.73,0.0,0.0,230.67,0.26,1.29,Above Average,High Risk
15577985,France,Female,34,112324.45,2,8,0.03,248.16,0.0,0.0,253.6,0.0,0.0,Below Average,High Risk
15571666,Germany,Male,30,134497.27,1,2,0.03,269.76,0.0,0.0,294.73,0.0,0.0,Average,High Risk
15671172,France,Male,23,106012.2,2,1,0.03,262.48,0.01,0.02,315.69,5.03,25.17,High Value,High Risk
15731760,France,Male,25,0.0,1,7,0.03,202.73,0.0,0.0,207.93,0.0,0.0,Below Average,High Risk
15585599,France,Female,34,0.0,2,13,0.03,157.43,0.0,0.0,159.65,0.0,0.0,Low Value,High Risk
15784958,France,Female,55,0.0,4,22,3.94,243.78,0.0,0.0,245.71,0.0,0.0,Average,High Risk
15734524,France,Male,51,0.0,1,1,1.18,195.58,0.34,0.16,236.42,38.32,225.25,High Value,Medium Risk
15614103,Germany,Male,42,119839.69,1,11,3.15,331.39,0.0,0.0,336.53,0.11,0.57,Above Average,High Risk
15794895,Spain,Male,34,0.0,2,1,0.03,172.73,0.01,0.02,209.34,3.34,16.69,Above Average,High Risk
15772381,Germany,Male,38,92219.21,1,2,0.03,251.35,0.0,0.0,274.76,0.0,0.0,Average,High Risk
15710553,Germany,Male,48,142055.41,2,5,0.03,244.03,0.0,0.0,252.7,0.0,0.0,Below Average,High Risk
15649292,France,Female,49,29602.08,1,2,2.76,291.47,0.22,0.08,318.28,25.06,222.85,High Value,High Risk
15792565,France,Female,46,0.0,2,12,0.03,221.93,0.0,0.0,225.19,0.0,0.0,Low Value,High Risk
15718245,France,Male,34,0.0,2,1,0.03,217.43,0.01,0.02,262.31,4.18,20.91,High Value,High Risk
15703117,France,Female,44,0.0,2,1,0.03,167.93,0.01,0.02,203.65,3.25,16.24,Above Average,High Risk
15758136,France,Male,37,141803.77,1,4,0.03,310.91,0.0,0.0,324.56,0.0,0.0,Average,High Risk
15799932,France,Male,24,0.0,2,17,0.03,242.03,0.0,0.0,244.51,0.0,0.0,Low Value,High Risk
15633516,France,Male,42,0.0,1,1,0.03,156.23,0.01,0.02,189.78,3.03,15.13,Above Average,High Risk
15798960,France,Male,33,108393.35,1,2,0.03,279.72,0.0,0.0,305.54,0.04,0.21,Above Average,High Risk
15703614,Spain,Male,48,132876.23,1,1,0.03,246.28,0.0,0.0,296.5,0.09,0.46,Above Average,High Risk
15699195,France,Female,24,110949.41,1,4,0.03,288.58,0.0,0.0,301.32,0.0,0.0,Average,High Risk
15710543,France,Male,46,130666.2,1,1,0.39,265.67,0.34,0.42,319.47,134.1,465.74,High Value,Medium Risk
15695499,France,Female,45,103821.47,2,17,0.03,228.44,0.0,0.0,230.79,0.0,0.0,Low Value,High Risk
15622321,France,Female,32,0.0,1,4,0.03,150.23,0.0,0.0,157.35,0.0,0.0,Average,High Risk
15715744,France,Male,39,0.0,1,10,0.03,179.93,0.0,0.0,183.19,0.0,0.0,Low Value,High Risk
15788151,Spain,Male,32,132187.73,2,1,0.03,272.05,0.01,0.02,327.03,5.21,26.07,High Value,High Risk
15687153,Germany,Male,49,98649.55,1,2,3.15,330.1,0.22,0.07,360.18,24.95,221.95,High Value,High Risk
15684958,Germany,Male,38,126444.08,2,3,0.03,223.45,0.0,0.0,237.1,0.0,0.01,Average,High Risk
15706116,Germany,Female,30,154159.51,1,2,0.03,275.77,0.0,0.0,301.25,0.0,0.0,Average,High Risk
15740557,France,Female,43,0.0,2,2,0.03,224.33,0.0,0.0,245.46,0.0,0.01,Above Average,High Risk
15707291,Germany,Male,48,129250.0,2,13,0.03,220.0,0.0,0.0,222.98,0.0,0.0,Low Value,High Risk
15583353,Spain,Female,45,0.0,1,1,1.18,181.43,0.34,0.16,219.65,35.6,209.27,High Value,Medium Risk
15761024,France,Female,33,167733.51,2,3,0.03,264.33,0.0,0.0,280.23,0.0,0.01,Above Average,High Risk
15639590,France,Female,30,141581.08,1,1,0.03,304.9,0.0,0.0,365.97,0.41,2.05,Above Average,High Risk
15659399,Germany,Male,50,139675.07,2,3,0.03,232.21,0.0,0.0,246.34,0.0,0.0,Average,High Risk
15567078,France,Female,27,66201.96,1,11,0.03,309.14,0.0,0.0,313.95,0.0,0.0,Low Value,High Risk
15696373,France,Female,44,0.0,2,3,3.54,204.53,0.13,0.05,217.14,10.7,107.03,High Value,High Risk
15786617,Germany,Male,34,133658.24,1,1,0.03,222.62,0.0,0.0,268.46,0.3,1.5,Above Average,High Risk
15657449,Germany,Male,25,136202.78,1,1,0.03,211.05,0.0,0.0,254.74,0.28,1.42,Above Average,High Risk
15714240,Spain,Male,74,0.0,2,2,0.03,242.03,0.0,0.0,264.65,0.0,0.01,Above Average,High Risk
15782144,France,Female,34,0.0,2,5,0.03,155.03,0.0,0.0,160.84,0.0,0.0,Below Average,High Risk
15665008,Germany,Female,26,42712.87,2,13,0.03,311.02,0.0,0.0,315.1,0.0,0.0,Low Value,High Risk
15581733,France,Female,28,0.0,2,1,0.03,232.73,0.0,0.0,280.44,0.15,0.77,Above Average,High Risk
15751392,Spain,Female,57,0.0,2,1,1.57,213.88,0.34,0.12,258.1,32.06,188.58,High Value,Medium Risk
15785815,Germany,Male,31,142631.54,2,1,0.03,278.55,0.01,0.02,334.74,5.34,26.69,High Value,High Risk
15579996,Germany,Female,25,131402.21,1,2,0.03,234.21,0.0,0.0,256.17,0.0,0.0,Average,High Risk
15675252,Spain,Female,39,92636.96,2,5,0.03,294.88,0.0,0.0,305.19,0.0,0.0,Below Average,High Risk
15579617,France,Female,51,0.0,2,5,1.18,146.38,0.03,0.05,151.91,8.19,40.97,High Value,High Risk
15593976,Germany,Female,31,102088.68,4,2,1.97,248.72,0.23,0.11,271.91,29.45,261.74,High Value,High Risk
15716041,Spain,Male,39,0.0,2,15,0.03,185.03,0.0,0.0,187.24,0.0,0.0,Low Value,High Risk
15654489,France,Female,38,134887.53,1,11,0.03,330.08,0.0,0.0,335.2,0.0,0.0,Low Value,High Risk
15736302,France,Male,48,0.0,2,6,0.03,204.53,0.0,0.0,210.67,0.0,0.0,Below Average,High Risk
15805909,Spain,Male,28,159900.38,1,2,0.03,288.32,0.0,0.0,314.86,0.0,0.0,Average,High Risk
15749528,Spain,Male,58,0.0,2,10,0.03,204.03,0.0,0.0,207.67,0.0,0.0,Low Value,High Risk
15580719,France,Female,23,0.0,2,17,0.03,207.53,0.0,0.0,209.69,0.0,0.0,Low Value,High Risk
15656293,France,Male,35,0.0,2,1,0.03,234.23,0.0,0.0,282.22,0.32,1.58,Above Average,High Risk
15691875,Germany,Female,39,114491.82,1,1,0.03,331.09,0.0,0.0,397.0,0.12,0.62,Above Average,High Risk
15596870,Germany,Male,54,144768.94,1,1,1.18,307.35,0.34,0.16,368.87,59.79,351.45,High Value,Medium Risk
15780770,France,Male,31,145056.59,1,10,0.03,211.17,0.0,0.0,214.91,0.0,0.0,Low Value,High Risk
15751491,Germany,Male,50,117206.3,1,1,1.18,209.14,0.34,0.16,252.49,40.93,240.56,High Value,Medium Risk
15808674,Germany,Female,45,128352.59,3,12,2.36,261.65,0.0,0.0,265.43,0.05,0.27,Above Average,High Risk
15641411,France,Female,23,112568.31,1,1,0.03,302.78,0.01,0.02,363.45,5.8,28.98,High Value,High Risk
15689492,Germany,Male,41,176958.46,2,1,0.03,333.99,0.01,0.02,400.44,6.39,31.93,High Value,High Risk
15602405,Germany,Female,38,99167.54,1,3,0.03,286.03,0.0,0.0,303.11,0.0,0.0,Average,High Risk
15610271,Spain,Female,42,103210.27,1,1,0.03,280.6,0.0,0.0,337.16,0.38,1.88,Above Average,High Risk
15791780,Germany,Female,48,104478.12,3,20,3.94,287.28,0.0,0.0,289.74,0.0,0.0,Average,High Risk
15589147,Spain,Male,61,125921.37,1,11,0.03,264.47,0.0,0.0,268.64,0.0,0.0,Low Value,High Risk
15756975,Spain,Female,35,0.0,2,5,0.03,231.53,0.0,0.0,239.81,0.0,0.0,Below Average,High Risk
15729582,Germany,Male,48,80697.44,1,1,0.03,276.56,0.0,0.0,332.38,0.37,1.86,Above Average,High Risk
15568046,France,Male,24,109558.36,1,2,0.03,318.49,0.0,0.0,347.59,0.0,0.0,Average,High Risk
15736963,France,Male,43,0.0,2,1,0.03,185.33,0.01,0.02,224.27,3.58,17.88,High Value,High Risk
15646490,Spain,Male,42,190569.23,1,1,0.03,240.59,0.01,0.02,289.75,4.62,23.1,High Value,High Risk
15576745,France,Male,48,96542.16,2,3,0.03,305.65,0.0,0.0,323.81,0.0,0.01,Above Average,High Risk
15669606,France,Male,33,0.0,2,2,0.03,205.43,0.0,0.0,224.95,0.0,0.01,Above Average,High Risk
15681990,Germany,Male,24,111769.14,2,2,0.03,225.03,0.0,0.0,246.21,0.0,0.0,Average,High Risk
15758050,Spain,Male,37,0.0,2,1,0.03,185.03,0.0,0.0,223.91,0.12,0.61,Above Average,High Risk
15787848,Spain,Male,30,113672.18,2,3,0.03,256.64,0.0,0.0,272.11,0.0,0.0,Average,High Risk
15713594,France,Female,32,147256.86,1,2,0.03,240.67,0.0,0.0,263.17,0.0,0.0,Average,High Risk
15588186,Spain,Male,45,107023.03,1,2,0.03,231.64,0.0,0.0,253.38,0.0,0.0,Average,High Risk
15786739,France,Male,37,125529.55,1,1,0.03,277.4,0.01,0.02,333.38,5.32,26.58,High Value,High Risk
15680706,Germany,Male,48,131834.8,1,1,1.57,238.13,0.34,0.12,286.84,35.63,209.57,High Value,Medium Risk
15645717,France,Male,62,0.0,2,3,0.03,233.03,0.0,0.0,247.21,0.0,0.01,Average,High Risk
15748597,Spain,Male,56,99529.7,1,7,1.97,335.85,0.01,0.01,344.09,3.3,16.5,Above Average,High Risk
15629787,France,Male,27,107303.72,2,4,0.03,271.26,0.0,0.0,283.29,0.0,0.0,Below Average,High Risk
15686812,Spain,Female,44,0.0,1,11,0.03,206.03,0.0,0.0,209.36,0.0,0.0,Low Value,High Risk
15749489,Germany,Female,22,115743.6,1,3,0.03,236.06,0.0,0.0,250.4,0.0,0.0,Below Average,High Risk
15574352,France,Male,43,161256.53,1,5,0.03,333.37,0.0,0.0,344.93,0.0,0.0,Below Average,High Risk
15701281,France,Male,27,0.0,2,13,0.03,151.73,0.0,0.0,153.88,0.0,0.0,Low Value,High Risk
15811985,Spain,Male,44,0.0,2,2,0.03,157.43,0.0,0.0,172.89,0.0,0.0,Average,High Risk
15713505,France,Male,31,0.0,2,1,0.03,164.63,0.01,0.02,199.74,3.18,15.92,Above Average,High Risk
15685653,Germany,Female,40,162261.01,2,1,0.03,253.91,0.0,0.0,305.54,0.34,1.71,Above Average,High Risk
15758831,France,Male,39,74896.33,1,1,0.03,299.46,0.0,0.0,359.52,0.4,2.01,Above Average,High Risk
15618774,France,Male,54,0.0,1,1,1.18,145.63,0.34,0.16,177.22,28.73,168.85,High Value,Medium Risk
15611024,France,Female,23,93522.2,1,12,0.03,244.84,0.0,0.0,248.4,0.0,0.0,Low Value,High Risk
15805764,France,Male,18,0.0,2,17,0.03,192.23,0.0,0.0,194.25,0.0,0.0,Low Value,High Risk
15580487,Germany,Male,38,106922.92,2,13,0.03,263.73,0.0,0.0,267.24,0.0,0.0,Low Value,High Risk
15675787,France,Male,26,112972.57,1,2,0.03,227.5,0.0,0.0,248.89,0.0,0.0,Average,High Risk
15780654,Germany,Female,33,100488.92,2,5,0.03,260.92,0.0,0.0,270.14,0.0,0.0,Below Average,High Risk
15695034,France,Female,44,123322.15,1,1,0.03,303.68,0.0,0.0,364.52,0.2,1.0,Above Average,High Risk
15790658,Spain,Male,42,68683.68,1,11,0.03,258.98,0.0,0.0,263.07,0.0,0.0,Low Value,High Risk
15578648,Germany,Male,49,59532.18,1,2,0.03,234.63,0.0,0.0,256.62,0.0,0.0,Average,High Risk
15734987,France,Female,43,140260.36,2,3,0.03,274.84,0.0,0.0,291.31,0.0,0.0,Average,High Risk
15721740,Germany,Male,50,88302.65,1,10,0.03,264.26,0.0,0.0,268.85,0.0,0.0,Low Value,High Risk
15641822,France,Female,19,0.0,2,1,0.03,192.83,0.01,0.02,233.16,3.72,18.59,High Value,High Risk
15765650,Germany,Male,40,114655.58,1,1,0.03,226.4,0.0,0.0,272.93,0.09,0.43,Above Average,High Risk
15788556,France,Female,42,148283.94,1,5,1.57,282.71,0.03,0.04,292.64,12.15,60.73,High Value,High Risk
15622230,France,Female,35,0.0,2,5,0.03,209.93,0.0,0.0,217.51,0.0,0.0,Below Average,High Risk
15591740,France,Female,54,0.0,2,6,1.57,180.43,0.02,0.02,185.92,4.22,21.11,High Value,High Risk
15615140,France,Male,36,111168.97,1,8,0.03,313.19,0.0,0.0,319.93,0.0,0.0,Below Average,High Risk
15774536,France,Female,32,0.0,2,2,0.03,180.53,0.0,0.0,197.95,0.0,0.0,Average,High Risk
15618661,France,Male,30,103804.97,1,8,0.03,235.94,0.0,0.0,241.13,0.0,0.0,Below Average,High Risk
15762134,Germany,Male,59,119152.1,2,13,0.03,239.4,0.0,0.0,242.62,0.0,0.0,Low Value,High Risk
15685279,Spain,Female,57,122950.31,1,11,0.03,238.61,0.0,0.0,242.41,0.0,0.0,Low Value,High Risk
15582849,France,Female,51,0.0,1,1,0.39,226.78,0.34,0.42,273.39,114.76,465.74,High Value,Medium Risk
15649129,France,Male,32,0.0,2,3,0.03,225.53,0.0,0.0,239.29,0.0,0.0,Below Average,High Risk
15702380,Spain,Male,64,0.0,2,10,0.03,214.83,0.0,0.0,218.64,0.0,0.0,Low Value,High Risk
15759067,Germany,Female,37,158411.95,4,16,2.76,239.35,0.0,0.0,241.96,0.0,0.01,Above Average,High Risk
15683027,Germany,Male,29,122028.65,2,6,0.03,247.51,0.0,0.0,254.8,0.0,0.0,Below Average,High Risk
15597487,France,Female,35,0.0,1,7,0.03,253.43,0.0,0.0,259.79,0.0,0.0,Below Average,High Risk
15763256,Germany,Female,64,128751.65,2,3,3.15,292.67,0.13,0.06,310.12,17.12,171.18,High Value,High Risk
15620111,France,Male,54,133436.52,1,2,0.03,279.81,0.0,0.0,305.63,0.0,0.0,Average,High Risk
15740072,France,Female,37,120328.88,2,3,0.03,292.42,0.0,0.0,309.85,0.0,0.01,Above Average,High Risk
15583278,Spain,Female,36,92716.96,1,11,0.03,297.58,0.0,0.0,302.23,0.0,0.0,Low Value,High Risk
15601263,Spain,Female,48,0.0,2,3,0.03,146.33,0.0,0.0,155.74,0.0,0.0,Average,High Risk
15709222,Spain,Male,34,0.0,1,4,0.03,165.53,0.0,0.0,173.28,0.0,0.0,Average,High Risk
15717706,France,Female,32,106045.92,2,5,0.03,315.28,0.0,0.0,326.25,0.0,0.0,Below Average,High Risk
15756071,France,Male,34,103133.26,1,1,0.03,302.19,0.01,0.02,362.76,5.78,28.92,High Value,High Risk
15657637,Spain,Female,36,0.0,3,1,0.03,207.23,0.0,0.0,250.22,0.28,1.4,Above Average,High Risk
15755863,Spain,Female,49,0.0,2,1,0.03,187.43,0.01,0.02,226.76,3.62,18.08,High Value,High Risk
15719858,Spain,Female,38,0.0,2,15,0.03,196.13,0.0,0.0,198.46,0.0,0.0,Low Value,High Risk
15688876,Spain,Male,39,0.0,2,15,0.03,203.93,0.0,0.0,206.34,0.0,0.0,Low Value,High Risk
15698528,Spain,Female,31,0.0,1,4,1.18,178.13,0.07,0.09,186.39,17.04,85.21,High Value,High Risk
15770345,Spain,Female,31,139183.06,1,1,0.03,245.09,0.01,0.02,295.09,4.71,23.53,High Value,High Risk
15761506,Spain,Male,19,0.0,2,2,0.03,182.93,0.0,0.0,200.55,0.0,0.01,Average,High Risk
15716619,Germany,Female,36,74974.89,1,4,0.03,247.27,0.0,0.0,258.33,0.0,0.0,Average,High Risk
15788367,Spain,Male,44,61691.45,1,8,0.03,218.07,0.0,0.0,222.91,0.0,0.0,Below Average,High Risk
15709451,Germany,Female,35,121952.75,2,1,0.03,270.31,0.01,0.02,324.97,5.18,25.91,High Value,High Risk
15640421,France,Female,35,0.0,1,10,0.03,241.73,0.0,0.0,245.97,0.0,0.0,Low Value,High Risk
15580068,Spain,Male,35,0.0,2,8,0.03,156.23,0.0,0.0,159.84,0.0,0.0,Below Average,High Risk
15677123,Spain,Male,37,0.0,2,12,0.03,228.53,0.0,0.0,231.88,0.0,0.0,Low Value,High Risk
15619801,France,Female,33,80107.83,2,1,0.03,238.11,0.01,0.02,286.81,4.57,22.87,High Value,High Risk
15582246,Spain,Female,45,0.0,2,3,0.03,219.53,0.0,0.0,232.96,0.0,0.01,Average,High Risk
15680046,Spain,Male,36,0.0,2,3,0.03,211.73,0.0,0.0,224.74,0.0,0.0,Average,High Risk
15804131,Spain,Female,53,65407.16,2,3,2.76,331.11,0.13,0.06,350.66,21.99,219.92,High Value,High Risk
15722611,France,Female,53,114233.18,1,11,0.03,305.42,0.0,0.0,310.18,0.0,0.0,Low Value,High Risk
15729224,France,Female,37,0.0,2,2,0.03,211.43,0.0,0.0,231.46,0.0,0.01,Above Average,High Risk
15811588,Spain,Female,53,187602.18,1,2,2.76,282.33,0.22,0.08,308.37,24.28,215.91,High Value,High Risk
15702138,France,Female,22,156834.34,1,1,0.03,231.19,0.0,0.0,278.61,0.31,1.56,Above Average,High Risk
15749799,France,Female,34,0.0,2,3,0.03,171.53,0.0,0.0,182.33,0.0,0.0,Average,High Risk
15752885,France,Male,42,157498.9,1,1,0.03,236.91,0.01,0.02,285.4,4.55,22.75,High Value,High Risk
15674932,Spain,Female,44,0.0,2,3,0.03,225.53,0.0,0.0,239.29,0.0,0.0,Below Average,High Risk
15743828,France,Male,41,0.0,1,2,0.79,205.73,0.23,0.25,225.28,56.15,465.74,High Value,High Risk
15642022,Spain,Male,34,0.0,1,2,0.03,184.73,0.0,0.0,202.5,0.0,0.0,Average,High Risk
15809991,Spain,Male,19,130274.22,1,5,0.03,303.75,0.0,0.0,314.35,0.0,0.0,Below Average,High Risk
15787322,France,Female,41,0.0,1,8,0.03,234.83,0.0,0.0,240.01,0.0,0.0,Below Average,High Risk
15575498,France,Female,39,149379.66,2,2,0.03,289.36,0.0,0.0,315.99,0.0,0.01,Above Average,High Risk
15691387,France,Male,29,0.0,1,12,0.03,143.33,0.0,0.0,145.55,0.0,0.0,Low Value,High Risk
15765457,Spain,Male,35,100829.94,1,1,0.03,290.94,0.01,0.02,349.42,5.57,27.86,High Value,High Risk
15666173,Germany,Female,32,96408.98,1,1,0.03,312.84,0.01,0.02,375.38,5.99,29.93,High Value,High Risk
15627377,France,Male,41,0.0,2,10,0.03,176.33,0.0,0.0,179.53,0.0,0.0,Low Value,High Risk
15679810,France,Male,39,0.0,2,2,0.03,205.43,0.0,0.0,224.95,0.0,0.0,Average,High Risk
15606310,France,Male,71,149105.08,1,7,0.03,351.0,0.0,0.0,359.58,0.0,0.0,Below Average,High Risk
15756871,Spain,Male,39,0.0,1,1,0.03,152.03,0.0,0.0,184.81,0.21,1.03,Above Average,High Risk
15610002,Spain,Male,41,0.0,2,8,0.03,239.03,0.0,0.0,244.29,0.0,0.0,Below Average,High Risk
15662238,France,Male,37,105563.0,1,1,0.03,322.15,0.0,0.0,386.4,0.43,2.16,Above Average,High Risk
15799186,France,Male,38,0.0,2,1,0.03,188.03,0.0,0.0,227.47,0.12,0.62,Above Average,High Risk
15686941,Spain,Female,26,0.0,2,3,0.03,170.93,0.0,0.0,181.7,0.0,0.0,Average,High Risk
15601172,France,Male,31,91125.75,1,2,0.03,276.17,0.0,0.0,301.68,0.0,0.0,Average,High Risk
15723858,Spain,Male,39,0.0,2,5,0.03,153.53,0.0,0.0,159.29,0.0,0.0,Below Average,High Risk
15615896,Spain,Male,39,0.0,2,3,0.03,184.73,0.0,0.0,196.25,0.0,0.0,Average,High Risk
15737647,Germany,Female,77,135120.56,1,2,0.03,343.44,0.0,0.0,374.65,0.0,0.01,Average,High Risk
15582841,France,Male,29,0.0,2,13,0.03,178.43,0.0,0.0,180.91,0.0,0.0,Low Value,High Risk
15760090,France,Male,28,0.0,2,12,0.03,190.43,0.0,0.0,193.27,0.0,0.0,Low Value,High Risk
15588587,France,Female,36,86837.95,1,1,0.03,299.85,0.01,0.02,359.97,5.74,28.7,High Value,High Risk
15683157,France,Male,26,100446.57,1,5,0.03,259.12,0.0,0.0,268.28,0.0,0.0,Below Average,High Risk
15694209,France,Female,32,0.0,2,5,0.03,143.63,0.0,0.0,149.07,0.0,0.0,Below Average,High Risk
15655875,France,Female,33,0.0,2,1,0.03,151.73,0.0,0.0,184.45,0.21,1.03,Above Average,High Risk
15805704,France,Female,32,0.0,4,4,0.79,221.93,0.07,0.13,231.97,30.34,151.7,High Value,High Risk
15744789,Spain,Female,32,114512.59,1,2,0.03,311.89,0.0,0.0,340.43,0.0,0.0,Average,High Risk
15799357,France,Male,35,136364.46,1,1,0.03,295.35,0.0,0.0,354.65,0.11,0.55,Above Average,High Risk
15726153,France,Male,31,106260.67,1,7,0.03,262.19,0.0,0.0,268.75,0.0,0.0,Below Average,High Risk
15713346,France,Male,24,146126.75,1,14,0.03,315.91,0.0,0.0,319.76,0.0,0.0,Low Value,High Risk
15665053,Spain,Male,52,111284.53,1,5,1.57,269.2,0.03,0.04,278.69,11.57,57.84,High Value,High Risk
15592379,Spain,Female,42,121056.63,2,3,0.03,298.76,0.0,0.0,316.54,0.0,0.0,Average,High Risk
15692599,France,Male,34,128270.56,1,1,0.03,282.95,0.0,0.0,339.95,0.11,0.53,Above Average,High Risk
15620758,Spain,Male,30,0.0,2,1,0.03,196.43,0.0,0.0,237.42,0.13,0.65,Above Average,High Risk
15637428,France,Male,35,0.0,2,3,0.03,196.43,0.0,0.0,208.6,0.0,0.0,Average,High Risk
15808389,France,Female,79,0.0,1,10,0.03,219.78,0.0,0.0,223.67,0.0,0.0,Low Value,High Risk
15807003,France,Male,32,191775.65,1,3,0.03,308.13,0.0,0.0,326.42,0.0,0.0,Below Average,High Risk
15590623,Spain,Male,34,85141.79,2,6,0.03,242.41,0.0,0.0,249.56,0.0,0.0,Below Average,High Risk
15728078,France,Male,26,126392.18,1,14,0.03,259.45,0.0,0.0,262.66,0.0,0.0,Low Value,High Risk
15708256,France,Male,28,0.0,2,1,0.03,239.33,0.0,0.0,288.26,0.32,1.61,Above Average,High Risk
15582335,France,Female,40,129860.37,1,3,0.03,243.73,0.0,0.0,258.49,0.0,0.0,Below Average,High Risk
15649150,France,Female,53,127642.44,1,1,1.97,239.86,0.34,0.1,288.89,29.1,171.2,High Value,Medium Risk
15691647,France,Female,35,0.0,2,3,0.03,121.73,0.0,0.0,129.79,0.0,0.0,Average,High Risk
15668270,Germany,Female,44,125584.17,2,8,1.97,252.8,0.0,0.0,258.34,1.24,6.21,Above Average,High Risk
15624820,Spain,Male,56,50911.21,3,3,2.76,283.09,0.13,0.06,300.01,18.81,188.15,High Value,High Risk
15642997,France,Female,36,147149.59,1,2,0.03,274.26,0.0,0.0,299.61,0.04,0.2,Above Average,High Risk
15693200,France,Female,36,0.0,2,3,0.03,224.03,0.0,0.0,237.71,0.0,0.0,Average,High Risk
15624596,France,Female,23,104822.45,1,7,0.03,235.7,0.0,0.0,241.65,0.0,0.0,Below Average,High Risk
15807167,France,Male,42,146766.72,2,1,0.03,268.24,0.01,0.02,322.52,5.14,25.71,High Value,High Risk
15660301,Germany,Male,70,148745.92,2,10,0.03,250.13,0.0,0.0,254.5,0.0,0.0,Low Value,High Risk
15593094,France,Male,27,0.0,1,3,3.54,153.23,0.13,0.05,163.02,8.04,80.35,High Value,High Risk
15574137,Spain,Male,35,0.0,2,5,0.03,204.53,0.0,0.0,211.94,0.0,0.0,Below Average,High Risk
15614740,France,Female,41,135203.81,2,10,0.03,282.4,0.0,0.0,287.27,0.0,0.0,Below Average,High Risk
15574071,Germany,Male,23,93301.97,2,3,0.03,286.52,0.0,0.0,303.63,0.0,0.01,Above Average,High Risk
15671148,Germany,Male,33,96341.0,2,2,0.03,221.94,0.0,0.0,242.86,0.0,0.01,Above Average,High Risk
15721921,France,Male,44,165326.2,1,11,0.03,317.34,0.0,0.0,322.27,0.0,0.0,Low Value,High Risk
15632050,France,Female,41,99786.2,1,3,0.03,308.87,0.0,0.0,327.21,0.0,0.0,Below Average,High Risk
15647111,Spain,Female,22,114440.24,1,5,0.03,314.29,0.0,0.0,325.23,0.0,0.0,Below Average,High Risk
15759991,Spain,Male,36,141573.55,1,1,0.03,301.9,0.0,0.0,362.41,0.2,0.99,Above Average,High Risk
15790204,Spain,Female,22,0.0,1,3,3.54,197.33,0.13,0.05,209.55,10.33,103.29,High Value,High Risk
15686780,Spain,Female,55,133676.65,1,1,0.03,276.87,0.01,0.02,332.75,5.31,26.53,High Value,High Risk
15640491,France,Female,33,147493.7,2,4,0.03,216.98,0.0,0.0,226.81,0.0,0.0,Below Average,High Risk
15783225,France,Male,54,0.0,1,3,3.54,224.53,0.13,0.05,238.24,11.74,117.43,High Value,High Risk
15734438,France,Female,29,0.0,2,1,0.03,175.43,0.0,0.0,212.54,0.12,0.58,Above Average,High Risk
15688760,Germany,Female,37,95022.57,1,4,0.03,231.45,0.0,0.0,241.87,0.0,0.0,Average,High Risk
15768124,France,Female,34,0.0,1,1,0.03,192.83,0.0,0.0,233.16,0.26,1.3,Above Average,High Risk
15661330,France,Male,37,0.0,1,8,0.03,224.63,0.0,0.0,229.6,0.0,0.0,Below Average,High Risk
15781272,France,Male,50,149713.61,3,8,1.57,278.58,0.0,0.01,284.62,1.68,8.41,Above Average,High Risk
15575858,France,Male,40,0.0,2,1,0.03,227.33,0.0,0.0,274.04,0.31,1.53,Above Average,High Risk
15645937,Spain,Male,32,0.0,1,1,0.03,235.43,0.0,0.0,283.64,0.32,1.59,Above Average,High Risk
15702337,France,Male,37,0.0,2,12,0.03,172.73,0.0,0.0,175.34,0.0,0.0,Low Value,High Risk
15764537,France,Male,43,0.0,2,3,0.03,209.33,0.0,0.0,222.2,0.0,0.0,Average,High Risk
15619616,France,Female,33,102017.25,2,3,0.03,246.62,0.0,0.0,261.54,0.0,0.0,Below Average,High Risk
15585133,Spain,Female,27,0.0,2,3,0.03,195.53,0.0,0.0,207.65,0.0,0.0,Average,High Risk
15573971,France,Male,44,0.0,2,3,0.03,219.53,0.0,0.0,232.96,0.0,0.0,Average,High Risk
15579433,Spain,Male,29,96674.55,2,3,0.03,312.86,0.0,0.0,331.42,0.0,0.0,Average,High Risk
15777045,Spain,Female,44,81811.71,1,1,1.18,308.75,0.34,0.16,370.52,60.06,353.02,High Value,Medium Risk
15611580,Spain,Male,33,79281.61,1,1,0.03,298.94,0.0,0.0,358.9,0.2,0.98,Above Average,High Risk
15614778,France,Male,31,0.0,2,2,0.03,172.13,0.0,0.0,188.83,0.0,0.0,Average,High Risk
15771750,Germany,Female,36,122314.39,1,3,0.03,273.03,0.0,0.0,289.4,0.0,0.0,Below Average,High Risk
15593280,Germany,Male,43,140733.74,1,11,0.03,261.66,0.0,0.0,265.79,0.0,0.0,Low Value,High Risk
15654408,Spain,Male,41,165445.04,2,2,0.03,247.14,0.0,0.0,270.2,0.0,0.01,Above Average,High Risk
15657468,Germany,Female,53,123805.03,1,1,0.03,293.66,0.0,0.0,352.64,0.11,0.55,Above Average,High Risk
15589869,France,Male,49,111634.29,2,15,0.03,207.02,0.0,0.0,209.46,0.0,0.0,Low Value,High Risk
15693205,Germany,Female,41,109153.96,3,16,3.15,283.07,0.0,0.0,286.11,0.0,0.01,Above Average,High Risk
15797113,Spain,Female,34,0.0,2,1,0.03,164.03,0.0,0.0,199.03,0.11,0.54,Above Average,High Risk
15676958,Germany,Male,34,86055.17,2,8,0.03,303.68,0.0,0.0,310.23,0.0,0.0,Below Average,High Risk
15739592,Germany,Female,51,98438.23,1,3,3.94,288.43,0.13,0.04,305.65,13.61,136.09,High Value,High Risk
15656263,Spain,Male,29,0.0,2,2,0.03,227.63,0.0,0.0,249.04,0.0,0.01,Above Average,High Risk
15636872,France,Female,32,144705.87,2,3,0.03,253.15,0.0,0.0,268.43,0.0,0.0,Average,High Risk
15589435,France,Male,31,0.0,2,12,0.03,233.63,0.0,0.0,237.04,0.0,0.0,Low Value,High Risk
15640464,France,Male,41,91612.91,1,7,0.03,256.1,0.0,0.0,262.52,0.0,0.0,Below Average,High Risk
15722122,France,Female,40,0.0,1,10,0.03,161.63,0.0,0.0,164.59,0.0,0.0,Low Value,High Risk
15696852,France,Female,32,192122.84,1,12,3.54,320.44,0.0,0.0,324.99,0.05,0.23,Above Average,High Risk
15634936,France,Male,41,179904.0,1,10,0.03,299.6,0.0,0.0,304.75,0.0,0.0,Low Value,High Risk
15634491,France,Male,30,176166.56,2,3,0.03,274.56,0.0,0.0,291.01,0.0,0.01,Above Average,High Risk
15628530,France,Male,42,156864.2,2,1,0.03,286.39,0.0,0.0,344.03,0.38,1.92,Above Average,High Risk
15678720,France,Female,44,0.0,2,12,0.03,220.73,0.0,0.0,223.97,0.0,0.0,Low Value,High Risk
15627999,Spain,Male,30,0.0,2,1,0.03,175.43,0.0,0.0,212.54,0.24,1.19,Above Average,High Risk
15571244,Spain,Female,33,0.0,2,5,0.03,241.13,0.0,0.0,249.72,0.0,0.0,Below Average,High Risk
15739931,France,Male,34,161588.89,1,2,0.03,235.29,0.0,0.0,257.34,0.03,0.17,Above Average,High Risk
15787258,Spain,Female,29,0.0,2,2,0.03,177.23,0.0,0.0,194.37,0.0,0.0,Average,High Risk
15706463,France,Female,36,0.0,2,15,0.03,177.53,0.0,0.0,179.66,0.0,0.0,Low Value,High Risk
15691004,Spain,Male,37,0.0,1,1,0.39,120.53,0.34,0.42,147.48,61.9,362.16,High Value,Medium Risk
15733447,France,Female,51,124662.54,1,1,0.39,246.51,0.34,0.42,296.76,124.57,465.74,High Value,Medium Risk
15679062,Germany,Female,47,91522.04,2,17,0.03,294.8,0.0,0.0,297.76,0.0,0.0,Low Value,High Risk
15594409,France,Male,45,0.0,2,1,0.03,211.43,0.01,0.02,255.2,4.07,20.35,High Value,High Risk
15613816,Spain,Female,39,62052.28,1,8,0.03,233.7,0.0,0.0,238.86,0.0,0.0,Below Average,High Risk
15681991,France,Male,32,107871.72,1,2,0.03,238.29,0.0,0.0,260.6,0.0,0.0,Average,High Risk
15625941,Spain,Female,50,128039.01,1,14,0.03,281.43,0.0,0.0,284.89,0.0,0.0,Low Value,High Risk
15615016,France,Male,33,0.0,2,3,0.03,152.93,0.0,0.0,162.71,0.0,0.0,Average,High Risk
15748414,Spain,Female,33,114634.63,2,3,3.15,233.9,0.13,0.06,248.12,13.7,136.95,High Value,High Risk
15751203,France,Male,26,56738.47,2,8,1.97,282.01,0.0,0.0,288.12,1.38,6.92,Above Average,High Risk
15574868,Germany,Male,36,115725.24,2,2,0.03,313.76,0.0,0.0,342.46,0.0,0.01,Above Average,High Risk
15790282,Germany,Male,58,114327.59,2,5,0.03,331.18,0.0,0.0,342.66,0.0,0.0,Below Average,High Risk
15762927,Germany,Female,36,100762.64,1,2,0.03,277.44,0.0,0.0,303.06,0.0,0.0,Average,High Risk
15803456,France,Female,40,0.0,1,3,3.54,190.73,0.13,0.05,202.58,9.99,99.85,High Value,High Risk
15771857,Spain,Male,39,89039.9,2,12,0.03,228.31,0.0,0.0,231.65,0.0,0.0,Low Value,High Risk
15700601,France,Male,34,78829.53,1,1,0.03,241.9,0.01,0.02,291.31,4.65,23.23,High Value,High Risk
15569670,Germany,Male,30,112372.96,1,8,0.03,264.06,0.0,0.0,269.82,0.0,0.0,Below Average,High Risk
15772341,Germany,Male,81,122029.15,1,8,0.03,319.86,0.0,0.0,326.73,0.0,0.0,Below Average,High Risk
15787597,Germany,Female,31,108377.75,2,1,0.03,201.72,0.01,0.02,243.69,3.89,19.43,High Value,High Risk
15806913,France,Female,54,95507.12,1,2,0.03,280.88,0.0,0.0,306.79,0.04,0.21,Above Average,High Risk
15804862,Germany,Male,43,127146.68,1,2,0.03,228.29,0.0,0.0,249.74,0.0,0.0,Average,High Risk
15625632,France,Male,36,121092.47,2,5,0.03,249.56,0.0,0.0,258.42,0.0,0.0,Below Average,High Risk
15727703,Germany,Male,34,126979.75,1,3,0.03,308.68,0.0,0.0,327.01,0.0,0.0,Below Average,High Risk
15606273,France,Male,37,144235.73,2,2,1.97,262.43,0.23,0.11,286.78,31.06,276.05,High Value,High Risk
15715047,Spain,Male,43,172478.15,1,3,3.54,270.82,0.13,0.05,287.07,14.15,141.5,High Value,High Risk
15615322,Spain,Male,43,97473.87,2,12,0.03,233.42,0.0,0.0,236.82,0.0,0.0,Low Value,High Risk
15722072,France,Male,53,138053.67,1,7,0.03,270.09,0.0,0.0,276.82,0.0,0.0,Below Average,High Risk
15646784,France,Female,31,164003.05,2,3,0.03,237.18,0.0,0.0,251.58,0.0,0.01,Average,High Risk
15644692,France,Female,47,0.0,1,11,3.15,162.23,0.0,0.0,164.93,0.06,0.28,Above Average,High Risk
15670354,France,Female,62,0.0,2,10,0.03,239.33,0.0,0.0,243.53,0.0,0.0,Low Value,High Risk
15716357,Spain,Female,39,122486.11,2,6,0.03,308.14,0.0,0.0,317.04,0.0,0.0,Below Average,High Risk
15771383,Germany,Female,45,53667.44,1,2,0.03,259.44,0.0,0.0,283.53,0.0,0.0,Average,High Risk
15649793,France,Male,20,0.0,2,3,0.03,195.83,0.0,0.0,207.96,0.0,0.0,Average,High Risk
15731543,Spain,Male,58,109327.65,1,12,0.03,289.48,0.0,0.0,293.63,0.0,0.0,Low Value,High Risk
15677249,Spain,Male,42,101043.63,1,12,0.03,294.56,0.0,0.0,298.77,0.0,0.0,Low Value,High Risk
15581525,Germany,Male,33,83501.66,2,1,0.03,306.48,0.0,0.0,367.84,0.41,2.06,Above Average,High Risk
15600478,France,Male,39,0.0,1,1,0.03,224.03,0.0,0.0,270.13,0.3,1.51,Above Average,High Risk
15594502,France,Male,37,109093.41,2,2,0.03,272.27,0.0,0.0,297.45,0.0,0.0,Average,High Risk
15784361,Spain,Female,46,140355.6,1,7,0.03,240.35,0.0,0.0,246.4,0.0,0.0,Below Average,High Risk
15767626,France,Male,42,0.0,2,17,0.03,241.73,0.0,0.0,244.21,0.0,0.0,Low Value,High Risk
15665088,France,Female,42,0.0,2,3,0.03,157.73,0.0,0.0,167.77,0.0,0.0,Average,High Risk
15574761,France,Female,41,33563.95,2,1,1.18,207.71,0.34,0.16,250.79,40.65,238.94,High Value,Medium Risk
15729515,France,Male,36,148795.17,2,1,0.03,312.44,0.01,0.02,374.89,5.98,29.89,High Value,High Risk
15682070,France,Male,64,0.0,2,15,0.03,199.23,0.0,0.0,201.59,0.0,0.0,Low Value,High Risk
15743817,Germany,Male,40,174126.75,3,4,3.15,265.18,0.07,0.04,276.98,10.15,50.73,High Value,High Risk
15572158,Spain,Male,41,0.0,1,1,0.03,179.63,0.0,0.0,217.51,0.24,1.22,Above Average,High Risk
15584477,Spain,Female,35,106405.03,1,1,0.03,272.1,0.01,0.02,327.09,5.22,26.08,High Value,High Risk
15614893,Spain,Male,38,0.0,1,2,0.03,205.13,0.0,0.0,224.63,0.03,0.15,Above Average,High Risk
15665963,Spain,Male,30,128393.29,1,2,0.03,281.15,0.0,0.0,307.09,0.04,0.21,Above Average,High Risk
15596962,France,Female,24,137295.19,2,6,0.03,262.4,0.0,0.0,270.08,0.0,0.0,Below Average,High Risk
15744942,Spain,Female,55,155828.22,1,2,0.79,275.79,0.23,0.25,301.27,75.08,465.74,High Value,High Risk
15573278,France,Male,39,0.0,2,2,0.03,221.33,0.0,0.0,242.2,0.0,0.0,Average,High Risk
15717056,Germany,Female,25,144351.86,1,2,0.03,326.03,0.0,0.0,355.77,0.0,0.0,Average,High Risk
15795881,Spain,Male,35,106365.29,1,11,0.03,308.4,0.0,0.0,313.2,0.0,0.0,Low Value,High Risk
15758939,Germany,Male,35,127801.88,1,10,0.03,238.82,0.0,0.0,243.01,0.0,0.0,Low Value,High Risk
15792250,Germany,Female,45,122793.96,1,5,0.03,261.36,0.0,0.0,270.59,0.0,0.0,Below Average,High Risk
15740406,Germany,Male,38,113525.84,1,3,3.94,264.43,0.13,0.04,280.33,12.48,124.82,High Value,High Risk
15768137,Spain,Female,23,136100.69,2,2,2.36,277.34,0.22,0.09,302.95,27.62,245.59,High Value,High Risk
15569120,France,Male,30,0.0,2,12,0.03,182.93,0.0,0.0,185.68,0.0,0.0,Low Value,High Risk
15723721,France,Male,30,140916.81,1,1,0.03,240.37,0.0,0.0,289.5,0.16,0.79,Above Average,High Risk
15777122,France,Female,31,0.0,2,6,0.03,164.33,0.0,0.0,169.39,0.0,0.0,Below Average,High Risk
15742681,Germany,Male,26,121365.39,1,5,0.03,242.68,0.0,0.0,251.31,0.0,0.0,Below Average,High Risk
15582090,Spain,Female,36,0.0,1,1,0.03,203.63,0.0,0.0,245.96,0.13,0.67,Above Average,High Risk
15711254,France,Female,35,0.0,2,3,0.03,134.03,0.0,0.0,142.77,0.0,0.0,Average,High Risk
15775067,France,Male,47,93578.68,2,5,1.18,256.54,0.03,0.05,265.62,14.33,71.64,High Value,High Risk
15602851,France,Male,40,0.0,1,3,0.03,187.13,0.0,0.0,198.79,0.0,0.0,Below Average,High Risk
15802857,Spain,Female,33,115409.6,1,11,0.03,273.84,0.0,0.0,278.15,0.0,0.0,Low Value,High Risk
15701175,France,Female,33,90791.69,1,11,0.03,222.44,0.0,0.0,226.01,0.0,0.0,Low Value,High Risk
15783019,France,Female,62,123681.32,3,4,3.54,329.8,0.07,0.03,344.22,11.26,56.31,High Value,High Risk
15728912,France,Female,44,92436.86,1,2,0.03,240.86,0.0,0.0,263.38,0.0,0.0,Average,High Risk
15585580,Germany,Female,52,167194.36,1,12,3.54,319.91,0.0,0.0,324.46,0.05,0.23,Above Average,High Risk
15583480,France,Female,36,0.0,2,6,0.03,240.53,0.0,0.0,247.63,0.0,0.0,Below Average,High Risk
15620341,Germany,Male,44,160838.13,2,3,0.03,228.35,0.0,0.0,242.27,0.0,0.0,Below Average,High Risk
15792916,Spain,Female,40,144470.77,1,10,0.03,245.34,0.0,0.0,249.63,0.0,0.0,Low Value,High Risk
15710408,Spain,Female,38,0.0,2,5,0.03,173.63,0.0,0.0,180.04,0.0,0.0,Below Average,High Risk
15598695,Germany,Female,68,130169.27,2,15,0.03,349.64,0.0,0.0,353.59,0.0,0.0,Low Value,High Risk
15649354,Spain,Male,35,0.0,2,6,0.03,224.63,0.0,0.0,231.31,0.0,0.0,Below Average,High Risk
15737556,France,Male,43,81076.8,2,12,2.76,250.79,0.0,0.0,254.42,0.04,0.22,Above Average,High Risk
15671610,France,Male,36,0.0,1,10,0.03,220.43,0.0,0.0,224.33,0.0,0.0,Low Value,High Risk
15625092,Germany,Female,57,101465.31,1,1,1.18,234.63,0.34,0.16,282.69,45.82,269.34,High Value,Medium Risk
15741032,France,Male,48,0.0,1,7,0.03,218.33,0.0,0.0,223.89,0.0,0.0,Below Average,High Risk
15784761,Spain,Female,46,87603.35,3,14,2.76,240.5,0.0,0.0,243.5,0.01,0.04,Above Average,High Risk
15768359,France,Male,36,120037.96,1,1,0.03,236.6,0.0,0.0,285.03,0.16,0.78,Above Average,High Risk
15805769,Spain,Male,33,0.0,2,1,0.03,195.23,0.0,0.0,236.0,0.13,0.64,Above Average,High Risk
15719508,Germany,Male,49,121205.15,4,16,2.76,248.97,0.0,0.0,251.67,0.0,0.01,Above Average,High Risk
15609011,Spain,Male,47,75408.33,1,2,3.15,217.3,0.22,0.07,237.83,16.47,146.56,High Value,High Risk
15703106,France,Male,40,0.0,2,8,0.03,170.93,0.0,0.0,174.84,0.0,0.0,Below Average,High Risk
15626795,France,Female,40,0.0,1,1,1.18,200.03,0.34,0.16,241.69,39.18,230.27,High Value,Medium Risk
15773731,Spain,Female,35,0.0,2,2,0.03,225.83,0.0,0.0,247.08,0.0,0.01,Above Average,High Risk
15756196,France,Male,50,121818.84,2,10,0.03,281.1,0.0,0.0,285.96,0.0,0.0,Below Average,High Risk
15687903,France,Female,29,0.0,2,3,0.03,148.73,0.0,0.0,158.28,0.0,0.0,Average,High Risk
15777599,Germany,Male,34,141806.0,2,10,0.03,301.31,0.0,0.0,306.49,0.0,0.0,Below Average,High Risk
15754577,France,Female,51,61354.14,1,2,3.15,239.98,0.22,0.07,262.43,18.18,161.71,High Value,High Risk
15584113,Germany,Female,53,124954.94,1,5,1.57,327.32,0.03,0.04,338.68,14.06,70.29,High Value,High Risk
15669589,Germany,Female,68,95039.12,1,1,0.39,244.65,0.34,0.42,294.56,123.64,465.74,High Value,Medium Risk
15632793,France,Female,29,103417.74,1,12,0.03,266.81,0.0,0.0,270.66,0.0,0.0,Low Value,High Risk
15615254,France,Male,40,43028.77,1,3,0.03,236.06,0.0,0.0,250.4,0.0,0.0,Below Average,High Risk
15780432,France,Male,37,122689.51,2,1,1.18,294.95,0.34,0.16,354.17,57.41,337.44,High Value,Medium Risk
15673223,France,Male,44,0.0,2,4,0.03,186.23,0.0,0.0,194.82,0.0,0.0,Below Average,High Risk
15807989,Germany,Male,37,73179.34,2,13,0.03,277.4,0.0,0.0,281.08,0.0,0.0,Low Value,High Risk
15761168,France,Female,38,171913.87,1,1,1.57,222.2,0.34,0.12,267.96,33.29,195.78,High Value,Medium Risk
15651272,France,Male,38,0.0,2,8,0.03,211.13,0.0,0.0,215.84,0.0,0.0,Below Average,High Risk
15812832,Germany,Male,33,92659.2,2,3,0.03,243.28,0.0,0.0,258.01,0.0,0.0,Average,High Risk
15680517,Germany,Female,34,137239.17,1,10,2.76,308.0,0.0,0.0,313.28,0.26,1.28,Above Average,High Risk
15750569,Germany,Female,46,102955.14,2,1,0.03,280.58,0.0,0.0,337.14,0.38,1.88,Above Average,High Risk
15690743,France,Female,61,65190.29,1,11,3.15,246.88,0.0,0.0,250.8,0.08,0.42,Above Average,High Risk
15627741,Germany,Female,29,96863.52,2,3,0.03,264.27,0.0,0.0,280.16,0.0,0.01,Above Average,High Risk
15712121,Spain,Male,34,154983.98,1,1,0.03,275.21,0.0,0.0,330.78,0.1,0.52,Above Average,High Risk
15805429,Germany,Male,59,106819.65,1,4,0.03,296.58,0.0,0.0,309.64,0.0,0.0,Average,High Risk
15814923,Spain,Male,38,128578.52,1,10,0.03,258.66,0.0,0.0,263.16,0.0,0.0,Low Value,High Risk
15589230,France,Female,63,126473.33,1,2,0.03,276.6,0.0,0.0,302.15,0.04,0.2,Above Average,High Risk
15775490,France,Female,38,110570.78,2,2,0.03,273.86,0.0,0.0,299.17,0.0,0.01,Above Average,High Risk
15749727,Spain,Male,50,0.0,2,12,0.03,247.13,0.0,0.0,250.72,0.0,0.0,Low Value,High Risk
15619238,Spain,Male,29,0.0,2,3,0.03,168.53,0.0,0.0,179.16,0.0,0.0,Average,High Risk
15593468,France,Female,33,0.0,2,5,0.03,253.43,0.0,0.0,262.41,0.0,0.0,Below Average,High Risk
15789498,France,Male,30,111099.79,2,1,0.03,244.49,0.0,0.0,294.37,0.33,1.65,Above Average,High Risk
15744691,France,Female,29,0.0,3,1,0.03,224.93,0.0,0.0,271.2,0.3,1.52,Above Average,High Risk
15708289,Spain,Male,25,100913.57,1,1,0.03,313.15,0.0,0.0,375.74,0.42,2.1,Above Average,High Risk
15790412,Spain,Male,26,0.0,2,13,0.03,139.73,0.0,0.0,141.74,0.0,0.0,Low Value,High Risk
15741416,France,Male,42,16893.59,1,2,0.03,275.43,0.0,0.0,300.88,0.04,0.2,Above Average,High Risk
15598894,Spain,Male,38,122267.85,1,3,0.03,311.73,0.0,0.0,330.22,0.0,0.0,Below Average,High Risk
15663294,France,Male,32,125685.79,1,1,0.03,287.61,0.01,0.02,345.48,5.51,27.54,High Value,High Risk
15572728,Spain,Male,36,127397.34,1,2,0.03,288.0,0.0,0.0,314.52,0.0,0.0,Average,High Risk
15641170,Spain,Male,36,0.0,1,1,0.03,190.43,0.0,0.0,230.31,0.13,0.63,Above Average,High Risk
15806284,Spain,Male,31,0.0,2,1,0.03,220.13,0.01,0.02,265.51,4.23,21.17,High Value,High Risk
15690958,Germany,Male,23,139542.82,1,2,0.03,307.51,0.0,0.0,335.67,0.05,0.23,Above Average,High Risk
15606386,Germany,Female,46,111512.75,3,1,1.18,301.81,0.34,0.16,362.31,58.73,345.19,High Value,Medium Risk
15682322,France,Male,37,148466.93,2,15,0.03,292.02,0.0,0.0,295.36,0.0,0.0,Low Value,High Risk
15579915,France,Male,29,0.0,2,1,0.03,210.53,0.0,0.0,254.13,0.14,0.69,Above Average,High Risk
15681928,France,Female,35,108155.49,1,1,0.03,248.81,0.0,0.0,299.49,0.16,0.82,Above Average,High Risk
15650432,Germany,Male,41,84622.13,1,14,0.03,328.77,0.0,0.0,332.76,0.0,0.0,Low Value,High Risk
15592578,Spain,Female,41,146997.64,2,3,0.03,261.95,0.0,0.0,277.72,0.0,0.0,Average,High Risk
15671243,France,Female,47,0.0,2,3,0.03,165.83,0.0,0.0,176.32,0.0,0.0,Below Average,High Risk
15775709,France,Female,27,98590.25,1,3,0.03,324.69,0.0,0.0,343.9,0.0,0.0,Below Average,High Risk
15702631,France,Female,26,0.0,2,3,0.03,168.53,0.0,0.0,179.16,0.0,0.0,Average,High Risk
15602282,Germany,Female,45,134980.74,1,11,3.15,253.29,0.0,0.0,257.29,0.09,0.43,Above Average,High Risk
15717879,Spain,Female,79,108078.56,1,7,0.03,325.55,0.0,0.0,333.55,0.0,0.0,Below Average,High Risk
15740878,Spain,Female,29,0.0,2,15,0.03,194.93,0.0,0.0,197.25,0.0,0.0,Low Value,High Risk
15794468,France,Female,42,0.0,2,2,0.03,190.73,0.0,0.0,209.01,0.0,0.0,Average,High Risk
15773277,France,Male,35,106836.67,2,2,0.03,278.43,0.0,0.0,304.13,0.0,0.01,Above Average,High Risk
15572657,France,Male,29,102490.27,1,11,0.03,216.95,0.0,0.0,220.44,0.0,0.0,Low Value,High Risk
15800295,Germany,Male,34,112746.54,2,3,0.03,269.19,0.0,0.0,285.34,0.0,0.0,Average,High Risk
15684921,Spain,Male,25,142862.21,1,11,0.03,315.16,0.0,0.0,320.06,0.0,0.0,Low Value,High Risk
15720676,France,Female,37,0.0,2,3,0.03,208.43,0.0,0.0,221.26,0.0,0.0,Average,High Risk
15731829,France,Male,34,0.0,2,4,0.03,183.23,0.0,0.0,191.7,0.0,0.0,Below Average,High Risk
15732672,Spain,Male,35,79388.33,1,8,0.03,296.55,0.0,0.0,302.95,0.0,0.0,Below Average,High Risk
15692406,France,Male,37,0.0,2,8,0.03,126.53,0.0,0.0,129.55,0.0,0.0,Below Average,High Risk
15764405,France,Male,29,0.0,2,17,0.03,217.73,0.0,0.0,219.98,0.0,0.0,Low Value,High Risk
15757537,France,Female,31,107784.65,1,8,0.03,258.69,0.0,0.0,264.34,0.0,0.0,Below Average,High Risk
15793307,Spain,Female,41,142880.28,3,2,1.57,294.76,0.23,0.13,321.85,42.94,381.33,High Value,High Risk
15660679,Spain,Female,38,149571.94,1,3,0.03,273.77,0.0,0.0,290.18,0.0,0.0,Average,High Risk
15666856,France,Male,49,142767.39,1,1,0.03,309.76,0.01,0.02,371.72,5.93,29.64,High Value,High Risk
15687372,Germany,Male,49,121537.71,2,3,3.15,240.59,0.13,0.06,255.17,14.08,140.85,High Value,High Risk
15624641,Spain,Male,43,0.0,1,3,3.54,220.43,0.13,0.05,233.91,11.53,115.3,High Value,High Risk
15734610,France,Male,42,89838.71,3,2,1.57,237.37,0.23,0.13,259.6,34.63,307.57,High Value,High Risk
15631882,Germany,Male,45,103399.87,1,3,0.03,281.81,0.0,0.0,298.66,0.0,0.0,Average,High Risk
15642709,France,Female,30,0.0,2,3,0.03,140.63,0.0,0.0,149.73,0.0,0.0,Below Average,High Risk
15811026,Germany,Male,43,136855.94,2,2,0.03,228.78,0.0,0.0,250.28,0.0,0.01,Above Average,High Risk
15787255,Germany,Female,55,140891.46,3,4,0.79,278.72,0.07,0.13,291.06,38.07,190.35,High Value,High Risk
15742442,Spain,Female,46,89364.91,1,7,0.03,285.94,0.0,0.0,293.03,0.0,0.0,Below Average,High Risk
15758692,France,Female,29,146011.4,1,2,0.03,278.41,0.0,0.0,304.11,0.0,0.0,Average,High Risk
15568238,Spain,Male,20,0.0,2,13,0.03,193.43,0.0,0.0,196.09,0.0,0.0,Low Value,High Risk
15730353,Germany,Male,29,145294.08,2,3,0.03,242.68,0.0,0.0,257.38,0.0,0.0,Below Average,High Risk
15731555,Germany,Female,45,106000.12,1,3,3.54,254.07,0.13,0.05,269.4,13.28,132.79,High Value,High Risk
15582404,Spain,Female,26,0.0,2,2,0.03,170.03,0.0,0.0,186.56,0.0,0.01,Average,High Risk
15721462,Spain,Female,58,0.0,2,3,0.03,195.03,0.0,0.0,207.12,0.0,0.0,Average,High Risk
15632899,Spain,Male,20,104508.77,2,3,0.03,274.08,0.0,0.0,290.51,0.0,0.0,Average,High Risk
15808526,Germany,Female,58,127539.3,1,4,1.18,321.71,0.07,0.09,335.8,30.7,153.51,High Value,High Risk
15694349,Spain,Male,44,0.0,1,10,0.03,212.63,0.0,0.0,216.4,0.0,0.0,Low Value,High Risk
15718465,Germany,Male,51,96891.46,1,1,1.18,277.53,0.34,0.16,333.52,54.06,317.77,High Value,Medium Risk
15584776,Spain,Female,37,112712.17,1,3,0.03,330.08,0.0,0.0,349.59,0.0,0.0,Average,High Risk
15777772,Spain,Male,55,119618.42,1,12,0.03,277.63,0.0,0.0,281.62,0.0,0.0,Low Value,High Risk
15576156,Spain,Female,28,0.0,1,2,0.03,211.43,0.0,0.0,231.46,0.0,0.0,Average,High Risk
15646756,France,Female,33,74963.5,1,11,0.03,277.87,0.0,0.0,282.23,0.0,0.0,Low Value,High Risk
15742886,France,Male,26,138023.79,2,1,0.03,269.93,0.01,0.02,324.53,5.17,25.87,High Value,High Risk
15586135,Spain,Female,28,0.0,1,5,0.03,159.23,0.0,0.0,165.17,0.0,0.0,Below Average,High Risk
15721460,France,Male,60,185648.56,1,2,3.15,295.21,0.22,0.07,322.34,22.33,198.63,High Value,High Risk
15649536,Germany,Male,38,128015.83,1,1,0.03,299.13,0.0,0.0,359.13,0.2,0.98,Above Average,High Risk
15754929,France,Male,31,39539.39,2,4,0.03,296.1,0.0,0.0,309.15,0.0,0.0,Below Average,High Risk
15572051,France,Male,40,0.0,1,4,0.03,214.73,0.0,0.0,224.48,0.0,0.0,Average,High Risk
15668142,France,Male,37,77608.46,2,5,0.03,283.5,0.0,0.0,293.44,0.0,0.0,Below Average,High Risk
15701176,France,Male,26,141462.13,1,1,0.03,276.4,0.0,0.0,332.19,0.1,0.52,Above Average,High Risk
15744606,Spain,Male,29,93833.86,1,11,0.03,324.36,0.0,0.0,329.39,0.0,0.0,Low Value,High Risk
15612140,Spain,Female,46,137933.39,1,10,0.03,293.63,0.0,0.0,298.69,0.0,0.0,Low Value,High Risk
15656086,Spain,Male,54,105770.14,1,11,3.15,243.16,0.0,0.0,247.02,0.08,0.42,Above Average,High Risk
15655298,Spain,Female,54,0.0,2,8,0.03,199.63,0.0,0.0,204.11,0.0,0.0,Below Average,High Risk
15644796,Spain,Female,38,0.0,2,13,3.15,244.73,0.0,0.0,248.01,0.02,0.09,Above Average,High Risk
15726250,France,Female,38,166328.65,2,5,0.03,230.98,0.0,0.0,239.23,0.0,0.0,Below Average,High Risk
15631721,Germany,Male,38,163965.69,2,15,0.03,285.78,0.0,0.0,289.05,0.0,0.0,Low Value,High Risk
15707479,France,Male,40,125608.72,1,2,0.03,275.91,0.0,0.0,301.4,0.0,0.0,Average,High Risk
15579826,France,Female,66,0.0,1,3,0.03,150.13,0.0,0.0,159.75,0.0,0.0,Below Average,High Risk
15668104,Spain,Male,37,118433.94,1,8,0.03,220.01,0.0,0.0,224.89,0.0,0.0,Below Average,High Risk
15641604,France,Female,55,98488.08,1,3,3.94,336.33,0.13,0.04,356.18,15.86,158.59,High Value,High Risk
15587240,France,Male,40,0.0,2,6,0.03,153.83,0.0,0.0,158.61,0.0,0.0,Below Average,High Risk
15680767,Germany,Female,64,98362.35,2,17,0.03,307.68,0.0,0.0,310.76,0.0,0.0,Low Value,High Risk
15601594,France,Female,51,144237.91,4,3,2.36,288.28,0.13,0.07,305.48,22.18,221.8,High Value,High Risk
15589969,France,Male,34,0.0,1,8,0.03,253.43,0.0,0.0,258.98,0.0,0.0,Below Average,High Risk
15703728,Spain,Male,47,0.0,1,1,1.57,208.43,0.34,0.12,251.64,31.26,183.86,High Value,Medium Risk
15617790,France,Female,29,105767.28,2,1,0.03,263.36,0.0,0.0,316.74,0.17,0.86,Above Average,High Risk
15662500,Spain,Male,32,0.0,2,3,0.03,230.63,0.0,0.0,244.67,0.0,0.0,Below Average,High Risk
15778526,Spain,Female,48,0.0,2,2,0.03,214.13,0.0,0.0,234.39,0.0,0.01,Above Average,High Risk
15670584,Spain,Male,31,0.0,1,2,0.79,192.23,0.23,0.25,210.64,52.5,464.63,High Value,High Risk
15748069,France,Female,25,134467.26,1,4,0.03,222.66,0.0,0.0,232.72,0.0,0.0,Average,High Risk
15680597,Germany,Male,38,138515.02,1,1,0.03,312.56,0.01,0.02,375.04,5.98,29.9,High Value,High Risk
15719624,France,Female,38,121858.98,1,3,0.03,277.2,0.0,0.0,293.8,0.0,0.0,Average,High Risk
15812767,Spain,Male,70,0.0,2,5,0.03,242.73,0.0,0.0,251.37,0.0,0.0,Below Average,High Risk
15689201,France,Female,49,120108.56,1,1,0.03,292.71,0.01,0.02,351.52,5.61,28.03,High Value,High Risk
15683618,France,Female,35,121418.62,1,4,0.03,308.68,0.0,0.0,322.24,0.0,0.0,Average,High Risk
15799631,Spain,Male,36,0.0,2,17,0.03,173.93,0.0,0.0,175.78,0.0,0.0,Low Value,High Risk
15692259,France,Female,29,0.0,2,3,0.03,206.93,0.0,0.0,219.67,0.0,0.0,Below Average,High Risk
15590966,Germany,Female,42,97495.8,2,1,0.03,293.72,0.0,0.0,352.71,0.19,0.96,Above Average,High Risk
15656426,France,Female,42,0.0,2,1,0.03,212.33,0.0,0.0,256.27,0.29,1.43,Above Average,High Risk
15675256,Spain,Male,33,127343.4,1,7,0.03,243.3,0.0,0.0,249.42,0.0,0.0,Below Average,High Risk
15789582,France,Male,55,0.0,1,3,0.03,180.78,0.0,0.0,192.09,0.0,0.0,Below Average,High Risk
15651103,Spain,Female,69,183744.98,1,12,0.03,331.59,0.0,0.0,336.29,0.0,0.0,Low Value,High Risk
15672299,France,Male,44,0.0,2,10,0.03,151.43,0.0,0.0,154.23,0.0,0.0,Low Value,High Risk
15772250,Spain,Male,46,0.0,1,3,0.03,251.03,0.0,0.0,266.19,0.0,0.0,Below Average,High Risk
15763922,France,Male,31,79962.92,2,3,0.03,256.1,0.0,0.0,271.53,0.0,0.0,Average,High Risk
15633870,France,Female,36,0.0,2,17,0.03,253.43,0.0,0.0,256.02,0.0,0.0,Low Value,High Risk
15624323,France,Male,36,0.0,2,6,0.03,191.03,0.0,0.0,196.81,0.0,0.0,Below Average,High Risk
15688612,France,Male,33,140956.99,1,2,0.03,332.47,0.0,0.0,362.76,0.0,0.0,Average,High Risk
15694644,Spain,Female,43,0.0,1,8,0.03,134.93,0.0,0.0,138.12,0.0,0.0,Below Average,High Risk
15587174,France,Male,29,0.0,2,12,2.76,216.23,0.0,0.0,219.41,0.04,0.19,Above Average,High Risk
15579559,Spain,Male,30,145241.63,1,11,0.03,240.87,0.0,0.0,244.7,0.0,0.0,Low Value,High Risk
15775430,Germany,Male,31,138008.06,2,3,0.03,272.63,0.0,0.0,288.98,0.0,0.0,Average,High Risk
15623695,France,Female,31,0.0,2,6,0.03,242.63,0.0,0.0,249.79,0.0,0.0,Below Average,High Risk
15760849,France,Male,39,0.0,2,3,0.03,159.53,0.0,0.0,169.67,0.0,0.0,Average,High Risk
15705281,Spain,Male,38,0.0,1,3,0.03,238.43,0.0,0.0,252.9,0.0,0.0,Below Average,High Risk
15812594,France,Male,34,0.0,2,3,0.03,235.73,0.0,0.0,250.05,0.0,0.0,Average,High Risk
15626322,Spain,Female,29,127570.93,2,3,0.03,286.51,0.0,0.0,303.62,0.0,0.0,Average,High Risk
15723105,France,Female,28,0.0,1,8,0.03,225.23,0.0,0.0,230.22,0.0,0.0,Below Average,High Risk
15588449,Spain,Female,27,107812.67,1,7,1.97,252.99,0.01,0.01,259.33,2.49,12.44,Above Average,High Risk
15794849,Germany,Male,22,91560.58,2,3,0.03,329.6,0.0,0.0,349.07,0.0,0.0,Average,High Risk
15620000,Germany,Male,34,121303.77,2,10,0.03,304.47,0.0,0.0,309.7,0.0,0.0,Below Average,High Risk
15799720,Spain,Male,43,161546.68,2,13,0.03,249.08,0.0,0.0,252.42,0.0,0.0,Low Value,High Risk
15711287,Spain,Female,35,128415.45,1,1,0.03,275.15,0.0,0.0,330.71,0.1,0.52,Above Average,High Risk
15613102,France,Female,31,57530.06,1,2,0.79,272.5,0.23,0.25,297.7,74.19,465.74,High Value,High Risk
15621440,France,Male,38,0.0,2,1,0.03,206.63,0.01,0.02,249.51,3.98,19.89,High Value,High Risk
15677146,France,Female,28,142243.54,2,1,0.03,295.94,0.0,0.0,355.34,0.19,0.97,Above Average,High Risk
15801169,Germany,Female,39,138341.51,1,3,3.54,306.55,0.13,0.05,324.76,16.01,160.07,High Value,High Risk
15722425,France,Male,32,0.0,2,3,0.03,190.13,0.0,0.0,201.95,0.0,0.0,Below Average,High Risk
15682421,France,Female,30,0.0,2,3,0.79,203.33,0.13,0.2,215.87,42.66,426.58,High Value,High Risk
15691910,Spain,Male,30,0.0,3,2,0.03,197.33,0.0,0.0,216.17,0.0,0.01,Above Average,High Risk
15721779,Spain,Male,41,146466.46,2,2,0.03,325.53,0.0,0.0,355.22,0.0,0.01,Above Average,High Risk
15579548,Spain,Male,36,0.0,2,2,0.03,218.93,0.0,0.0,239.6,0.0,0.01,Above Average,High Risk
15681075,France,Female,58,0.0,1,1,0.03,213.03,0.01,0.02,257.1,4.1,20.5,High Value,High Risk
15607884,France,Female,39,0.0,2,13,0.03,197.33,0.0,0.0,200.04,0.0,0.0,Low Value,High Risk
15767757,Spain,Female,29,120307.58,1,12,0.03,245.02,0.0,0.0,248.58,0.0,0.0,Low Value,High Risk
15791550,France,Male,27,87637.26,2,1,0.03,283.11,0.0,0.0,340.14,0.19,0.93,Above Average,High Risk
15658589,Spain,Male,38,94652.04,1,2,0.03,329.82,0.0,0.0,359.88,0.05,0.24,Above Average,High Risk
15670822,France,Female,22,114415.84,1,10,0.03,291.78,0.0,0.0,296.81,0.0,0.0,Low Value,High Risk
15629744,France,Female,71,0.0,2,13,0.03,265.88,0.0,0.0,269.42,0.0,0.0,Low Value,High Risk
15726310,Spain,Female,27,0.0,2,1,0.03,233.03,0.0,0.0,280.8,0.31,1.57,Above Average,High Risk
15641298,Germany,Male,42,93955.83,2,3,0.03,228.37,0.0,0.0,242.29,0.0,0.0,Below Average,High Risk
15713354,Germany,Female,22,101528.61,1,2,2.36,254.39,0.22,0.09,278.06,25.35,225.41,High Value,High Risk
15633866,Germany,Male,30,110824.52,1,1,0.03,301.77,0.01,0.02,362.26,5.78,28.88,High Value,High Risk
15704231,France,Female,33,0.0,1,11,0.03,127.43,0.0,0.0,129.63,0.0,0.0,Low Value,High Risk
15735400,France,Male,28,179960.2,1,2,0.03,305.9,0.0,0.0,333.93,0.0,0.0,Average,High Risk
15632826,France,Male,38,134006.77,1,1,0.03,225.04,0.0,0.0,271.32,0.3,1.52,Above Average,High Risk
15751022,Germany,Female,37,121532.17,2,17,0.03,309.59,0.0,0.0,312.69,0.0,0.0,Low Value,High Risk
15664737,Spain,Female,38,0.0,2,12,0.03,232.13,0.0,0.0,235.52,0.0,0.0,Low Value,High Risk
15681126,Spain,Female,38,0.0,1,2,0.03,209.03,0.0,0.0,228.86,0.03,0.15,Above Average,High Risk
15738954,France,Male,35,129717.3,2,3,0.03,242.22,0.0,0.0,256.9,0.0,0.0,Average,High Risk
15662263,Germany,Male,22,94762.16,2,6,0.03,299.53,0.0,0.0,308.2,0.0,0.0,Below Average,High Risk
15621611,Germany,Male,55,155196.17,1,7,1.97,306.97,0.01,0.01,314.54,3.02,15.09,Above Average,High Risk
15783752,Germany,Male,29,129514.99,1,5,0.03,302.51,0.0,0.0,313.07,0.0,0.0,Below Average,High Risk
15709474,Germany,Female,57,113386.36,2,5,1.18,306.77,0.03,0.05,317.47,17.12,85.62,High Value,High Risk
15701280,France,Male,24,0.0,1,4,1.18,171.23,0.07,0.09,179.21,16.39,81.93,High Value,High Risk
15671104,Spain,Male,43,172196.23,1,4,0.03,269.91,0.0,0.0,281.89,0.0,0.0,Average,High Risk
15796434,France,Male,28,97612.12,1,7,0.03,292.22,0.0,0.0,299.46,0.0,0.0,Below Average,High Risk
15781505,France,Male,20,104719.94,2,1,0.03,280.99,0.0,0.0,337.63,0.18,0.92,Above Average,High Risk
15625819,France,Female,38,0.0,1,2,0.03,185.93,0.0,0.0,203.8,0.0,0.0,Average,High Risk
15753174,Germany,Male,37,139592.98,3,4,3.54,248.71,0.07,0.03,259.83,8.5,42.51,High Value,High Risk
15654067,Spain,Female,29,0.0,2,1,0.03,173.63,0.0,0.0,210.4,0.11,0.57,Above Average,High Risk
15724719,France,Female,22,139096.85,1,2,0.03,242.39,0.0,0.0,265.04,0.0,0.0,Average,High Risk
15624695,Spain,Female,72,140301.72,1,10,0.03,303.54,0.0,0.0,308.76,0.0,0.0,Low Value,High Risk
15718216,Spain,Male,43,0.0,1,1,0.03,239.33,0.0,0.0,288.26,0.32,1.61,Above Average,High Risk
15586300,France,Male,66,0.0,2,12,0.03,202.93,0.0,0.0,205.94,0.0,0.0,Low Value,High Risk
15783349,Spain,Male,39,111233.09,1,1,0.03,220.2,0.01,0.02,265.58,4.23,21.17,High Value,High Risk
15725767,France,Male,23,0.0,2,1,0.03,208.73,0.0,0.0,252.0,0.28,1.41,Above Average,High Risk
15791925,France,Male,29,147737.63,1,14,0.03,303.09,0.0,0.0,306.79,0.0,0.0,Low Value,High Risk
15793585,France,Male,35,0.0,2,13,0.03,200.93,0.0,0.0,203.68,0.0,0.0,Low Value,High Risk
15576641,Germany,Male,40,125725.02,2,8,0.03,296.61,0.0,0.0,303.02,0.0,0.0,Below Average,High Risk
15749519,France,Male,38,128289.7,3,3,2.36,323.45,0.13,0.07,342.58,24.87,248.74,High Value,High Risk
15684960,France,Female,46,0.0,1,1,1.97,166.13,0.34,0.1,201.52,20.3,119.42,High Value,Medium Risk
15591286,Germany,Female,49,88826.07,1,5,1.57,293.7,0.03,0.04,303.97,12.62,63.09,High Value,High Risk
15608528,France,Female,68,0.0,4,20,3.54,214.43,0.0,0.0,216.32,0.0,0.0,Average,High Risk
15702566,Spain,Male,26,149134.46,1,11,0.03,244.05,0.0,0.0,247.93,0.0,0.0,Low Value,High Risk
15660840,France,Male,30,124119.54,1,1,0.03,293.53,0.0,0.0,352.49,0.39,1.97,Above Average,High Risk
15750811,Germany,Male,44,116822.7,1,1,0.03,306.02,0.0,0.0,367.3,0.41,2.05,Above Average,High Risk
15684319,Germany,Female,37,95196.26,1,3,3.94,308.86,0.13,0.04,327.19,14.57,145.69,High Value,High Risk
15702190,Spain,Male,43,0.0,2,8,0.03,200.03,0.0,0.0,204.51,0.0,0.0,Below Average,High Risk
15588517,France,Male,38,0.0,2,12,0.03,213.53,0.0,0.0,216.68,0.0,0.0,Low Value,High Risk
15801863,France,Female,32,136555.01,2,3,0.03,233.56,0.0,0.0,247.77,0.0,0.01,Average,High Risk
15584271,France,Male,59,0.0,1,7,0.03,199.58,0.0,0.0,204.71,0.0,0.0,Below Average,High Risk
15700366,France,Male,39,119452.03,1,4,0.03,277.07,0.0,0.0,289.35,0.0,0.0,Average,High Risk
15804038,France,Male,44,0.0,1,12,3.54,220.43,0.0,0.0,223.67,0.03,0.16,Above Average,High Risk
15720820,Germany,Female,24,69881.09,2,15,0.03,211.4,0.0,0.0,213.88,0.0,0.0,Low Value,High Risk
15743759,France,Male,39,0.0,2,8,0.03,184.13,0.0,0.0,188.3,0.0,0.0,Below Average,High Risk
15749947,France,Female,44,0.0,2,12,0.03,197.93,0.0,0.0,200.87,0.0,0.0,Low Value,High Risk
15670496,Spain,Female,27,0.0,2,3,0.03,194.93,0.0,0.0,207.01,0.0,0.0,Below Average,High Risk
15746664,Spain,Male,20,204223.03,1,2,0.03,218.85,0.0,0.0,239.5,0.0,0.0,Average,High Risk
15628600,Germany,Female,31,141069.18,3,2,0.03,319.58,0.0,0.0,348.77,0.49,2.45,Above Average,High Risk
15627002,France,Male,38,115934.74,1,1,0.03,294.57,0.01,0.02,353.73,5.64,28.2,High Value,High Risk
15614635,France,Male,52,151457.88,1,2,0.03,255.05,0.0,0.0,278.78,0.04,0.19,Above Average,High Risk
15731281,Germany,Female,35,154206.07,2,5,0.03,289.27,0.0,0.0,299.41,0.0,0.0,Below Average,High Risk
15814022,France,Female,26,89928.99,1,3,0.03,288.68,0.0,0.0,305.91,0.0,0.0,Average,High Risk
15659194,France,Male,30,89182.09,1,11,0.03,262.82,0.0,0.0,266.97,0.0,0.0,Low Value,High Risk
15691817,Spain,Female,44,0.0,3,2,1.97,162.53,0.23,0.11,178.42,19.33,171.75,High Value,High Risk
15707488,France,Female,27,0.0,2,2,0.03,166.43,0.0,0.0,182.65,0.0,0.01,Average,High Risk
15784700,France,Male,31,117799.28,1,10,0.03,319.58,0.0,0.0,325.05,0.0,0.0,Low Value,High Risk
15710397,France,Male,26,0.0,2,1,0.03,173.63,0.0,0.0,210.4,0.11,0.57,Above Average,High Risk
15732281,Germany,Male,34,146422.22,1,2,2.36,281.73,0.22,0.09,307.71,28.06,249.45,High Value,High Risk
15607230,Germany,Male,33,150186.22,2,15,0.03,254.3,0.0,0.0,257.24,0.0,0.0,Low Value,High Risk
15567630,Germany,Male,40,100275.88,1,2,2.36,291.5,0.22,0.09,318.32,29.02,258.04,High Value,High Risk
15587507,France,Male,47,0.0,1,2,2.36,253.43,0.22,0.09,277.02,25.26,224.57,High Value,High Risk
15733904,France,Male,32,147493.89,1,3,0.03,236.48,0.0,0.0,250.84,0.0,0.0,Below Average,High Risk
15709511,France,Male,43,0.0,2,3,0.03,185.03,0.0,0.0,196.57,0.0,0.0,Average,High Risk
15579616,France,Female,42,0.0,2,13,0.03,203.33,0.0,0.0,206.11,0.0,0.0,Low Value,High Risk
15694852,France,Male,29,121823.4,2,6,0.03,249.0,0.0,0.0,256.33,0.0,0.0,Below Average,High Risk
15589924,Spain,Female,40,0.0,2,1,0.03,171.53,0.01,0.02,207.92,3.32,16.58,Above Average,High Risk
15731330,Spain,Female,40,100471.34,1,10,0.03,270.82,0.0,0.0,275.51,0.0,0.0,Low Value,High Risk
15694129,Germany,Female,28,100032.52,1,1,1.18,245.89,0.34,0.16,296.03,47.99,282.05,High Value,Medium Risk
15620372,Spain,Male,31,0.0,2,1,0.03,204.53,0.0,0.0,247.02,0.28,1.38,Above Average,High Risk
15744622,France,Male,32,116358.0,1,2,0.03,322.8,0.0,0.0,352.26,0.0,0.0,Average,High Risk
15799815,Germany,Female,23,163549.63,1,5,0.03,275.27,0.0,0.0,284.95,0.0,0.0,Below Average,High Risk
15759250,Germany,Male,51,99183.9,1,4,0.03,299.88,0.0,0.0,313.08,0.0,0.0,Average,High Risk
15732643,Spain,Female,53,131955.07,1,1,0.39,196.58,0.34,0.42,237.6,99.74,465.74,High Value,Medium Risk
15652180,France,Male,30,0.0,2,3,0.03,173.03,0.0,0.0,183.91,0.0,0.0,Average,High Risk
15741195,Spain,Male,19,0.0,1,7,0.03,182.33,0.0,0.0,187.07,0.0,0.0,Below Average,High Risk
15743490,Germany,Female,56,94348.94,1,3,3.54,320.8,0.13,0.05,339.79,16.75,167.48,High Value,High Risk
15575510,France,Female,32,155584.21,1,2,0.03,275.83,0.0,0.0,301.32,0.04,0.2,Above Average,High Risk
15732610,France,Female,28,0.0,2,2,0.03,221.93,0.0,0.0,242.85,0.0,0.0,Average,High Risk
15602909,Spain,Female,41,0.0,2,17,0.03,179.63,0.0,0.0,181.53,0.0,0.0,Low Value,High Risk
15734058,Germany,Male,32,170661.47,1,12,0.03,231.45,0.0,0.0,234.83,0.0,0.0,Low Value,High Risk
15801788,Germany,Female,29,185544.36,1,2,0.03,291.11,0.0,0.0,317.89,0.0,0.0,Average,High Risk
15702462,Spain,Female,44,52831.13,1,8,2.36,256.63,0.0,0.0,262.24,1.06,5.31,Above Average,High Risk
15683416,Germany,Male,51,97750.07,3,16,3.15,247.88,0.0,0.0,250.57,0.0,0.01,Above Average,High Risk
15794187,France,Male,36,114007.5,2,2,0.03,284.56,0.0,0.0,310.78,0.0,0.0,Average,High Risk
15792989,France,Female,71,104308.77,1,1,0.03,264.62,0.01,0.02,318.23,5.07,25.37,High Value,High Risk
15613734,France,Female,33,84719.13,2,10,0.03,266.08,0.0,0.0,270.7,0.0,0.0,Low Value,High Risk
15636700,France,Male,39,140236.98,1,12,0.03,287.74,0.0,0.0,291.86,0.0,0.0,Low Value,High Risk
15645766,Spain,Male,25,0.0,2,15,0.03,188.63,0.0,0.0,190.88,0.0,0.0,Low Value,High Risk
15671345,Spain,Female,42,75302.85,2,2,0.03,232.6,0.0,0.0,254.42,0.0,0.0,Average,High Risk
15749638,France,Female,51,104760.82,1,12,3.54,258.25,0.0,0.0,261.98,0.04,0.18,Above Average,High Risk
15728706,France,Female,49,0.0,1,2,2.76,158.63,0.22,0.08,174.19,13.71,121.96,High Value,High Risk
15778696,Spain,Female,36,174180.39,1,1,0.03,284.09,0.0,0.0,341.3,0.11,0.53,Above Average,High Risk
15624744,Germany,Male,42,115766.26,1,3,3.54,262.76,0.13,0.05,278.57,13.73,137.31,High Value,High Risk
15726178,Spain,Female,48,0.0,2,3,0.03,212.03,0.0,0.0,225.05,0.0,0.0,Average,High Risk
15794939,France,Female,72,121215.9,2,8,0.03,338.87,0.0,0.0,346.11,0.0,0.0,Below Average,High Risk
15788068,Germany,Male,45,144677.19,3,5,3.94,300.55,0.03,0.02,311.05,5.43,27.15,High Value,High Risk
15572956,France,Male,36,115350.63,1,7,0.03,281.04,0.0,0.0,288.02,0.0,0.0,Below Average,High Risk
15780386,Spain,Male,40,105683.63,1,1,0.03,271.75,0.0,0.0,326.69,0.1,0.51,Above Average,High Risk
15591550,Spain,Male,36,77910.23,1,1,0.03,231.02,0.0,0.0,278.41,0.31,1.56,Above Average,High Risk
15699830,France,Female,40,0.0,2,12,0.03,214.73,0.0,0.0,217.89,0.0,0.0,Low Value,High Risk
15569264,France,Male,32,179305.09,1,7,0.03,265.68,0.0,0.0,272.31,0.0,0.0,Below Average,High Risk
15595158,Germany,Male,31,150593.59,2,8,0.03,274.12,0.0,0.0,280.07,0.0,0.0,Below Average,High Risk
15650575,Spain,Female,59,0.0,2,10,2.36,225.68,0.0,0.0,229.66,0.22,1.08,Above Average,High Risk
15641490,Germany,Female,25,69385.17,2,3,0.03,327.75,0.0,0.0,347.12,0.0,0.0,Average,High Risk
15592230,France,Male,41,0.0,2,5,0.03,184.43,0.0,0.0,191.19,0.0,0.0,Below Average,High Risk
15626212,France,Male,29,0.0,1,12,0.03,183.23,0.0,0.0,185.98,0.0,0.0,Low Value,High Risk
15782641,Spain,Female,29,119670.18,1,1,0.03,289.38,0.0,0.0,347.58,0.39,1.94,Above Average,High Risk
15813681,Germany,Male,24,120135.55,2,3,0.03,312.21,0.0,0.0,330.73,0.0,0.01,Above Average,High Risk
15596649,France,Female,39,0.0,1,2,0.03,193.73,0.0,0.0,212.26,0.0,0.0,Average,High Risk
15700460,France,Female,55,120905.03,1,5,1.57,241.7,0.03,0.04,250.3,10.39,51.95,High Value,High Risk
15724076,Spain,Female,57,0.0,3,2,1.97,251.68,0.23,0.11,275.12,29.8,264.83,High Value,High Risk
15784000,Germany,Female,34,102277.52,1,3,3.54,289.84,0.13,0.05,307.13,15.14,151.38,High Value,High Risk
15733966,Germany,Female,55,125292.53,1,5,1.57,231.74,0.03,0.04,240.02,9.96,49.81,High Value,High Risk
15654025,France,Female,51,101629.3,1,1,0.03,270.34,0.0,0.0,325.01,0.18,0.89,Above Average,High Risk
15589431,Germany,Male,47,171937.27,1,1,0.03,320.9,0.01,0.02,384.93,6.14,30.69,High Value,High Risk
15578238,France,Male,47,0.0,2,3,0.03,216.53,0.0,0.0,229.8,0.0,0.0,Average,High Risk
15566269,France,Male,25,0.0,2,2,0.03,234.53,0.0,0.0,256.52,0.0,0.01,Above Average,High Risk
15639217,France,Male,34,0.0,2,2,0.03,240.23,0.0,0.0,262.7,0.0,0.0,Average,High Risk
15662426,Spain,Male,32,0.0,1,1,0.39,193.13,0.34,0.42,233.51,98.02,465.74,High Value,Medium Risk
15720511,Germany,Male,41,151191.31,1,1,1.18,242.04,0.34,0.16,291.47,47.25,277.71,High Value,Medium Risk
15567246,Germany,Male,32,102630.13,2,5,0.03,280.56,0.0,0.0,290.41,0.0,0.0,Below Average,High Risk
15647965,France,Female,57,114023.64,2,15,3.54,227.91,0.0,0.0,230.57,0.0,0.01,Above Average,High Risk
15679048,Germany,Male,41,124227.14,1,2,0.03,244.03,0.0,0.0,266.82,0.04,0.18,Above Average,High Risk
15675749,France,Female,23,0.0,2,1,0.03,206.93,0.01,0.02,249.87,3.98,19.92,High Value,High Risk
15782181,Spain,Male,35,80285.16,1,2,2.36,251.32,0.22,0.09,274.73,25.05,222.71,High Value,High Risk
15795738,France,Male,31,175477.15,1,5,0.03,315.64,0.0,0.0,326.62,0.0,0.0,Below Average,High Risk
15655436,Germany,Male,47,136911.07,1,2,0.79,328.98,0.23,0.25,358.97,89.46,465.74,High Value,High Risk
15691396,Germany,Male,31,133299.67,2,8,0.03,198.6,0.0,0.0,203.06,0.0,0.0,Below Average,High Risk
15796958,France,Male,39,0.0,2,3,0.03,195.83,0.0,0.0,207.96,0.0,0.0,Average,High Risk
15801832,Germany,Male,42,117691.0,1,1,0.39,281.47,0.34,0.42,338.2,141.96,465.74,High Value,Medium Risk
15661349,France,Male,35,0.0,2,4,0.03,188.33,0.0,0.0,197.0,0.0,0.0,Below Average,High Risk
15719265,France,Male,46,0.0,2,3,0.03,175.13,0.0,0.0,186.13,0.0,0.0,Below Average,High Risk
15779985,Germany,Female,37,133199.71,2,1,0.03,302.1,0.01,0.02,362.64,5.78,28.91,High Value,High Risk
15663410,Spain,Male,51,135506.58,3,10,1.97,309.76,0.0,0.0,315.07,0.35,1.76,Above Average,High Risk
15704144,Germany,Male,33,127154.14,2,3,0.03,320.39,0.0,0.0,339.36,0.0,0.01,Above Average,High Risk
15774104,Spain,Male,39,0.0,2,3,0.03,160.13,0.0,0.0,170.3,0.0,0.0,Average,High Risk
15812230,Germany,Female,42,49508.79,3,10,0.03,271.5,0.0,0.0,276.2,0.0,0.0,Below Average,High Risk
15742848,France,Male,41,0.0,1,7,0.03,200.33,0.0,0.0,205.48,0.0,0.0,Below Average,High Risk
15745326,France,Female,62,75051.49,1,1,1.18,249.67,0.34,0.16,300.52,48.71,286.32,High Value,Medium Risk
15674541,Spain,Male,52,123925.23,1,2,3.15,251.62,0.22,0.07,275.05,19.05,169.49,High Value,High Risk
15728564,France,Male,41,0.0,2,10,2.36,203.03,0.0,0.0,206.65,0.19,0.97,Above Average,High Risk
15580701,France,Male,33,153819.58,1,1,1.18,291.66,0.34,0.16,350.27,56.78,333.73,High Value,Medium Risk
15688973,Spain,Female,39,0.0,2,8,0.03,177.83,0.0,0.0,181.87,0.0,0.0,Below Average,High Risk
15709412,Spain,Male,30,0.0,2,10,0.03,231.23,0.0,0.0,235.3,0.0,0.0,Low Value,High Risk
15607753,Spain,Female,23,70417.79,1,14,0.03,254.65,0.0,0.0,257.8,0.0,0.0,Low Value,High Risk
15705352,Spain,Male,38,111484.88,1,10,0.03,281.71,0.0,0.0,286.58,0.0,0.0,Low Value,High Risk
15602500,Spain,Male,38,146343.98,1,1,0.03,332.72,0.01,0.02,398.94,6.36,31.81,High Value,High Risk
15672437,France,Male,72,160541.0,2,1,0.03,298.44,0.01,0.02,358.31,5.71,28.57,High Value,High Risk
15730796,France,Female,21,98993.02,1,10,0.03,263.22,0.0,0.0,267.79,0.0,0.0,Low Value,High Risk
15663883,Germany,Male,32,141827.33,2,15,0.03,332.52,0.0,0.0,336.28,0.0,0.0,Low Value,High Risk
15589296,France,Female,40,110054.45,1,8,0.03,293.02,0.0,0.0,299.36,0.0,0.0,Below Average,High Risk
15586425,France,Male,28,0.0,2,6,0.03,172.13,0.0,0.0,177.4,0.0,0.0,Below Average,High Risk
15681410,Germany,Female,36,98088.09,1,8,2.36,318.96,0.0,0.0,325.81,1.32,6.6,Above Average,High Risk
15668283,France,Male,48,118317.27,4,5,3.54,268.91,0.03,0.02,278.38,5.38,26.89,High Value,High Risk
15624072,Spain,Male,22,0.0,2,4,0.03,199.13,0.0,0.0,208.24,0.0,0.0,Below Average,High Risk
15682728,France,Female,32,0.0,2,1,0.03,230.63,0.0,0.0,277.95,0.15,0.76,Above Average,High Risk
15733661,Spain,Female,27,133806.54,2,3,0.03,268.83,0.0,0.0,284.97,0.0,0.0,Average,High Risk
15763327,France,Male,32,124993.29,2,13,0.03,327.17,0.0,0.0,331.46,0.0,0.0,Low Value,High Risk
15639303,Germany,Male,48,126111.61,1,7,0.03,253.43,0.0,0.0,259.79,0.0,0.0,Below Average,High Risk
15691011,France,Male,42,161651.37,2,15,0.03,255.69,0.0,0.0,258.64,0.0,0.0,Low Value,High Risk
15638513,France,Female,40,142856.95,2,3,0.03,294.46,0.0,0.0,312.01,0.0,0.0,Average,High Risk
15648933,Germany,Male,44,111100.98,1,4,1.18,325.19,0.07,0.09,339.42,31.03,155.17,High Value,High Risk
15628904,Spain,Male,35,102918.38,1,11,0.03,295.28,0.0,0.0,299.89,0.0,0.0,Low Value,High Risk
15644788,France,Female,30,0.0,2,2,0.03,217.73,0.0,0.0,238.3,0.0,0.01,Above Average,High Risk
15598161,France,Male,47,0.0,2,4,0.03,194.63,0.0,0.0,203.56,0.0,0.0,Below Average,High Risk
15745624,France,Male,37,0.0,2,1,0.03,246.83,0.0,0.0,297.15,0.16,0.81,Above Average,High Risk
15733169,Spain,Male,22,125265.61,1,10,0.03,253.69,0.0,0.0,258.11,0.0,0.0,Low Value,High Risk
15801417,France,Male,37,82500.28,1,5,0.03,271.0,0.0,0.0,280.55,0.0,0.0,Below Average,High Risk
15592707,Germany,Female,64,175754.87,2,3,0.03,255.75,0.0,0.0,271.17,0.0,0.01,Above Average,High Risk
15593954,France,Female,47,109387.33,1,2,0.03,230.58,0.0,0.0,252.24,0.0,0.0,Average,High Risk
15714431,France,Male,37,100443.36,2,1,0.03,243.52,0.01,0.02,293.22,4.68,23.38,High Value,High Risk
15690939,Spain,Male,28,0.0,1,10,0.03,170.93,0.0,0.0,174.04,0.0,0.0,Low Value,High Risk
15723613,France,Female,28,0.0,2,1,0.03,185.33,0.0,0.0,224.27,0.12,0.61,Above Average,High Risk
15813640,France,Female,40,0.0,2,3,0.03,191.03,0.0,0.0,202.9,0.0,0.0,Average,High Risk
15588918,France,Female,42,0.0,2,2,0.03,199.73,0.0,0.0,218.77,0.0,0.0,Average,High Risk
15747014,France,Female,28,105245.34,1,1,0.03,330.53,0.01,0.02,396.33,6.32,31.6,High Value,High Risk
15809830,France,Male,50,0.0,2,13,0.03,187.43,0.0,0.0,190.02,0.0,0.0,Low Value,High Risk
15662245,France,Male,32,0.0,2,1,0.03,174.83,0.01,0.02,211.83,3.38,16.89,High Value,High Risk
15651075,Germany,Male,35,142296.13,1,4,0.03,246.14,0.0,0.0,257.16,0.0,0.0,Average,High Risk
15594456,Spain,Female,56,99097.33,1,5,1.57,304.63,0.03,0.04,315.25,13.09,65.43,High Value,High Risk
15583462,France,Male,28,171069.39,2,8,0.03,287.27,0.0,0.0,293.48,0.0,0.0,Below Average,High Risk
15757661,France,Female,39,0.0,2,3,0.03,175.13,0.0,0.0,186.13,0.0,0.0,Average,High Risk
15729117,France,Female,31,102523.88,1,1,0.03,257.45,0.01,0.02,309.74,4.94,24.69,High Value,High Risk
15749671,France,Male,35,0.0,2,10,0.03,236.63,0.0,0.0,240.78,0.0,0.0,Low Value,High Risk
15566253,Germany,Male,44,143391.07,1,3,3.54,251.59,0.13,0.05,266.78,13.15,131.5,High Value,High Risk
15595153,Germany,Female,44,106022.73,2,3,0.03,268.78,0.0,0.0,284.91,0.0,0.0,Average,High Risk
15674149,Germany,Male,36,128960.21,2,5,0.03,256.58,0.0,0.0,265.66,0.0,0.0,Below Average,High Risk
15797905,France,Female,48,0.0,2,3,0.03,203.03,0.0,0.0,215.56,0.0,0.0,Average,High Risk
15746028,France,Female,24,0.0,2,3,0.03,212.63,0.0,0.0,225.69,0.0,0.0,Average,High Risk
15582951,France,Female,25,126442.59,1,2,0.03,285.55,0.0,0.0,311.86,0.0,0.0,Average,High Risk
15638803,Spain,Female,32,0.0,2,2,0.03,218.33,0.0,0.0,238.95,0.0,0.01,Above Average,High Risk
15808283,France,Female,33,0.0,1,1,0.03,192.53,0.0,0.0,232.8,0.13,0.64,Above Average,High Risk
15733476,Germany,Male,30,73481.05,1,8,0.03,236.03,0.0,0.0,241.23,0.0,0.0,Below Average,High Risk
15633274,France,Male,34,160515.37,1,2,0.03,282.04,0.0,0.0,308.05,0.0,0.0,Average,High Risk
15582168,Germany,Female,61,149525.34,2,1,0.03,305.52,0.0,0.0,366.7,0.2,1.0,Above Average,High Risk
15660417,Germany,Female,43,120481.69,1,3,3.94,260.33,0.13,0.04,276.0,12.29,122.89,High Value,High Risk
15590199,Spain,Male,28,103421.32,1,1,0.03,285.71,0.01,0.02,343.22,5.47,27.36,High Value,High Risk
15641794,France,Male,33,135658.73,2,8,0.03,286.62,0.0,0.0,292.82,0.0,0.0,Below Average,High Risk
15779174,France,Female,36,0.0,2,3,0.03,133.73,0.0,0.0,142.45,0.0,0.0,Average,High Risk
15785547,France,Male,28,191402.82,2,3,0.03,279.01,0.0,0.0,295.71,0.0,0.0,Average,High Risk
15795124,Germany,Male,50,94504.35,1,12,0.03,292.61,0.0,0.0,296.8,0.0,0.0,Low Value,High Risk
15718912,Germany,Female,44,126147.84,1,7,1.97,259.13,0.01,0.01,265.62,2.55,12.74,Above Average,High Risk
15592028,France,Female,46,0.0,1,10,0.03,163.13,0.0,0.0,166.12,0.0,0.0,Low Value,High Risk
15580227,France,Male,33,0.0,2,2,0.03,239.33,0.0,0.0,261.73,0.0,0.0,Average,High Risk
15657830,France,Male,43,87624.03,2,1,0.03,273.21,0.0,0.0,328.4,0.18,0.9,Above Average,High Risk
15643819,France,Female,25,0.0,2,1,0.03,212.63,0.0,0.0,256.62,0.14,0.7,Above Average,High Risk
15754301,France,Male,39,0.0,1,1,0.03,209.63,0.0,0.0,253.07,0.08,0.4,Above Average,High Risk
15726855,Germany,Female,45,116585.97,1,3,3.54,317.71,0.13,0.05,336.53,16.59,165.88,High Value,High Risk
15755225,Germany,Male,34,134464.58,2,3,0.03,274.86,0.0,0.0,291.33,0.0,0.0,Average,High Risk
15725221,Germany,Male,62,83008.31,1,14,0.03,310.34,0.0,0.0,314.13,0.0,0.0,Low Value,High Risk
15617507,Spain,Female,36,0.0,2,3,0.03,157.43,0.0,0.0,167.45,0.0,0.0,Average,High Risk
15668894,Germany,Male,41,122552.48,2,8,0.03,274.84,0.0,0.0,280.81,0.0,0.0,Below Average,High Risk
15693162,France,Female,29,99713.87,1,1,0.03,283.37,0.0,0.0,340.45,0.11,0.53,Above Average,High Risk
15750099,France,Female,36,0.0,1,2,0.03,217.73,0.0,0.0,238.3,0.0,0.0,Average,High Risk
15795540,France,Female,36,134208.22,1,2,0.03,243.95,0.0,0.0,266.73,0.04,0.18,Above Average,High Risk
15611848,Germany,Male,32,137714.25,1,4,0.03,332.32,0.0,0.0,346.84,0.0,0.0,Average,High Risk
15581237,Spain,Male,33,160777.9,1,1,0.03,250.25,0.01,0.02,301.2,4.8,24.01,High Value,High Risk
15738150,France,Male,45,0.0,2,8,0.03,175.73,0.0,0.0,179.73,0.0,0.0,Below Average,High Risk
15678571,France,Male,21,0.0,2,1,0.03,215.33,0.0,0.0,259.82,0.14,0.71,Above Average,High Risk
15736124,France,Male,25,102585.88,2,1,0.03,260.46,0.01,0.02,313.3,5.0,24.98,High Value,High Risk
15623202,Germany,Female,39,102556.18,2,4,3.94,286.55,0.07,0.03,299.21,8.84,44.22,High Value,High Risk
15804201,Germany,Male,42,126772.57,1,5,0.03,213.87,0.0,0.0,221.57,0.0,0.0,Below Average,High Risk
15596863,Germany,Female,38,158373.23,1,4,0.03,314.35,0.0,0.0,328.14,0.0,0.0,Average,High Risk
15696277,France,Female,34,0.0,2,3,0.03,193.73,0.0,0.0,205.75,0.0,0.0,Below Average,High Risk
15748608,Germany,Male,42,141927.1,1,7,0.03,261.12,0.0,0.0,267.65,0.0,0.0,Below Average,High Risk
15802390,France,Female,34,0.0,2,3,0.03,215.63,0.0,0.0,228.85,0.0,0.01,Average,High Risk
15774336,Germany,Male,44,111369.79,2,15,0.03,270.3,0.0,0.0,273.41,0.0,0.0,Low Value,High Risk
15648766,Spain,Male,35,116969.35,1,1,0.03,246.93,0.0,0.0,297.27,0.33,1.66,Above Average,High Risk
15659094,Germany,Female,34,136729.51,2,3,0.03,306.77,0.0,0.0,324.99,0.0,0.0,Average,High Risk
15606397,Germany,Female,44,152086.15,1,1,0.39,251.08,0.34,0.42,302.19,126.85,465.74,High Value,Medium Risk
15753837,Spain,Male,38,0.0,2,6,0.03,170.33,0.0,0.0,175.55,0.0,0.0,Below Average,High Risk
15783882,Spain,Female,41,0.0,2,8,0.03,229.73,0.0,0.0,234.81,0.0,0.0,Below Average,High Risk
15799790,France,Male,35,0.0,1,12,0.03,227.33,0.0,0.0,230.66,0.0,0.0,Low Value,High Risk
15628155,France,Female,35,117183.74,1,10,0.03,199.24,0.0,0.0,202.8,0.0,0.0,Low Value,High Risk
15703778,France,Male,33,129907.63,1,11,0.03,295.33,0.0,0.0,299.94,0.0,0.0,Low Value,High Risk
15722322,Spain,Female,78,0.0,2,3,0.03,229.93,0.0,0.0,243.94,0.0,0.01,Average,High Risk
15639278,Germany,Female,36,145387.32,2,10,2.36,251.68,0.0,0.0,256.07,0.24,1.21,Above Average,High Risk
15568487,France,Male,35,124616.23,1,10,0.03,290.25,0.0,0.0,295.26,0.0,0.0,Low Value,High Risk
15682084,France,Male,31,0.0,2,3,0.03,202.43,0.0,0.0,214.93,0.0,0.0,Below Average,High Risk
15642821,Spain,Female,48,95808.19,1,2,3.15,189.8,0.22,0.07,208.0,14.41,128.17,High Value,High Risk
15601387,France,Male,35,0.0,2,4,0.03,214.73,0.0,0.0,224.48,0.0,0.0,Below Average,High Risk
15642515,France,Female,42,0.0,2,1,0.03,184.43,0.01,0.02,223.2,3.56,17.8,High Value,High Risk
15710421,Spain,Female,36,117152.3,1,2,0.03,308.44,0.0,0.0,336.69,0.0,0.0,Average,High Risk
15726774,France,Male,35,106250.72,1,1,0.03,244.49,0.0,0.0,294.38,0.33,1.65,Above Average,High Risk
15649078,Germany,Female,27,111837.78,2,13,0.03,330.93,0.0,0.0,335.26,0.0,0.0,Low Value,High Risk
15641877,France,Male,47,97023.21,1,12,0.03,279.28,0.0,0.0,283.3,0.0,0.0,Low Value,High Risk
15796496,France,Female,31,137687.72,1,2,0.03,266.62,0.0,0.0,291.32,0.0,0.0,Average,High Risk
15815690,Spain,Female,40,113348.5,1,4,0.03,260.22,0.0,0.0,271.81,0.0,0.0,Average,High Risk
15631739,Spain,Male,24,122109.78,1,14,0.03,287.72,0.0,0.0,291.25,0.0,0.0,Low Value,High Risk
15802466,France,Female,53,0.0,2,12,0.03,162.38,0.0,0.0,164.85,0.0,0.0,Low Value,High Risk
15575759,Spain,Female,40,54428.37,1,1,1.18,246.03,0.34,0.16,296.2,48.01,282.21,High Value,Medium Risk
15567442,France,Female,75,0.0,2,5,0.03,226.48,0.0,0.0,234.59,0.0,0.0,Below Average,High Risk
15746805,France,Male,33,0.0,2,3,0.03,177.53,0.0,0.0,188.66,0.0,0.0,Below Average,High Risk
15653784,France,Male,37,125190.86,1,2,0.03,264.78,0.0,0.0,289.33,0.04,0.19,Above Average,High Risk
15693543,France,Female,33,0.0,2,13,0.03,210.83,0.0,0.0,213.7,0.0,0.0,Low Value,High Risk
15773283,France,Male,65,38340.02,1,2,2.36,279.85,0.22,0.09,305.67,27.87,247.79,High Value,High Risk
15742534,Germany,Female,28,123802.98,2,3,0.03,234.71,0.0,0.0,248.97,0.0,0.01,Average,High Risk
15569878,France,Male,37,96651.03,1,4,0.03,252.56,0.0,0.0,263.84,0.0,0.0,Average,High Risk
15729454,France,Male,33,0.0,2,3,0.03,137.93,0.0,0.0,146.88,0.0,0.0,Below Average,High Risk
15578375,France,Male,39,0.0,2,2,0.03,186.83,0.0,0.0,204.78,0.0,0.0,Average,High Risk
15649414,France,Female,61,142105.35,1,8,0.03,262.28,0.0,0.0,268.0,0.0,0.0,Below Average,High Risk
15686696,France,Female,37,81070.34,2,2,0.03,318.89,0.0,0.0,348.02,0.0,0.01,Average,High Risk
15625586,France,Male,35,0.0,1,5,0.03,213.53,0.0,0.0,221.23,0.0,0.0,Below Average,High Risk
15782993,France,Male,51,123401.43,2,17,0.03,265.04,0.0,0.0,267.73,0.0,0.0,Low Value,High Risk
15774382,Germany,Male,49,169377.31,1,5,0.03,252.4,0.0,0.0,261.34,0.0,0.0,Below Average,High Risk
15689602,France,Male,38,130015.24,1,2,0.03,286.34,0.0,0.0,312.71,0.04,0.21,Above Average,High Risk
15756155,France,Male,32,0.0,2,6,0.03,191.93,0.0,0.0,197.73,0.0,0.0,Below Average,High Risk
15812647,France,Male,34,133936.04,2,3,0.03,284.43,0.0,0.0,301.43,0.0,0.0,Average,High Risk
15736043,France,Male,34,114543.27,1,8,0.03,267.49,0.0,0.0,273.32,0.0,0.0,Below Average,High Risk
15696744,France,Female,31,119794.67,1,1,0.03,287.89,0.0,0.0,345.81,0.39,1.93,Above Average,High Risk
15602572,France,Male,33,0.0,2,15,0.03,214.43,0.0,0.0,216.95,0.0,0.0,Low Value,High Risk
15674765,Spain,Male,44,0.0,1,1,0.03,164.33,0.0,0.0,199.38,0.11,0.54,Above Average,High Risk
15678725,France,Female,29,0.0,2,13,0.03,195.83,0.0,0.0,198.52,0.0,0.0,Low Value,High Risk
15694444,Germany,Female,32,157138.99,3,4,3.15,272.6,0.07,0.04,284.69,10.43,52.15,High Value,High Risk
15795878,Spain,Male,45,0.0,2,5,0.03,189.23,0.0,0.0,196.14,0.0,0.0,Below Average,High Risk
15735346,Germany,Female,41,136733.24,1,14,0.03,235.37,0.0,0.0,238.31,0.0,0.0,Low Value,High Risk
15687094,Germany,Female,28,82498.14,2,3,0.03,289.0,0.0,0.0,306.25,0.0,0.0,Average,High Risk
15790067,Spain,Male,39,151914.93,1,1,0.03,262.17,0.0,0.0,315.33,0.35,1.76,Above Average,High Risk
15566740,Spain,Male,51,83739.32,1,4,0.03,251.35,0.0,0.0,262.58,0.0,0.0,Average,High Risk
15664897,France,Female,35,181166.44,1,2,0.79,283.75,0.23,0.25,309.9,77.24,465.74,High Value,High Risk
15585777,France,Male,38,130588.82,1,4,0.03,289.97,0.0,0.0,302.76,0.0,0.0,Average,High Risk
15650864,France,Male,42,0.0,2,2,0.03,150.53,0.0,0.0,165.4,0.0,0.0,Average,High Risk
15806709,Germany,Male,33,94126.67,1,2,0.03,257.48,0.0,0.0,281.41,0.0,0.0,Average,High Risk
15633818,France,Male,32,0.0,2,3,0.03,234.23,0.0,0.0,248.47,0.0,0.0,Below Average,High Risk
15713845,France,Male,38,148045.68,1,2,2.76,284.2,0.22,0.08,310.4,24.44,217.33,High Value,High Risk
15567013,Spain,Male,33,0.0,2,1,0.03,232.13,0.0,0.0,279.73,0.31,1.56,Above Average,High Risk
15777784,France,Female,44,168165.84,1,8,0.03,298.55,0.0,0.0,304.99,0.0,0.0,Below Average,High Risk
15800251,Germany,Female,26,72835.56,2,4,0.03,247.97,0.0,0.0,259.07,0.0,0.0,Below Average,High Risk
15651315,France,Male,41,0.0,2,1,0.03,186.53,0.0,0.0,225.69,0.25,1.26,Above Average,High Risk
15651450,Germany,Male,31,123212.08,2,5,0.03,276.38,0.0,0.0,286.1,0.0,0.0,Below Average,High Risk
15572398,Spain,Female,39,0.0,2,10,0.03,182.63,0.0,0.0,185.93,0.0,0.0,Low Value,High Risk
15707962,France,Male,40,119501.88,2,2,0.03,258.17,0.0,0.0,282.16,0.0,0.0,Average,High Risk
15705663,Germany,Female,39,144550.83,2,8,0.03,287.64,0.0,0.0,293.87,0.0,0.0,Below Average,High Risk
15645355,Germany,Male,34,126729.41,1,4,1.18,279.87,0.07,0.09,292.25,26.72,133.61,High Value,High Risk
15729557,Germany,Male,36,119984.07,1,1,1.97,331.4,0.34,0.1,397.37,40.03,235.49,High Value,Medium Risk
15631436,France,Male,35,0.0,1,1,0.03,167.63,0.0,0.0,203.29,0.11,0.56,Above Average,High Risk
15583073,Spain,Female,56,0.0,1,2,0.79,237.23,0.23,0.25,259.45,64.66,465.74,High Value,High Risk
15614361,Spain,Male,42,121490.05,1,12,0.03,262.48,0.0,0.0,266.28,0.0,0.0,Low Value,High Risk
15724684,Spain,Male,46,91897.8,1,1,0.03,257.62,0.0,0.0,309.94,0.1,0.48,Above Average,High Risk
15636541,Germany,Male,35,144961.97,1,7,0.03,282.56,0.0,0.0,289.58,0.0,0.0,Below Average,High Risk
15796015,Germany,Male,42,126041.02,1,4,0.03,266.63,0.0,0.0,278.48,0.0,0.0,Average,High Risk
15787222,Germany,Male,28,69459.05,2,1,0.03,275.56,0.01,0.02,331.19,5.28,26.41,High Value,High Risk
15594270,France,Male,38,198338.77,2,12,0.03,287.65,0.0,0.0,291.77,0.0,0.0,Low Value,High Risk
15645847,Germany,Male,35,109196.66,3,1,0.79,246.47,0.34,0.23,296.72,69.27,406.66,High Value,Medium Risk
15708867,Spain,Female,38,134168.5,3,1,1.18,282.35,0.34,0.16,339.24,54.99,323.21,High Value,Medium Risk
15613140,France,Male,34,0.0,1,8,0.03,167.93,0.0,0.0,171.78,0.0,0.0,Below Average,High Risk
15628893,France,Male,29,0.0,1,2,0.03,202.73,0.0,0.0,222.03,0.0,0.0,Average,High Risk
15764073,Spain,Female,36,0.0,2,15,0.03,149.33,0.0,0.0,151.17,0.0,0.0,Low Value,High Risk
15782879,France,Male,40,0.0,2,3,0.03,195.23,0.0,0.0,207.33,0.0,0.0,Average,High Risk
15635964,Germany,Male,65,120100.41,1,1,1.57,264.96,0.34,0.12,318.63,39.58,232.8,High Value,Medium Risk
15726087,France,Female,62,0.0,1,7,0.03,191.03,0.0,0.0,195.96,0.0,0.0,Below Average,High Risk
15726313,Spain,Female,50,0.0,2,2,0.03,204.53,0.0,0.0,223.98,0.0,0.01,Above Average,High Risk
15578073,Spain,Male,22,0.0,2,3,0.03,204.23,0.0,0.0,216.82,0.0,0.0,Average,High Risk
15812850,Spain,Male,67,0.0,2,8,0.03,167.88,0.0,0.0,171.72,0.0,0.0,Below Average,High Risk
15596972,France,Male,38,0.0,1,1,0.03,158.63,0.0,0.0,192.63,0.22,1.08,Above Average,High Risk
15620579,Spain,Female,31,0.0,2,13,0.03,206.93,0.0,0.0,209.75,0.0,0.0,Low Value,High Risk
15768270,Spain,Female,31,0.0,2,3,0.03,172.13,0.0,0.0,182.96,0.0,0.0,Below Average,High Risk
15656597,Germany,Male,38,135559.8,2,3,0.03,206.81,0.0,0.0,219.55,0.0,0.01,Average,High Risk
15699446,Germany,Female,25,150355.35,2,3,0.03,322.7,0.0,0.0,341.8,0.0,0.01,Above Average,High Risk
15615004,France,Female,37,0.0,2,1,0.03,217.43,0.01,0.02,262.31,4.18,20.91,High Value,High Risk
15704771,France,Female,35,133489.12,2,10,0.03,255.01,0.0,0.0,259.45,0.0,0.0,Low Value,High Risk
15588372,Germany,Female,37,105489.31,1,3,3.54,290.04,0.13,0.05,307.35,15.15,151.49,High Value,High Risk
15681439,Germany,Male,25,60205.2,2,4,0.03,304.3,0.0,0.0,317.68,0.0,0.0,Below Average,High Risk
15607509,France,Male,38,0.0,2,2,0.03,160.13,0.0,0.0,175.82,0.0,0.0,Average,High Risk
15670343,Spain,Male,19,0.0,2,2,0.03,171.23,0.0,0.0,187.86,0.0,0.0,Average,High Risk
15597968,Spain,Male,50,0.0,1,2,2.76,183.53,0.22,0.08,201.2,15.84,140.88,High Value,High Risk
15658432,France,Male,40,0.0,1,8,0.03,204.83,0.0,0.0,209.41,0.0,0.0,Below Average,High Risk
15616431,France,Male,33,0.0,1,5,0.03,180.83,0.0,0.0,187.47,0.0,0.0,Below Average,High Risk
15796957,Spain,Male,35,0.0,3,18,3.54,177.53,0.0,0.0,179.31,0.0,0.0,Average,High Risk
15815552,France,Female,42,112333.63,1,8,0.03,276.96,0.0,0.0,282.97,0.0,0.0,Below Average,High Risk
15631871,Germany,Female,57,116936.81,1,10,0.03,269.78,0.0,0.0,274.46,0.0,0.0,Low Value,High Risk
15635870,Germany,Female,50,117721.02,1,7,1.97,249.97,0.01,0.01,256.25,2.46,12.29,Above Average,High Risk
15596713,France,Male,37,165896.22,2,12,0.03,314.36,0.0,0.0,318.84,0.0,0.0,Low Value,High Risk
15684211,Spain,Female,44,153656.85,1,3,0.03,289.25,0.0,0.0,306.51,0.0,0.0,Average,High Risk
15760521,France,Female,50,94164.0,1,1,0.03,313.59,0.01,0.02,376.26,6.0,30.0,High Value,High Risk
15730272,France,Male,58,152199.33,1,7,0.03,273.69,0.0,0.0,280.5,0.0,0.0,Below Average,High Risk
15741988,Germany,Female,52,125396.24,1,2,3.15,226.79,0.22,0.07,248.13,17.19,152.9,High Value,High Risk
15771728,Germany,Male,41,104405.54,3,3,0.03,267.77,0.0,0.0,283.85,0.0,0.0,Average,High Risk
15605113,France,Female,27,133801.49,1,1,0.03,232.53,0.01,0.02,280.2,4.47,22.34,High Value,High Risk
15661945,Spain,Female,40,0.0,3,2,0.03,185.33,0.0,0.0,203.15,0.0,0.01,Above Average,High Risk
15783816,France,Female,28,0.0,2,2,0.03,218.33,0.0,0.0,238.95,0.0,0.01,Above Average,High Risk
15721207,Germany,Male,42,100047.33,1,2,0.03,262.69,0.0,0.0,287.06,0.0,0.0,Average,High Risk
15764072,France,Female,31,109848.6,1,1,0.03,303.51,0.01,0.02,364.32,5.81,29.05,High Value,High Risk
15689412,France,Female,32,127849.38,1,2,0.03,258.02,0.0,0.0,282.0,0.0,0.0,Average,High Risk
15798385,Spain,Female,46,0.0,2,5,0.03,152.03,0.0,0.0,157.74,0.0,0.0,Below Average,High Risk
15775339,France,Female,29,95947.76,1,2,0.03,230.91,0.0,0.0,252.59,0.0,0.0,Average,High Risk
15585256,Spain,Male,26,0.0,2,3,0.03,239.93,0.0,0.0,254.48,0.0,0.01,Average,High Risk
15797329,France,Male,43,137638.69,1,1,1.57,265.12,0.34,0.12,318.82,39.61,232.94,High Value,Medium Risk
15780220,France,Male,38,0.0,1,14,0.03,195.23,0.0,0.0,197.72,0.0,0.0,Low Value,High Risk
15648951,Spain,Male,41,0.0,2,12,0.03,233.93,0.0,0.0,237.35,0.0,0.0,Low Value,High Risk
15752409,France,Male,31,0.0,2,2,0.03,164.33,0.0,0.0,180.37,0.0,0.0,Average,High Risk
15807524,France,Female,44,0.0,2,1,0.03,169.13,0.0,0.0,205.07,0.11,0.56,Above Average,High Risk
15766649,France,Male,38,89416.99,1,3,0.03,275.44,0.0,0.0,291.94,0.0,0.0,Below Average,High Risk
15696812,Spain,Male,42,0.0,2,10,0.03,174.23,0.0,0.0,177.39,0.0,0.0,Low Value,High Risk
15663234,France,Female,60,143262.04,1,10,0.03,242.48,0.0,0.0,246.73,0.0,0.0,Low Value,High Risk
15741417,Spain,Female,35,119656.45,2,12,0.03,263.58,0.0,0.0,267.39,0.0,0.0,Low Value,High Risk
15695174,France,Male,29,132954.64,1,5,0.03,273.29,0.0,0.0,282.9,0.0,0.0,Below Average,High Risk
15665168,Germany,Female,44,105206.7,2,5,0.03,279.82,0.0,0.0,289.65,0.0,0.0,Below Average,High Risk
15601503,Spain,Male,28,0.0,2,1,0.03,171.83,0.0,0.0,208.27,0.11,0.57,Above Average,High Risk
15706131,Spain,Female,37,83061.26,2,3,0.03,260.25,0.0,0.0,275.92,0.0,0.0,Average,High Risk
15782758,France,Male,40,147650.68,1,7,0.03,267.38,0.0,0.0,274.06,0.0,0.0,Below Average,High Risk
15591091,France,Male,44,73348.56,1,1,1.97,266.32,0.34,0.1,320.24,32.26,189.78,High Value,Medium Risk
15746662,Spain,Female,27,116320.68,1,1,0.03,246.59,0.01,0.02,296.87,4.73,23.67,High Value,High Risk
15626679,France,Male,33,0.0,2,5,0.03,173.63,0.0,0.0,180.04,0.0,0.0,Below Average,High Risk
15793343,France,Female,29,0.0,2,13,0.03,163.13,0.0,0.0,165.42,0.0,0.0,Low Value,High Risk
15576774,France,Female,38,0.0,2,3,0.03,217.13,0.0,0.0,230.43,0.0,0.0,Average,High Risk
15801316,France,Male,61,66250.71,1,11,0.03,243.09,0.0,0.0,246.95,0.0,0.0,Low Value,High Risk
15737778,Spain,Female,41,0.0,1,1,0.03,233.03,0.0,0.0,280.8,0.15,0.77,Above Average,High Risk
15782096,Spain,Female,36,0.0,1,8,2.36,183.23,0.0,0.0,187.38,0.76,3.79,Above Average,High Risk
15783522,Spain,Female,37,100565.94,1,11,0.03,296.62,0.0,0.0,301.26,0.0,0.0,Low Value,High Risk
15785373,Spain,Female,42,190305.78,1,1,1.97,294.58,0.34,0.1,353.73,35.63,209.62,High Value,Medium Risk
15756272,Germany,Female,35,118536.4,1,3,3.54,234.12,0.13,0.05,248.35,12.24,122.41,High Value,High Risk
15615245,France,Male,19,127649.64,1,7,0.03,274.81,0.0,0.0,281.66,0.0,0.0,Below Average,High Risk
15600174,France,Male,35,165358.77,1,10,0.03,236.04,0.0,0.0,240.18,0.0,0.0,Low Value,High Risk
15752956,Spain,Male,29,0.0,2,10,0.03,187.13,0.0,0.0,190.5,0.0,0.0,Low Value,High Risk
15644882,Germany,Female,36,78249.53,1,3,0.03,258.35,0.0,0.0,273.91,0.0,0.0,Below Average,High Risk
15800620,France,Female,29,0.0,2,3,0.03,205.73,0.0,0.0,218.41,0.0,0.0,Below Average,High Risk
15747458,Spain,Female,43,133214.88,2,5,0.03,280.2,0.0,0.0,290.04,0.0,0.0,Below Average,High Risk
15573171,Spain,Male,63,146202.93,1,1,0.39,302.47,0.34,0.42,363.08,152.41,465.74,High Value,Medium Risk
15736769,France,Female,27,0.0,2,3,0.03,197.33,0.0,0.0,209.55,0.0,0.0,Below Average,High Risk
15814430,Spain,Male,41,0.0,1,3,3.54,222.53,0.13,0.05,236.13,11.64,116.39,High Value,High Risk
15737133,Spain,Male,68,114386.85,1,5,0.03,310.38,0.0,0.0,321.2,0.0,0.0,Below Average,High Risk
15613945,France,Female,26,0.0,2,2,0.03,140.03,0.0,0.0,154.02,0.0,0.0,Average,High Risk
15659937,France,Female,40,0.0,2,12,0.03,209.33,0.0,0.0,212.42,0.0,0.0,Low Value,High Risk
15661723,Spain,Male,71,137260.78,1,5,1.57,303.65,0.03,0.04,314.25,13.04,65.22,High Value,High Risk
15766064,France,Male,33,111060.05,2,3,0.03,243.59,0.0,0.0,258.34,0.0,0.0,Below Average,High Risk
15649616,Spain,Male,60,124447.73,1,10,2.76,279.94,0.0,0.0,284.78,0.23,1.16,Above Average,High Risk
15719017,France,Female,34,0.0,2,13,0.03,200.03,0.0,0.0,202.77,0.0,0.0,Low Value,High Risk
15720919,France,Male,42,0.0,1,10,2.76,198.53,0.0,0.0,202.08,0.16,0.82,Above Average,High Risk
15706706,Germany,Male,33,135310.41,2,12,0.03,271.6,0.0,0.0,275.51,0.0,0.0,Low Value,High Risk
15709653,France,Male,32,0.0,2,3,0.03,147.53,0.0,0.0,157.01,0.0,0.0,Below Average,High Risk
15805104,France,Female,73,0.0,2,10,0.03,250.08,0.0,0.0,254.45,0.0,0.0,Low Value,High Risk
15622442,France,Male,29,0.0,2,2,0.03,184.13,0.0,0.0,201.85,0.0,0.01,Average,High Risk
15572801,Spain,Male,34,139393.19,2,2,0.03,269.1,0.0,0.0,294.01,0.0,0.01,Above Average,High Risk
15767598,Spain,Male,28,0.0,2,3,0.03,160.43,0.0,0.0,170.62,0.0,0.0,Average,High Risk
15757897,France,Female,26,104258.8,1,4,0.03,305.26,0.0,0.0,318.68,0.0,0.0,Average,High Risk
15568104,France,Female,26,0.0,2,10,0.03,223.13,0.0,0.0,227.07,0.0,0.0,Low Value,High Risk
15763414,Germany,Male,32,113447.01,1,3,0.03,272.53,0.0,0.0,288.87,0.0,0.0,Average,High Risk
15732265,France,Male,33,0.0,2,3,0.03,187.43,0.0,0.0,199.1,0.0,0.0,Below Average,High Risk
15621974,Germany,Female,33,111063.73,2,1,0.03,309.29,0.0,0.0,371.16,0.2,1.01,Above Average,High Risk
15803947,Germany,Female,30,161378.02,1,2,2.36,305.48,0.22,0.09,333.47,30.4,270.33,High Value,High Risk
15720706,Spain,Female,39,82766.43,1,2,0.03,232.63,0.0,0.0,254.45,0.03,0.17,Above Average,High Risk
15759290,Spain,Male,29,0.0,2,3,0.03,184.43,0.0,0.0,195.94,0.0,0.0,Below Average,High Risk
15795132,France,Female,25,91718.8,1,1,0.03,295.11,0.0,0.0,354.36,0.4,1.98,Above Average,High Risk
15811565,Spain,Female,47,63488.7,1,4,1.18,283.66,0.07,0.09,296.2,27.08,135.41,High Value,High Risk
15713774,Spain,Female,46,12459.19,1,2,2.36,254.5,0.22,0.09,278.18,25.36,225.51,High Value,High Risk
15691840,Germany,Female,37,159863.9,2,10,0.03,229.81,0.0,0.0,233.86,0.0,0.0,Low Value,High Risk
15682021,Germany,Male,23,104592.55,2,2,0.03,216.79,0.0,0.0,237.27,0.0,0.0,Average,High Risk
15612931,Spain,Female,50,132088.59,1,5,0.03,293.64,0.0,0.0,303.92,0.0,0.0,Below Average,High Risk
15676707,Spain,Female,39,0.0,2,1,0.03,171.53,0.0,0.0,207.92,0.11,0.57,Above Average,High Risk
15601383,Spain,Male,44,120654.68,1,1,0.03,299.64,0.0,0.0,359.73,0.11,0.56,Above Average,High Risk
15662662,France,Female,30,0.0,2,2,0.03,170.33,0.0,0.0,186.88,0.0,0.0,Average,High Risk
15752694,France,Female,32,83772.95,1,5,0.03,269.91,0.0,0.0,279.42,0.0,0.0,Below Average,High Risk
15590683,France,Female,31,172325.67,1,8,0.03,276.81,0.0,0.0,282.82,0.0,0.0,Below Average,High Risk
15773591,France,Male,46,117685.31,2,12,0.03,312.37,0.0,0.0,316.82,0.0,0.0,Low Value,High Risk
15723620,France,Male,41,0.0,2,12,0.03,183.53,0.0,0.0,186.28,0.0,0.0,Low Value,High Risk
15671779,France,Male,39,0.0,2,2,0.03,168.53,0.0,0.0,184.93,0.0,0.01,Average,High Risk
15672966,Spain,Female,64,0.0,2,15,0.03,220.53,0.0,0.0,223.12,0.0,0.0,Low Value,High Risk
15624667,France,Male,35,135871.5,1,8,0.03,282.43,0.0,0.0,288.55,0.0,0.0,Below Average,High Risk
15812888,France,Male,41,0.0,4,6,1.18,132.53,0.02,0.03,136.74,4.03,20.17,High Value,High Risk
15724154,Germany,Female,49,128504.76,1,1,1.57,264.36,0.34,0.12,317.92,39.49,232.28,High Value,Medium Risk
15749540,France,Male,36,0.0,2,3,0.03,173.93,0.0,0.0,184.86,0.0,0.0,Average,High Risk
15621063,France,Female,42,56228.25,1,2,0.03,226.15,0.0,0.0,247.42,0.0,0.0,Average,High Risk
15661626,Germany,Female,45,98792.4,1,2,2.36,294.71,0.22,0.09,321.79,29.34,260.86,High Value,High Risk
15698703,Germany,Male,40,181768.32,2,8,0.03,267.57,0.0,0.0,273.4,0.0,0.0,Below Average,High Risk
15801431,Spain,Female,48,101198.01,1,12,0.03,279.87,0.0,0.0,283.89,0.0,0.0,Low Value,High Risk
15649451,France,Male,25,0.0,2,15,0.03,222.23,0.0,0.0,224.83,0.0,0.0,Low Value,High Risk
15626156,France,Female,60,0.0,2,5,0.03,207.43,0.0,0.0,214.93,0.0,0.0,Below Average,High Risk
15606158,France,Female,39,0.0,1,3,0.03,191.63,0.0,0.0,203.53,0.0,0.0,Below Average,High Risk
15589496,France,Male,34,139064.06,2,2,0.03,310.78,0.0,0.0,339.23,0.0,0.01,Above Average,High Risk
15730345,France,Female,35,104508.1,1,2,0.03,260.58,0.0,0.0,284.77,0.04,0.19,Above Average,High Risk
15572038,Germany,Male,35,113948.58,1,3,3.54,274.06,0.13,0.05,290.48,14.32,143.18,High Value,High Risk
15643439,France,Male,47,0.0,2,17,0.03,159.53,0.0,0.0,161.24,0.0,0.0,Low Value,High Risk
15604158,France,Female,39,0.0,2,17,0.03,164.63,0.0,0.0,166.39,0.0,0.0,Low Value,High Risk
15657396,France,Male,31,0.0,2,15,0.03,240.23,0.0,0.0,243.02,0.0,0.0,Low Value,High Risk
15709478,Germany,Male,37,117524.72,2,1,0.03,259.56,0.01,0.02,312.24,4.98,24.89,High Value,High Risk
15628824,France,Female,37,160389.82,1,7,0.03,277.84,0.0,0.0,284.75,0.0,0.0,Below Average,High Risk
15814519,France,Female,37,0.0,2,3,0.03,192.83,0.0,0.0,204.8,0.0,0.0,Average,High Risk
15794414,Spain,Male,46,92783.68,1,8,0.03,226.79,0.0,0.0,231.8,0.0,0.0,Below Average,High Risk
15643671,Germany,Male,49,97036.22,2,2,1.97,283.79,0.23,0.11,309.94,33.57,298.35,High Value,High Risk
15700650,France,Male,34,0.0,2,1,0.03,202.73,0.0,0.0,244.89,0.27,1.37,Above Average,High Risk
15680224,France,Female,26,0.0,2,10,0.03,204.53,0.0,0.0,208.18,0.0,0.0,Low Value,High Risk
15784286,Spain,Male,40,102145.13,1,7,0.03,267.63,0.0,0.0,274.31,0.0,0.0,Below Average,High Risk
15764343,Spain,Female,46,155681.72,1,2,0.03,284.54,0.0,0.0,310.76,0.0,0.0,Average,High Risk
15704168,Germany,Male,38,127475.24,1,2,3.15,237.3,0.22,0.07,259.53,17.98,159.92,High Value,High Risk
15680197,France,Male,41,0.0,2,17,0.03,208.73,0.0,0.0,210.9,0.0,0.0,Low Value,High Risk
15633729,France,Male,43,112751.13,1,14,0.03,222.39,0.0,0.0,225.18,0.0,0.0,Low Value,High Risk
15577683,France,Female,29,0.0,2,6,0.03,160.13,0.0,0.0,165.08,0.0,0.0,Below Average,High Risk
15800746,France,Male,45,144889.18,1,10,2.76,279.86,0.0,0.0,284.7,0.23,1.16,Above Average,High Risk
15788686,Spain,Male,40,0.0,2,13,0.03,159.83,0.0,0.0,162.08,0.0,0.0,Low Value,High Risk
15742798,France,Female,22,150126.44,1,2,2.76,326.59,0.22,0.08,356.38,28.06,249.53,High Value,High Risk
15596647,France,Male,54,69712.74,1,11,0.03,308.18,0.0,0.0,312.98,0.0,0.0,Low Value,High Risk
15756070,Spain,Female,44,0.0,2,6,0.03,173.93,0.0,0.0,179.25,0.0,0.0,Below Average,High Risk
15775116,France,Male,31,0.0,2,1,0.03,172.73,0.0,0.0,209.34,0.23,1.17,Above Average,High Risk
15575428,Germany,Female,35,117438.92,2,3,0.03,280.86,0.0,0.0,297.66,0.0,0.01,Above Average,High Risk
15654074,France,Male,38,119315.75,1,2,0.03,272.26,0.0,0.0,297.45,0.0,0.0,Average,High Risk
15695872,France,Female,30,89571.59,1,1,0.03,288.05,0.01,0.02,346.0,5.52,27.59,High Value,High Risk
15568885,Germany,Female,34,102251.57,1,2,0.03,261.33,0.0,0.0,285.59,0.0,0.0,Average,High Risk
15725036,France,Male,42,118546.71,1,12,0.03,289.02,0.0,0.0,293.16,0.0,0.0,Low Value,High Risk
15632665,France,Male,61,0.0,1,2,0.79,261.78,0.23,0.25,286.08,71.3,465.74,High Value,High Risk
15776850,Spain,Female,43,124209.02,1,1,0.03,301.33,0.01,0.02,361.74,5.77,28.84,High Value,High Risk
15623649,Spain,Male,32,0.0,2,5,0.03,187.13,0.0,0.0,193.97,0.0,0.0,Below Average,High Risk
15751131,Spain,Female,41,150302.84,1,10,0.03,328.7,0.0,0.0,334.31,0.0,0.0,Low Value,High Risk
15688128,Spain,Male,34,108653.93,1,11,0.03,238.34,0.0,0.0,242.13,0.0,0.0,Low Value,High Risk
15678412,France,Female,45,85325.93,1,2,0.03,267.63,0.0,0.0,292.42,0.0,0.0,Average,High Risk
15770291,France,Female,29,0.0,2,3,0.03,251.63,0.0,0.0,266.83,0.0,0.0,Average,High Risk
15583392,Germany,Male,37,135776.36,3,4,3.54,301.33,0.07,0.03,314.59,10.29,51.46,High Value,High Risk
15690731,France,Male,40,131411.24,1,8,0.03,270.51,0.0,0.0,276.39,0.0,0.0,Below Average,High Risk
15697948,Spain,Female,36,0.0,2,5,0.03,224.03,0.0,0.0,232.06,0.0,0.0,Below Average,High Risk
15608328,Spain,Female,41,0.0,2,2,0.03,226.43,0.0,0.0,247.73,0.0,0.0,Average,High Risk
15766378,Germany,Female,45,106431.97,2,15,0.03,289.8,0.0,0.0,293.11,0.0,0.0,Low Value,High Risk
15600813,France,Male,50,90305.76,1,12,0.03,289.61,0.0,0.0,293.76,0.0,0.0,Low Value,High Risk
15706217,Germany,Male,28,117466.03,2,12,0.03,269.76,0.0,0.0,273.65,0.0,0.0,Low Value,High Risk
15601417,France,Male,32,148884.47,2,5,0.03,282.14,0.0,0.0,292.04,0.0,0.0,Below Average,High Risk
15610972,Germany,Female,44,91115.76,2,1,1.57,278.87,0.34,0.12,335.11,41.63,244.84,High Value,Medium Risk
15674620,Germany,Female,37,77373.87,2,13,0.03,277.18,0.0,0.0,280.85,0.0,0.0,Low Value,High Risk
15785350,Spain,Male,23,104744.89,1,2,0.03,233.9,0.0,0.0,255.83,0.0,0.0,Average,High Risk
15749119,France,Female,31,0.0,2,5,0.03,211.43,0.0,0.0,219.06,0.0,0.0,Below Average,High Risk
15756535,Germany,Male,39,91538.51,1,7,0.03,294.5,0.0,0.0,301.79,0.0,0.0,Below Average,High Risk
15700965,France,Female,32,0.0,2,10,0.03,215.63,0.0,0.0,219.45,0.0,0.0,Low Value,High Risk
15717156,France,Male,30,143396.54,2,5,0.03,233.59,0.0,0.0,241.93,0.0,0.0,Below Average,High Risk
15740846,France,Male,40,125909.85,1,7,0.03,243.52,0.0,0.0,249.65,0.0,0.0,Below Average,High Risk
15729083,France,Male,36,154525.7,1,2,0.03,280.29,0.0,0.0,306.15,0.04,0.21,Above Average,High Risk
15694381,France,Male,51,100654.8,1,2,0.03,265.78,0.0,0.0,290.41,0.0,0.0,Average,High Risk
15651737,Spain,Male,44,83325.77,1,1,0.03,260.87,0.01,0.02,313.79,5.0,25.02,High Value,High Risk
15663168,France,Male,35,110934.54,1,2,0.03,275.38,0.0,0.0,300.82,0.0,0.0,Average,High Risk
15643426,Spain,Female,36,113680.54,1,2,0.03,232.94,0.0,0.0,254.79,0.0,0.0,Average,High Risk
15717527,France,Female,49,145359.99,1,3,0.03,263.38,0.0,0.0,279.22,0.0,0.0,Average,High Risk
15793478,Germany,Female,39,151391.68,1,2,3.15,255.85,0.22,0.07,279.64,19.37,172.32,High Value,High Risk
15642248,Spain,Male,66,123935.35,1,11,0.03,279.02,0.0,0.0,283.4,0.0,0.0,Low Value,High Risk
15723950,Spain,Male,40,70291.02,1,2,0.79,278.04,0.23,0.25,303.71,75.69,465.74,High Value,High Risk
15590327,Germany,Female,42,166031.45,1,3,0.03,259.77,0.0,0.0,275.41,0.0,0.0,Below Average,High Risk
15706199,Germany,Male,36,96643.32,1,2,0.03,265.76,0.0,0.0,290.39,0.0,0.0,Average,High Risk
15671514,Spain,Female,33,0.0,2,13,0.03,199.13,0.0,0.0,201.86,0.0,0.0,Low Value,High Risk
15727041,France,Male,71,0.0,2,12,0.03,211.88,0.0,0.0,215.01,0.0,0.0,Low Value,High Risk
15738063,France,Male,29,0.0,2,3,0.03,187.73,0.0,0.0,199.42,0.0,0.0,Average,High Risk
15711733,France,Male,48,0.0,2,6,0.03,224.33,0.0,0.0,231.0,0.0,0.0,Below Average,High Risk
15652320,France,Male,40,0.0,2,2,0.03,174.83,0.0,0.0,191.76,0.0,0.01,Average,High Risk
15634180,Germany,Male,26,97268.1,2,1,0.03,293.7,0.0,0.0,352.69,0.19,0.96,Above Average,High Risk
15694566,France,Female,42,0.0,2,4,3.94,179.03,0.07,0.03,187.32,5.54,27.69,High Value,High Risk
15646351,Spain,Male,27,0.0,2,3,0.03,144.23,0.0,0.0,153.53,0.0,0.0,Average,High Risk
15730044,Germany,Female,42,64497.94,3,12,2.36,314.96,0.0,0.0,319.45,0.07,0.33,Above Average,High Risk
15795186,France,Male,38,0.0,1,1,0.03,167.03,0.0,0.0,202.58,0.06,0.32,Above Average,High Risk
15784890,Spain,Female,32,0.0,2,3,0.03,227.33,0.0,0.0,241.19,0.0,0.0,Average,High Risk
15694125,France,Male,57,0.0,2,8,0.03,207.88,0.0,0.0,212.52,0.0,0.0,Below Average,High Risk
15565891,France,Male,39,0.0,2,3,0.03,211.13,0.0,0.0,224.1,0.0,0.0,Average,High Risk
15674254,Spain,Female,45,0.0,2,6,0.03,164.63,0.0,0.0,169.7,0.0,0.0,Below Average,High Risk
15775206,France,Male,37,0.0,2,4,0.03,208.13,0.0,0.0,217.61,0.0,0.0,Below Average,High Risk
15649853,France,Female,45,0.0,1,4,1.18,185.93,0.07,0.09,194.51,17.78,88.92,High Value,High Risk
15610379,France,Male,30,105443.68,1,12,0.03,255.24,0.0,0.0,258.94,0.0,0.0,Low Value,High Risk
15659800,Spain,Female,50,0.0,1,1,0.39,173.63,0.34,0.42,210.4,88.32,465.74,High Value,Medium Risk
15716236,France,Male,35,0.0,2,4,0.03,148.13,0.0,0.0,155.17,0.0,0.0,Below Average,High Risk
15663933,Germany,Female,35,86147.46,2,2,1.97,261.69,0.23,0.11,285.98,30.98,275.28,High Value,High Risk
15814236,Spain,Female,38,96939.06,1,1,0.03,236.08,0.01,0.02,284.41,4.54,22.68,High Value,High Risk
15583597,Spain,Male,47,106758.6,1,1,0.03,284.42,0.01,0.02,341.7,5.45,27.24,High Value,High Risk
15607395,France,Female,33,112528.65,2,3,0.03,279.67,0.0,0.0,296.41,0.0,0.0,Average,High Risk
15744109,France,Male,32,0.0,1,5,0.03,253.43,0.0,0.0,262.41,0.0,0.0,Below Average,High Risk
15800688,Spain,Female,42,0.0,2,3,0.03,146.93,0.0,0.0,156.38,0.0,0.0,Average,High Risk
15810878,Spain,Female,38,141786.78,1,8,0.03,238.61,0.0,0.0,243.86,0.0,0.0,Below Average,High Risk
15587835,France,Male,41,136416.82,1,4,0.03,332.26,0.0,0.0,346.77,0.0,0.0,Average,High Risk
15763515,France,Male,30,0.0,2,2,0.03,152.33,0.0,0.0,167.36,0.0,0.0,Average,High Risk
15725882,Germany,Female,40,133245.52,2,1,0.03,262.5,0.01,0.02,315.72,5.03,25.17,High Value,High Risk
15788022,Germany,Female,41,90757.64,2,6,0.03,315.14,0.0,0.0,324.23,0.0,0.0,Below Average,High Risk
15663917,France,Male,43,92350.36,1,1,0.03,238.76,0.01,0.02,287.58,4.59,22.93,High Value,High Risk
15656865,Germany,Male,69,78778.49,1,12,0.03,281.25,0.0,0.0,285.28,0.0,0.0,Low Value,High Risk
15667971,Germany,Female,34,102143.93,2,10,0.03,252.93,0.0,0.0,257.34,0.0,0.0,Low Value,High Risk
15800366,France,Male,29,0.0,1,7,0.03,162.23,0.0,0.0,166.51,0.0,0.0,Below Average,High Risk
15717231,Germany,Male,37,98459.6,1,1,0.03,291.38,0.0,0.0,349.95,0.19,0.96,Above Average,High Risk
15643188,Germany,Female,47,114603.76,2,3,2.76,277.39,0.13,0.06,294.0,18.44,184.38,High Value,High Risk
15573628,Germany,Female,51,148074.79,1,2,2.76,304.35,0.22,0.08,332.25,26.16,232.64,High Value,High Risk
15698953,Spain,Male,36,0.0,3,2,0.39,189.23,0.23,0.44,207.38,92.13,465.74,High Value,High Risk
15753888,Spain,Female,62,108004.64,1,11,3.15,272.8,0.0,0.0,277.09,0.09,0.47,Above Average,High Risk
15801701,Spain,Male,35,0.0,2,15,0.03,194.33,0.0,0.0,196.64,0.0,0.0,Low Value,High Risk
15684419,Spain,Female,37,0.0,3,4,0.03,211.13,0.0,0.0,220.73,0.0,0.0,Below Average,High Risk
15794266,France,Male,32,145303.52,1,3,0.03,245.38,0.0,0.0,260.23,0.0,0.0,Below Average,High Risk
15810711,Germany,Male,37,138476.41,2,6,0.03,282.56,0.0,0.0,290.78,0.0,0.0,Below Average,High Risk
15771270,France,Female,27,127471.56,1,11,3.15,267.3,0.0,0.0,271.51,0.09,0.46,Above Average,High Risk
15607786,France,Male,26,156551.63,1,8,0.03,290.87,0.0,0.0,297.16,0.0,0.0,Below Average,High Risk
15624519,Germany,Female,49,97092.87,1,3,3.54,271.79,0.13,0.05,288.09,14.2,142.0,High Value,High Risk
15602479,Spain,Male,37,129312.79,1,7,0.03,259.6,0.0,0.0,266.1,0.0,0.0,Below Average,High Risk
15617419,Germany,Female,29,100315.1,2,17,0.03,260.61,0.0,0.0,263.26,0.0,0.0,Low Value,High Risk
15657603,France,Female,35,81684.97,1,2,0.03,328.84,0.0,0.0,358.81,0.0,0.01,Average,High Risk
15570379,Spain,Male,51,88827.53,1,1,1.18,276.35,0.34,0.16,332.13,53.84,316.44,High Value,Medium Risk
15729574,Spain,Male,71,0.0,2,6,0.03,209.48,0.0,0.0,215.75,0.0,0.0,Below Average,High Risk
15799128,Spain,Female,38,102406.76,1,12,0.03,257.74,0.0,0.0,261.47,0.0,0.0,Low Value,High Risk
15813327,France,Male,21,109130.96,2,6,0.03,288.77,0.0,0.0,297.16,0.0,0.0,Below Average,High Risk
15711921,France,Male,29,0.0,2,8,0.03,206.93,0.0,0.0,211.55,0.0,0.0,Below Average,High Risk
15654300,Germany,Male,33,75242.28,1,12,0.03,232.29,0.0,0.0,235.68,0.0,0.0,Low Value,High Risk
15569666,France,Female,45,0.0,1,1,1.57,153.53,0.34,0.12,186.58,23.18,136.32,High Value,Medium Risk
15762091,Germany,Female,22,139129.92,1,8,0.03,266.69,0.0,0.0,272.5,0.0,0.0,Below Average,High Risk
15722053,Spain,Male,33,0.0,2,5,0.03,171.23,0.0,0.0,177.56,0.0,0.0,Below Average,High Risk
15782100,Spain,Male,22,66483.32,1,4,0.03,235.66,0.0,0.0,246.26,0.0,0.0,Average,High Risk
15765300,Germany,Male,40,62389.03,3,2,1.97,250.84,0.23,0.11,274.21,29.7,263.95,High Value,High Risk
15743570,France,Female,34,0.0,2,8,0.03,142.73,0.0,0.0,146.07,0.0,0.0,Below Average,High Risk
15750671,Spain,Male,31,0.0,2,2,0.03,152.03,0.0,0.0,167.03,0.0,0.0,Average,High Risk
15813659,France,Female,56,0.0,1,2,2.76,184.13,0.22,0.08,201.85,15.89,141.33,High Value,High Risk
15757867,France,Female,30,176173.52,1,3,3.94,249.96,0.13,0.04,265.06,11.8,118.02,High Value,High Risk
15652914,Spain,Male,38,0.0,1,10,0.03,214.73,0.0,0.0,218.54,0.0,0.0,Low Value,High Risk
15723818,France,Female,37,131834.76,2,1,0.03,212.93,0.0,0.0,256.97,0.14,0.7,Above Average,High Risk
15713819,France,Male,48,92347.96,1,4,0.03,243.26,0.0,0.0,254.16,0.0,0.0,Average,High Risk
15656484,France,Male,40,0.0,2,6,0.03,203.03,0.0,0.0,209.13,0.0,0.0,Below Average,High Risk
15778515,France,Male,40,95297.11,1,1,0.03,299.26,0.0,0.0,359.29,0.4,2.01,Above Average,High Risk
15803840,France,Female,32,0.0,2,3,0.03,217.13,0.0,0.0,230.43,0.0,0.0,Below Average,High Risk
15735339,France,Male,39,0.0,1,1,0.03,197.33,0.0,0.0,238.49,0.13,0.65,Above Average,High Risk
15600392,France,Female,53,123845.36,2,13,3.15,300.86,0.0,0.0,304.82,0.02,0.11,Above Average,High Risk
15625740,Germany,Male,62,143426.34,2,5,0.03,280.69,0.0,0.0,290.55,0.0,0.0,Below Average,High Risk
15663817,France,Male,46,0.0,1,7,0.03,212.33,0.0,0.0,217.75,0.0,0.0,Below Average,High Risk
15734461,Germany,Male,31,112708.2,1,2,0.03,244.58,0.0,0.0,267.42,0.04,0.18,Above Average,High Risk
15684248,Spain,Male,21,0.0,2,12,0.03,195.83,0.0,0.0,198.75,0.0,0.0,Low Value,High Risk
15643158,France,Female,40,0.0,1,3,3.54,177.83,0.13,0.05,188.97,9.31,93.15,High Value,High Risk
15693902,France,Male,19,0.0,2,3,0.03,177.53,0.0,0.0,188.66,0.0,0.0,Average,High Risk
15578307,France,Female,33,121685.31,2,10,0.03,230.09,0.0,0.0,234.14,0.0,0.0,Low Value,High Risk
15758510,France,Male,26,0.0,2,2,0.03,140.63,0.0,0.0,154.67,0.0,0.0,Average,High Risk
15692918,Germany,Male,36,113546.3,1,14,0.03,257.23,0.0,0.0,260.42,0.0,0.0,Low Value,High Risk
15705301,France,Male,41,95696.52,2,10,0.03,279.79,0.0,0.0,284.63,0.0,0.0,Below Average,High Risk
15772650,France,Male,55,136576.02,1,12,3.54,303.11,0.0,0.0,307.44,0.04,0.21,Above Average,High Risk
15574795,France,Female,38,63093.01,1,2,0.03,220.62,0.0,0.0,241.42,0.03,0.16,Above Average,High Risk
15706036,Germany,Male,38,132271.12,2,17,0.03,242.65,0.0,0.0,245.13,0.0,0.0,Low Value,High Risk
15723856,France,Female,29,88814.4,2,5,0.03,255.0,0.0,0.0,264.02,0.0,0.0,Below Average,High Risk
15812920,Germany,Male,40,90594.55,1,7,0.03,256.63,0.0,0.0,263.06,0.0,0.0,Below Average,High Risk
15804797,France,Female,54,138547.97,1,4,1.18,215.26,0.07,0.09,225.02,20.57,102.87,High Value,High Risk
15708650,France,Female,31,52192.08,2,3,0.03,288.95,0.0,0.0,306.19,0.0,0.01,Above Average,High Risk
15712777,France,Male,38,124976.19,1,1,0.03,221.27,0.0,0.0,266.86,0.15,0.73,Above Average,High Risk
15669219,Germany,Male,35,104356.38,1,1,0.03,251.87,0.0,0.0,303.12,0.34,1.69,Above Average,High Risk
15641004,Spain,Female,48,150315.92,1,14,0.03,259.4,0.0,0.0,262.61,0.0,0.0,Low Value,High Risk
15704014,Germany,Male,37,140950.92,2,3,0.03,298.87,0.0,0.0,316.66,0.0,0.0,Average,High Risk
15569759,France,Female,27,0.0,3,2,0.03,173.33,0.0,0.0,190.14,0.0,0.01,Above Average,High Risk
15586504,France,Male,40,0.0,2,3,0.03,206.63,0.0,0.0,219.36,0.0,0.0,Below Average,High Risk
15677317,France,Female,29,153040.03,1,5,1.57,249.02,0.03,0.04,257.86,10.7,53.52,High Value,High Risk
15664270,Germany,Male,45,142084.04,4,3,2.36,285.13,0.13,0.07,302.16,21.94,219.39,High Value,High Risk
15731519,France,Female,30,0.0,2,2,0.03,151.73,0.0,0.0,166.71,0.0,0.0,Average,High Risk
15745623,France,Male,32,112079.58,1,1,0.03,312.35,0.0,0.0,374.79,0.2,1.02,Above Average,High Risk
15813862,Spain,Male,66,132044.6,2,12,0.03,254.84,0.0,0.0,258.53,0.0,0.0,Low Value,High Risk
15641934,Spain,Female,46,66582.81,1,3,3.54,297.17,0.13,0.05,314.87,15.52,155.2,High Value,High Risk
15713043,France,Female,33,0.0,2,10,0.03,205.73,0.0,0.0,209.39,0.0,0.0,Low Value,High Risk
15700749,France,Female,39,0.0,1,8,0.03,142.73,0.0,0.0,146.07,0.0,0.0,Below Average,High Risk
15697567,France,Male,33,0.0,2,6,0.03,224.03,0.0,0.0,230.69,0.0,0.0,Below Average,High Risk
15715414,France,Female,38,102895.1,1,2,0.03,272.78,0.0,0.0,298.0,0.0,0.0,Average,High Risk
15639530,Spain,Male,42,0.0,1,2,0.03,202.13,0.0,0.0,221.38,0.03,0.15,Above Average,High Risk
15726058,Germany,Male,27,117578.35,2,12,0.03,302.47,0.0,0.0,306.78,0.0,0.0,Low Value,High Risk
15725665,France,Male,47,198546.1,2,4,3.94,283.46,0.07,0.03,295.99,8.75,43.75,High Value,High Risk
15742609,Germany,Male,28,116623.31,1,2,0.03,256.21,0.0,0.0,280.03,0.04,0.19,Above Average,High Risk
15815043,Spain,Male,49,0.0,2,3,0.03,191.93,0.0,0.0,203.85,0.0,0.0,Average,High Risk
15640648,France,Male,36,0.0,2,10,0.03,207.83,0.0,0.0,211.53,0.0,0.0,Low Value,High Risk
15627203,Spain,Male,54,0.0,1,14,0.03,155.83,0.0,0.0,157.87,0.0,0.0,Low Value,High Risk
15786196,France,Female,44,105770.7,3,1,1.18,242.06,0.34,0.16,291.5,47.25,277.73,High Value,Medium Risk
15612095,France,Female,48,0.0,1,3,3.54,223.73,0.13,0.05,237.4,11.7,117.01,High Value,High Risk
15674368,France,Female,39,94435.45,2,1,0.03,296.2,0.01,0.02,355.66,5.67,28.36,High Value,High Risk
15783477,Germany,Female,39,112889.91,1,11,0.03,287.79,0.0,0.0,292.3,0.0,0.0,Low Value,High Risk
15757559,France,Female,53,0.0,2,3,2.76,180.68,0.13,0.06,191.98,12.04,120.4,High Value,High Risk
15591036,Germany,Female,43,127940.47,1,1,1.18,249.93,0.34,0.16,300.82,48.76,286.61,High Value,Medium Risk
15761241,Germany,Female,36,129745.1,1,11,0.03,250.32,0.0,0.0,254.29,0.0,0.0,Low Value,High Risk
15695078,France,Male,32,0.0,2,5,0.03,208.13,0.0,0.0,215.65,0.0,0.0,Below Average,High Risk
15645744,France,Female,30,0.0,2,8,0.03,246.23,0.0,0.0,251.63,0.0,0.0,Below Average,High Risk
15566988,Germany,Female,46,141535.52,1,2,2.76,274.3,0.22,0.08,299.66,23.59,209.81,High Value,High Risk
15749300,France,Female,47,139914.27,1,2,0.03,244.23,0.0,0.0,267.03,0.04,0.18,Above Average,High Risk
15594340,France,Male,41,120243.49,1,1,1.57,247.12,0.34,0.12,297.49,36.96,217.35,High Value,Medium Risk
15607065,France,Male,34,91835.16,1,3,0.03,304.12,0.0,0.0,322.19,0.0,0.0,Average,High Risk
15773723,Spain,Female,22,67178.19,1,12,3.54,248.93,0.0,0.0,252.55,0.04,0.18,Above Average,High Risk
15697035,Spain,Female,31,0.0,2,3,0.03,220.43,0.0,0.0,233.91,0.0,0.0,Average,High Risk
15679668,Spain,Male,38,115378.94,1,10,0.03,331.14,0.0,0.0,336.79,0.0,0.0,Low Value,High Risk
15709861,Germany,Male,30,127786.28,2,6,0.03,306.62,0.0,0.0,315.48,0.0,0.0,Below Average,High Risk
15791958,France,Female,41,0.0,2,10,2.36,253.13,0.0,0.0,257.55,0.24,1.21,Above Average,High Risk
15658813,France,Female,55,0.0,2,12,0.03,198.18,0.0,0.0,201.13,0.0,0.0,Low Value,High Risk
15715709,Germany,Male,43,114091.38,1,5,0.03,284.86,0.0,0.0,294.86,0.0,0.0,Below Average,High Risk
15722533,France,Female,40,0.0,2,5,0.03,213.23,0.0,0.0,220.92,0.0,0.0,Below Average,High Risk
15683118,France,Male,32,0.0,2,3,0.03,175.43,0.0,0.0,186.44,0.0,0.0,Below Average,High Risk
15672798,France,Female,45,145933.27,1,10,0.03,274.51,0.0,0.0,279.26,0.0,0.0,Low Value,High Risk
15680112,Germany,Female,35,131504.73,1,2,0.03,218.91,0.0,0.0,239.58,0.0,0.0,Average,High Risk
15714575,Germany,Female,44,107926.02,1,11,3.15,298.29,0.0,0.0,302.95,0.1,0.51,Above Average,High Risk
15806808,Germany,Female,57,112281.6,3,4,3.15,334.91,0.07,0.04,349.53,12.8,64.02,High Value,High Risk
15590637,France,Male,41,0.0,2,12,0.03,214.73,0.0,0.0,217.89,0.0,0.0,Low Value,High Risk
15657535,Spain,Male,29,0.0,1,14,3.94,175.43,0.0,0.0,177.69,0.0,0.02,Above Average,High Risk
15696141,Spain,Female,31,0.0,1,2,0.03,153.23,0.0,0.0,168.33,0.0,0.0,Average,High Risk
15649024,France,Female,39,132865.56,1,12,3.54,301.48,0.0,0.0,305.79,0.04,0.21,Above Average,High Risk
15594928,Germany,Female,38,129055.13,1,1,0.03,316.29,0.0,0.0,379.46,0.21,1.04,Above Average,High Risk
15765532,Germany,Male,76,96166.88,1,8,0.03,291.03,0.0,0.0,297.32,0.0,0.0,Below Average,High Risk
15741719,France,Female,40,165298.12,1,4,0.03,240.54,0.0,0.0,251.33,0.0,0.0,Average,High Risk
15665629,Spain,Female,33,0.0,2,3,0.03,214.13,0.0,0.0,227.27,0.0,0.0,Average,High Risk
15728917,France,Male,48,120682.53,1,2,2.36,255.84,0.22,0.09,279.63,25.5,226.68,High Value,High Risk
15762993,Spain,Male,32,102773.15,2,8,0.03,314.17,0.0,0.0,320.92,0.0,0.0,Below Average,High Risk
15653521,Germany,Female,40,104449.8,1,10,0.03,330.48,0.0,0.0,336.12,0.0,0.0,Low Value,High Risk
15802220,Spain,Male,35,137102.65,1,2,0.03,256.99,0.0,0.0,280.88,0.0,0.0,Average,High Risk
15644132,France,Female,30,142475.87,1,12,0.03,294.75,0.0,0.0,298.96,0.0,0.0,Low Value,High Risk
15600832,France,Female,43,0.0,1,3,0.03,150.83,0.0,0.0,160.49,0.0,0.0,Below Average,High Risk
15603743,France,Male,28,112070.44,1,1,0.03,233.75,0.01,0.02,281.64,4.49,22.45,High Value,High Risk
15579714,France,Female,29,0.0,2,12,0.03,161.03,0.0,0.0,163.49,0.0,0.0,Low Value,High Risk
15786680,Spain,Male,37,0.0,2,2,0.03,239.93,0.0,0.0,262.38,0.0,0.01,Above Average,High Risk
15623499,Germany,Male,49,108437.89,1,3,3.54,240.13,0.13,0.05,254.69,12.55,125.54,High Value,High Risk
15691823,France,Male,37,153195.59,1,7,0.03,279.63,0.0,0.0,286.58,0.0,0.0,Below Average,High Risk
15809279,France,Male,45,96877.21,1,11,0.03,306.87,0.0,0.0,311.65,0.0,0.0,Low Value,High Risk
15758039,France,Male,44,0.0,2,10,0.03,182.63,0.0,0.0,185.93,0.0,0.0,Low Value,High Risk
15807163,France,Female,38,0.0,1,3,3.94,159.53,0.13,0.04,169.67,7.55,75.55,High Value,High Risk
15631639,France,Female,40,95452.89,1,8,0.03,286.08,0.0,0.0,292.27,0.0,0.0,Below Average,High Risk
15713770,Spain,Male,41,63873.56,1,1,0.03,248.0,0.0,0.0,298.53,0.33,1.67,Above Average,High Risk
15781710,Spain,Female,31,0.0,2,3,0.03,165.83,0.0,0.0,176.32,0.0,0.0,Average,High Risk
15801296,Germany,Female,37,143258.85,2,3,0.03,267.78,0.0,0.0,283.86,0.0,0.0,Average,High Risk
15704378,Germany,Male,37,121342.24,1,12,0.03,272.98,0.0,0.0,276.91,0.0,0.0,Low Value,High Risk
15767891,Germany,Female,28,99152.73,2,2,0.03,260.83,0.0,0.0,285.04,0.0,0.0,Average,High Risk
15640667,France,Female,41,0.0,2,1,0.03,197.03,0.0,0.0,238.13,0.13,0.65,Above Average,High Risk
15702145,Spain,Male,33,68423.89,1,10,0.03,284.16,0.0,0.0,289.06,0.0,0.0,Low Value,High Risk
15679738,Spain,Female,35,0.0,1,2,3.15,156.53,0.22,0.07,171.91,11.91,105.94,High Value,High Risk
15636634,Germany,Female,25,79656.81,1,2,0.03,262.67,0.0,0.0,287.04,0.0,0.0,Average,High Risk
15809227,France,Male,35,0.0,2,3,0.03,253.43,0.0,0.0,268.73,0.0,0.01,Above Average,High Risk
15601811,France,Female,53,110240.04,1,3,3.94,279.99,0.13,0.04,296.74,13.21,132.12,High Value,High Risk
15625494,France,Female,32,125321.84,2,15,0.03,248.59,0.0,0.0,251.47,0.0,0.0,Low Value,High Risk
15723737,France,Male,27,0.0,1,1,0.03,202.43,0.0,0.0,244.53,0.27,1.37,Above Average,High Risk
15682955,France,Female,32,84378.9,1,2,0.03,301.45,0.0,0.0,329.11,0.04,0.22,Above Average,High Risk
15758856,France,Male,45,0.0,2,3,0.03,177.53,0.0,0.0,188.66,0.0,0.0,Average,High Risk
15746065,Germany,Male,35,136281.41,2,17,0.03,251.25,0.0,0.0,253.81,0.0,0.0,Low Value,High Risk
15783865,France,Male,59,119380.37,1,7,0.03,274.22,0.0,0.0,281.05,0.0,0.0,Below Average,High Risk
15745455,Germany,Male,62,108716.59,2,6,0.03,282.14,0.0,0.0,290.35,0.0,0.0,Below Average,High Risk
15583033,France,Female,20,0.0,2,6,0.03,190.43,0.0,0.0,196.19,0.0,0.0,Below Average,High Risk
15735688,France,Female,31,106596.29,1,2,0.03,301.51,0.0,0.0,329.17,0.0,0.0,Average,High Risk
15658577,France,Female,37,99546.25,3,20,3.94,263.86,0.0,0.0,266.13,0.0,0.0,Average,High Risk
15606887,France,Female,30,0.0,1,1,1.97,230.93,0.34,0.1,278.31,28.03,164.93,High Value,Medium Risk
15579892,Spain,Male,19,112615.86,1,10,0.03,288.38,0.0,0.0,293.35,0.0,0.0,Low Value,High Risk
15802088,Spain,Female,22,0.0,1,14,0.03,154.73,0.0,0.0,156.76,0.0,0.0,Low Value,High Risk
15589323,France,Female,24,0.0,2,15,0.03,189.23,0.0,0.0,191.49,0.0,0.0,Low Value,High Risk
15636395,France,Female,31,0.0,2,2,0.03,157.13,0.0,0.0,172.56,0.0,0.0,Average,High Risk
15712772,France,Male,28,75381.15,1,4,0.03,300.4,0.0,0.0,313.62,0.0,0.0,Average,High Risk
15700937,Spain,Female,24,0.0,2,8,0.03,228.53,0.0,0.0,233.58,0.0,0.0,Below Average,High Risk
15766659,Spain,Male,33,0.0,2,2,0.03,155.93,0.0,0.0,171.26,0.0,0.0,Average,High Risk
15783007,Germany,Female,45,123086.39,1,1,0.39,232.57,0.34,0.42,280.25,117.64,465.74,High Value,Medium Risk
15654183,France,Female,26,0.0,2,1,0.03,219.83,0.0,0.0,265.15,0.3,1.48,Above Average,High Risk
15609899,Spain,Male,37,0.0,1,1,0.03,162.83,0.0,0.0,197.61,0.11,0.54,Above Average,High Risk
15747323,Spain,Male,48,109472.47,1,3,3.54,236.29,0.13,0.05,250.64,12.35,123.54,High Value,High Risk
15582591,Spain,Male,59,155766.05,1,5,0.03,273.89,0.0,0.0,283.53,0.0,0.0,Below Average,High Risk
15738835,Germany,Male,38,101985.81,2,3,0.03,330.32,0.0,0.0,349.83,0.0,0.0,Average,High Risk
15697480,France,Male,30,0.0,2,12,0.03,217.73,0.0,0.0,220.93,0.0,0.0,Low Value,High Risk
15697045,Spain,Female,35,0.0,2,15,0.03,216.23,0.0,0.0,218.77,0.0,0.0,Low Value,High Risk
15579891,France,Male,52,100755.66,1,5,0.03,291.94,0.0,0.0,302.16,0.0,0.0,Below Average,High Risk
15805690,Spain,Female,35,0.0,1,2,2.76,206.63,0.22,0.08,226.26,17.81,158.42,High Value,High Risk
15568834,Spain,Male,27,125427.37,2,2,0.03,286.1,0.0,0.0,312.45,0.0,0.0,Average,High Risk
15709917,France,Female,46,98202.76,1,1,0.03,255.37,0.0,0.0,307.26,0.34,1.72,Above Average,High Risk
15799494,Germany,Male,44,140393.65,2,5,0.03,332.45,0.0,0.0,343.97,0.0,0.0,Below Average,High Risk
15673439,Spain,Female,50,142644.64,2,8,1.97,271.35,0.0,0.0,277.26,1.33,6.66,Above Average,High Risk
15669011,France,Female,44,23503.31,1,12,3.54,263.23,0.0,0.0,267.03,0.04,0.19,Above Average,High Risk
15581388,Spain,Male,33,145729.71,1,2,0.03,223.8,0.0,0.0,244.87,0.0,0.0,Average,High Risk
15743153,Germany,Female,40,122295.17,2,3,0.03,298.53,0.0,0.0,316.3,0.0,0.01,Above Average,High Risk
15579787,France,Male,39,0.0,2,1,0.03,204.23,0.0,0.0,246.67,0.13,0.67,Above Average,High Risk
15759966,Spain,Female,36,119799.27,2,2,0.03,259.99,0.0,0.0,284.13,0.0,0.01,Above Average,High Risk
15601045,Spain,Male,37,163708.58,2,3,0.03,274.97,0.0,0.0,291.45,0.0,0.0,Average,High Risk
15687218,France,Female,27,79144.34,1,5,0.03,275.83,0.0,0.0,285.53,0.0,0.0,Below Average,High Risk
15626452,Spain,Male,32,0.0,2,8,0.03,211.73,0.0,0.0,216.45,0.0,0.0,Below Average,High Risk
15700964,Germany,Female,27,104848.68,1,10,0.03,262.7,0.0,0.0,267.27,0.0,0.0,Low Value,High Risk
15768887,Spain,Male,26,0.0,2,8,0.03,177.53,0.0,0.0,181.57,0.0,0.0,Below Average,High Risk
15735358,Spain,Male,46,0.0,1,5,0.03,203.03,0.0,0.0,210.39,0.0,0.0,Below Average,High Risk
15749472,France,Male,45,0.0,1,2,0.03,230.93,0.0,0.0,252.61,0.0,0.0,Average,High Risk
15685872,France,Female,29,146652.01,1,1,0.03,295.84,0.01,0.02,355.23,5.66,28.32,High Value,High Risk
15760851,France,Male,31,0.0,2,2,0.03,187.13,0.0,0.0,205.1,0.0,0.0,Average,High Risk
15784594,Germany,Female,37,130622.34,2,1,0.03,241.67,0.01,0.02,291.03,4.64,23.2,High Value,High Risk
15606435,Germany,Male,69,187013.13,2,3,0.03,281.01,0.0,0.0,297.82,0.0,0.01,Above Average,High Risk
15790247,Spain,Male,40,0.0,2,15,0.03,159.23,0.0,0.0,161.17,0.0,0.0,Low Value,High Risk
15676433,France,Female,36,0.0,1,2,0.03,210.53,0.0,0.0,230.49,0.0,0.0,Average,High Risk
15626414,France,Male,44,98862.54,1,2,0.03,286.01,0.0,0.0,312.36,0.0,0.0,Average,High Risk
15623220,Spain,Female,45,0.0,2,1,0.03,215.33,0.0,0.0,259.82,0.14,0.71,Above Average,High Risk
15677908,Spain,Male,42,0.0,2,1,0.03,164.03,0.0,0.0,199.03,0.11,0.54,Above Average,High Risk
15623972,Germany,Female,23,123575.51,1,12,0.03,220.3,0.0,0.0,223.53,0.0,0.0,Low Value,High Risk
15738627,France,Male,25,0.0,2,10,0.03,228.83,0.0,0.0,232.86,0.0,0.0,Low Value,High Risk
15643392,France,Male,31,105239.1,1,5,0.03,298.13,0.0,0.0,308.55,0.0,0.0,Below Average,High Risk
15684868,Germany,Male,56,110993.79,1,3,3.54,283.78,0.13,0.05,300.74,14.82,148.24,High Value,High Risk
15627854,Spain,Male,44,0.0,2,5,0.03,210.53,0.0,0.0,218.13,0.0,0.0,Below Average,High Risk
15669253,Spain,Male,39,157691.98,2,3,2.76,304.42,0.13,0.06,322.52,20.23,202.26,High Value,High Risk
15758023,Germany,Male,47,105245.21,1,1,1.97,238.73,0.34,0.1,287.54,28.96,170.4,High Value,Medium Risk
15574558,Spain,Male,32,0.0,2,13,0.03,213.83,0.0,0.0,216.74,0.0,0.0,Low Value,High Risk
15635256,France,Male,31,117687.35,1,10,0.03,304.87,0.0,0.0,310.11,0.0,0.0,Low Value,High Risk
15674720,Germany,Female,37,123067.63,1,10,2.76,283.87,0.0,0.0,288.77,0.24,1.18,Above Average,High Risk
15675431,France,Female,34,0.0,2,2,0.03,167.33,0.0,0.0,183.63,0.0,0.0,Average,High Risk
15698285,France,Female,41,101457.14,1,5,0.03,278.08,0.0,0.0,287.86,0.0,0.0,Below Average,High Risk
15810775,Spain,Male,52,100549.43,2,3,0.03,250.52,0.0,0.0,265.66,0.0,0.01,Above Average,High Risk
15678173,Spain,Male,35,174588.8,2,6,0.03,267.6,0.0,0.0,275.42,0.0,0.0,Below Average,High Risk
15665222,Spain,Male,52,121161.57,1,2,0.03,266.47,0.0,0.0,291.16,0.0,0.0,Average,High Risk
15803908,France,Male,45,0.0,2,15,0.03,186.83,0.0,0.0,189.06,0.0,0.0,Low Value,High Risk
15586039,Germany,Female,36,90063.74,2,8,0.03,215.79,0.0,0.0,220.58,0.0,0.0,Below Average,High Risk
15802570,France,Female,45,0.0,2,8,0.03,241.73,0.0,0.0,247.04,0.0,0.0,Below Average,High Risk
15781451,France,Male,42,134936.97,2,1,0.03,228.38,0.0,0.0,275.29,0.31,1.54,Above Average,High Risk
15721019,France,Female,24,110495.27,1,1,0.03,281.95,0.0,0.0,338.77,0.38,1.89,Above Average,High Risk
15730657,France,Female,41,82596.8,1,5,0.03,238.31,0.0,0.0,246.8,0.0,0.0,Below Average,High Risk
15739292,Germany,Male,31,103837.75,1,12,0.03,258.14,0.0,0.0,261.87,0.0,0.0,Low Value,High Risk
15813159,France,Male,52,93590.47,1,11,3.15,235.04,0.0,0.0,238.79,0.08,0.4,Above Average,High Risk
15636820,Germany,Male,40,104149.66,1,2,0.03,292.96,0.0,0.0,319.89,0.0,0.0,Average,High Risk
15603880,Germany,Male,38,114141.64,1,1,0.39,231.77,0.34,0.42,279.3,117.24,465.74,High Value,Medium Risk
15619494,Germany,Female,31,117153.0,1,12,0.03,244.84,0.0,0.0,248.4,0.0,0.0,Low Value,High Risk
15596992,Germany,Male,45,156353.46,1,2,2.76,222.77,0.22,0.08,243.76,19.19,170.67,High Value,High Risk
15735025,Spain,Male,37,175534.78,2,5,0.03,239.44,0.0,0.0,247.96,0.0,0.0,Below Average,High Risk
15730759,France,Female,27,135637.0,1,3,3.54,245.52,0.13,0.05,260.38,12.83,128.34,High Value,High Risk
15752912,France,Female,30,0.0,2,3,0.03,196.73,0.0,0.0,208.91,0.0,0.0,Average,High Risk
15711316,France,Male,27,0.0,2,3,0.03,229.73,0.0,0.0,243.72,0.0,0.01,Average,High Risk
15738785,France,Male,26,0.0,2,12,0.03,161.93,0.0,0.0,164.4,0.0,0.0,Low Value,High Risk
15777896,Germany,Female,33,83415.04,1,2,0.03,328.98,0.0,0.0,358.96,0.05,0.24,Above Average,High Risk
15628963,Germany,Male,43,141859.12,2,5,0.03,257.82,0.0,0.0,266.94,0.0,0.0,Below Average,High Risk
15742126,Germany,Male,38,132767.66,2,12,0.03,290.68,0.0,0.0,294.84,0.0,0.0,Low Value,High Risk
15575623,France,Female,31,110635.32,1,3,0.03,252.56,0.0,0.0,267.8,0.0,0.0,Below Average,High Risk
15741652,Spain,Male,37,177657.35,1,11,0.03,259.02,0.0,0.0,263.11,0.0,0.0,Low Value,High Risk
15738884,Germany,Male,41,157777.58,1,1,0.03,270.83,0.0,0.0,325.58,0.18,0.89,Above Average,High Risk
15615050,Germany,Male,47,107915.94,2,15,3.54,248.19,0.0,0.0,251.07,0.0,0.02,Above Average,High Risk
15803005,Germany,Female,57,86568.75,1,7,0.03,253.97,0.0,0.0,260.34,0.0,0.0,Below Average,High Risk
15743498,Germany,Male,52,137755.76,1,3,3.54,239.42,0.13,0.05,253.95,12.52,125.17,High Value,High Risk
15588695,Spain,Male,32,0.0,1,8,2.36,248.33,0.0,0.0,253.78,1.03,5.14,Above Average,High Risk
15665802,Spain,Female,36,0.0,2,10,0.03,191.03,0.0,0.0,194.46,0.0,0.0,Low Value,High Risk
15571144,France,Male,28,0.0,2,17,0.03,194.93,0.0,0.0,196.97,0.0,0.0,Low Value,High Risk
15750731,Germany,Male,50,116309.01,1,3,3.54,296.99,0.13,0.05,314.68,15.51,155.11,High Value,High Risk
15626044,Germany,Male,28,125155.83,2,5,0.03,305.28,0.0,0.0,315.93,0.0,0.0,Below Average,High Risk
15737910,Germany,Male,35,140691.08,2,2,0.03,288.36,0.0,0.0,314.91,0.0,0.01,Above Average,High Risk
15761076,France,Male,41,58820.32,2,5,0.03,223.75,0.0,0.0,231.77,0.0,0.0,Below Average,High Risk
15710105,Germany,Female,26,105099.45,1,4,1.18,249.82,0.07,0.09,260.99,23.86,119.31,High Value,High Risk
15577402,France,Male,31,0.0,2,15,0.03,176.33,0.0,0.0,178.45,0.0,0.0,Low Value,High Risk
15803337,France,Male,23,168372.52,1,3,0.03,273.06,0.0,0.0,289.43,0.0,0.0,Average,High Risk
15585867,Spain,Male,36,0.0,2,3,0.03,177.23,0.0,0.0,188.34,0.0,0.0,Average,High Risk
15662488,France,Female,44,0.0,2,2,1.97,186.53,0.23,0.11,204.45,22.15,196.81,High Value,High Risk
15604813,France,Male,40,0.0,2,12,0.03,146.63,0.0,0.0,148.9,0.0,0.0,Low Value,High Risk
15656100,France,Female,49,167962.7,1,1,0.03,268.24,0.0,0.0,322.52,0.1,0.5,Above Average,High Risk
15764293,France,Male,33,0.0,2,1,0.03,145.43,0.01,0.02,176.99,2.82,14.11,Above Average,High Risk
15636423,France,Male,40,0.0,1,10,0.03,212.93,0.0,0.0,216.71,0.0,0.0,Low Value,High Risk
15607629,France,Male,48,0.0,2,3,0.03,202.13,0.0,0.0,214.61,0.0,0.0,Average,High Risk
15577313,France,Male,44,116967.68,1,1,1.18,261.93,0.34,0.16,315.04,51.07,300.16,High Value,Medium Risk
15714493,Spain,Female,33,0.0,2,10,0.03,137.93,0.0,0.0,140.52,0.0,0.0,Low Value,High Risk
15643359,Spain,Male,32,0.0,1,10,0.03,219.23,0.0,0.0,223.11,0.0,0.0,Low Value,High Risk
15687913,Germany,Female,34,93244.42,1,10,0.03,225.02,0.0,0.0,228.99,0.0,0.0,Low Value,High Risk
15790935,France,Female,29,0.0,2,8,0.03,158.93,0.0,0.0,162.6,0.0,0.0,Below Average,High Risk
15672016,France,Male,35,0.0,2,1,0.03,244.13,0.01,0.02,293.95,4.69,23.44,High Value,High Risk
15727605,Germany,Male,43,80442.06,2,6,0.03,233.64,0.0,0.0,240.55,0.0,0.0,Below Average,High Risk
15749401,France,Male,60,0.0,3,18,3.54,216.73,0.0,0.0,218.85,0.0,0.0,Average,High Risk
15691874,France,Female,34,125474.44,1,3,0.03,282.8,0.0,0.0,299.7,0.0,0.0,Average,High Risk
15620735,Germany,Female,33,127076.68,2,1,0.03,276.88,0.0,0.0,332.76,0.18,0.91,Above Average,High Risk
15769781,Spain,Female,25,0.0,2,13,0.03,208.13,0.0,0.0,210.97,0.0,0.0,Low Value,High Risk
15624611,Spain,Male,37,128650.11,2,13,0.03,225.97,0.0,0.0,229.02,0.0,0.0,Low Value,High Risk
15773071,Spain,Female,33,145580.61,1,8,0.03,311.69,0.0,0.0,318.39,0.0,0.0,Below Average,High Risk
15720371,France,Female,51,0.0,1,1,1.18,195.28,0.34,0.16,236.06,38.26,224.91,High Value,Medium Risk
15717984,France,Male,47,144900.58,1,3,3.54,220.76,0.13,0.05,234.26,11.55,115.47,High Value,High Risk
15806407,France,Female,37,0.0,2,1,0.03,194.03,0.0,0.0,234.58,0.13,0.64,Above Average,High Risk
15785042,France,Female,31,97588.6,1,2,0.03,221.42,0.0,0.0,242.3,0.0,0.0,Average,High Risk
15809302,France,Male,24,0.0,2,1,0.03,170.03,0.01,0.02,206.14,3.29,16.44,Above Average,High Risk
15654096,Germany,Female,24,122200.31,2,4,0.03,310.22,0.0,0.0,323.84,0.0,0.0,Below Average,High Risk
15617320,Spain,Female,46,151709.33,1,1,0.03,285.86,0.0,0.0,343.41,0.38,1.92,Above Average,High Risk
15653065,Spain,Female,22,0.0,2,3,0.03,157.43,0.0,0.0,167.45,0.0,0.0,Average,High Risk
15649112,Spain,Female,33,122134.4,2,5,0.03,297.92,0.0,0.0,308.33,0.0,0.0,Below Average,High Risk
15806945,France,Female,30,88594.14,1,3,0.03,257.68,0.0,0.0,273.2,0.0,0.0,Average,High Risk
15670066,Spain,Male,34,0.0,2,10,0.03,191.33,0.0,0.0,194.77,0.0,0.0,Low Value,High Risk
15625761,Germany,Male,41,127205.32,4,4,3.15,266.39,0.07,0.04,278.23,10.19,50.96,High Value,High Risk
15761525,Spain,Female,31,96997.09,2,4,0.03,293.08,0.0,0.0,306.01,0.0,0.0,Below Average,High Risk
15735080,France,Female,64,0.0,1,2,0.03,168.33,0.0,0.0,184.71,0.02,0.12,Above Average,High Risk
15619537,France,Male,31,142200.19,2,8,0.03,242.53,0.0,0.0,247.86,0.0,0.0,Below Average,High Risk
15598162,Germany,Female,39,160761.41,1,4,0.03,304.55,0.0,0.0,317.94,0.0,0.0,Average,High Risk
15694300,France,Male,26,0.0,2,1,0.03,226.13,0.0,0.0,272.62,0.15,0.74,Above Average,High Risk
15637235,Spain,Male,33,0.0,2,3,0.03,236.63,0.0,0.0,251.0,0.0,0.0,Average,High Risk
15612444,France,Male,29,0.0,2,1,0.03,163.13,0.0,0.0,197.96,0.22,1.11,Above Average,High Risk
15627995,Germany,Female,26,155143.52,1,7,1.97,304.91,0.01,0.01,312.44,3.0,14.98,Above Average,High Risk
15666430,France,Male,38,0.0,2,3,0.03,172.13,0.0,0.0,182.96,0.0,0.0,Average,High Risk
15627385,France,Male,34,84009.47,1,7,0.03,298.42,0.0,0.0,305.81,0.0,0.0,Below Average,High Risk
15581323,Germany,Female,28,139246.22,2,3,0.03,223.79,0.0,0.0,237.46,0.0,0.0,Average,High Risk
15608109,Germany,Male,58,170113.0,2,12,0.03,301.73,0.0,0.0,306.04,0.0,0.0,Low Value,High Risk
15801942,Spain,Female,41,0.0,3,16,3.15,184.13,0.0,0.0,186.2,0.0,0.01,Average,High Risk
15567431,France,Male,64,145578.28,1,2,0.03,327.09,0.0,0.0,356.92,0.05,0.24,Above Average,High Risk
15810167,Spain,Male,75,126273.95,1,10,0.03,305.09,0.0,0.0,310.33,0.0,0.0,Low Value,High Risk
15644501,France,Female,26,162482.76,1,14,0.03,252.12,0.0,0.0,255.25,0.0,0.0,Low Value,High Risk
15785290,France,Male,29,0.0,1,3,0.03,161.03,0.0,0.0,171.25,0.0,0.0,Below Average,High Risk
15673837,Spain,Male,61,113858.95,1,4,0.03,274.9,0.0,0.0,287.09,0.0,0.0,Average,High Risk
15656822,Germany,Male,43,87612.64,4,11,1.97,244.7,0.0,0.0,248.59,0.13,0.65,Above Average,High Risk
15580560,France,Female,73,0.0,1,1,0.03,257.88,0.01,0.02,310.25,4.95,24.74,High Value,High Risk
15760641,Germany,Male,26,106648.98,1,1,0.03,258.02,0.01,0.02,310.4,4.95,24.75,High Value,High Risk
15587584,Spain,Male,31,0.0,2,6,0.03,149.33,0.0,0.0,153.99,0.0,0.0,Below Average,High Risk
15604146,Germany,Female,38,103653.51,2,13,0.03,257.83,0.0,0.0,261.26,0.0,0.0,Low Value,High Risk
15813974,Germany,Male,37,116880.53,1,1,1.18,295.53,0.34,0.16,354.86,57.52,338.1,High Value,Medium Risk
15746986,Germany,Female,40,97990.49,2,1,0.03,330.05,0.0,0.0,395.77,0.22,1.08,Above Average,High Risk
15759741,Germany,Female,34,150635.3,1,5,0.03,255.22,0.0,0.0,264.25,0.0,0.0,Below Average,High Risk
15734892,Spain,Male,37,0.0,2,6,0.03,172.13,0.0,0.0,177.4,0.0,0.0,Below Average,High Risk
15797194,France,Male,39,129674.89,2,4,0.03,247.92,0.0,0.0,259.01,0.0,0.0,Below Average,High Risk
15723786,France,Female,37,0.0,2,3,0.03,211.13,0.0,0.0,224.1,0.0,0.0,Below Average,High Risk
15642726,France,Male,53,83568.26,1,1,0.03,261.04,0.0,0.0,313.99,0.35,1.75,Above Average,High Risk
15664339,Spain,Male,48,178144.91,2,1,1.57,311.54,0.34,0.12,373.83,46.44,273.13,High Value,Medium Risk
15754526,Germany,Male,36,147137.74,1,8,0.03,287.46,0.0,0.0,293.68,0.0,0.0,Below Average,High Risk
15703037,France,Male,37,0.0,1,7,1.97,183.83,0.01,0.01,188.6,1.81,9.05,Above Average,High Risk
15751412,France,Male,36,114370.41,1,4,0.03,287.28,0.0,0.0,299.97,0.0,0.0,Average,High Risk
15609558,Germany,Female,47,108289.28,2,8,1.97,326.22,0.0,0.0,333.21,1.6,8.01,Above Average,High Risk
15572408,Germany,Male,39,149887.49,2,1,0.03,292.08,0.0,0.0,350.78,0.39,1.96,Above Average,High Risk
15613923,Spain,Female,43,170172.9,1,5,0.03,253.03,0.0,0.0,262.0,0.0,0.0,Below Average,High Risk
15747000,France,Male,27,0.0,2,5,0.03,176.03,0.0,0.0,182.52,0.0,0.0,Below Average,High Risk
15731781,France,Male,43,0.0,2,3,0.03,163.73,0.0,0.0,174.1,0.0,0.0,Average,High Risk
15804950,France,Female,41,0.0,2,12,0.03,152.63,0.0,0.0,154.98,0.0,0.0,Low Value,High Risk
15576304,France,Male,29,95167.55,1,7,0.03,284.26,0.0,0.0,291.31,0.0,0.0,Below Average,High Risk
15750755,Spain,Female,33,0.0,2,3,0.03,133.13,0.0,0.0,141.82,0.0,0.0,Below Average,High Risk
15569654,Germany,Female,31,51293.47,1,1,0.03,325.74,0.0,0.0,390.66,0.44,2.18,Above Average,High Risk
15753079,France,Male,41,0.0,3,2,0.03,182.03,0.0,0.0,199.57,0.0,0.01,Average,High Risk
15684995,Spain,Male,49,116622.73,1,11,0.03,283.21,0.0,0.0,287.65,0.0,0.0,Low Value,High Risk
15616221,France,Female,29,85646.81,1,1,1.57,223.25,0.34,0.12,269.21,33.44,196.69,High Value,Medium Risk
15776124,Spain,Male,51,0.0,1,10,0.03,240.28,0.0,0.0,244.49,0.0,0.0,Low Value,High Risk
15665811,France,Male,33,141234.98,1,3,0.03,270.69,0.0,0.0,286.93,0.0,0.0,Average,High Risk
15729804,France,Male,34,0.0,2,17,0.03,212.63,0.0,0.0,214.84,0.0,0.0,Low Value,High Risk
15714062,France,Female,40,77641.99,1,3,3.54,280.5,0.13,0.05,297.28,14.65,146.53,High Value,High Risk
15592197,Spain,Male,30,0.0,2,1,0.03,155.03,0.0,0.0,188.36,0.21,1.05,Above Average,High Risk
15793116,Germany,Female,40,117304.29,1,2,0.03,226.85,0.0,0.0,248.19,0.0,0.0,Average,High Risk
15638231,Spain,Female,62,0.0,2,3,0.03,232.43,0.0,0.0,246.57,0.0,0.01,Average,High Risk
15697678,Germany,Male,36,92340.69,2,10,0.03,251.65,0.0,0.0,256.04,0.0,0.0,Low Value,High Risk
15800412,Germany,Male,35,146780.52,2,15,0.03,215.14,0.0,0.0,217.67,0.0,0.0,Low Value,High Risk
15597610,Spain,Male,41,144974.55,1,8,0.03,243.56,0.0,0.0,248.91,0.0,0.0,Below Average,High Risk
15670866,France,Male,31,0.0,2,3,0.03,206.33,0.0,0.0,219.04,0.0,0.01,Average,High Risk
15667462,Spain,Male,43,0.0,2,4,0.03,210.53,0.0,0.0,220.1,0.0,0.0,Below Average,High Risk
15716926,France,Male,33,101952.97,2,4,0.03,317.42,0.0,0.0,331.33,0.0,0.0,Below Average,High Risk
15716800,France,Male,31,0.0,2,3,0.03,173.03,0.0,0.0,183.91,0.0,0.0,Average,High Risk
15616122,France,Male,39,0.0,2,13,0.03,231.53,0.0,0.0,234.65,0.0,0.0,Low Value,High Risk
15742172,Germany,Male,32,123938.6,2,3,0.03,256.02,0.0,0.0,271.45,0.0,0.0,Average,High Risk
15792305,Germany,Male,46,123571.77,3,12,2.36,305.2,0.0,0.0,309.55,0.06,0.32,Above Average,High Risk
15636016,France,Female,34,120777.88,1,4,0.03,252.84,0.0,0.0,264.14,0.0,0.0,Average,High Risk
15733138,Germany,Male,42,90248.79,1,7,0.03,273.4,0.0,0.0,280.21,0.0,0.0,Below Average,High Risk
15669741,France,Male,36,0.0,1,2,0.03,231.53,0.0,0.0,253.27,0.0,0.0,Average,High Risk
15616954,France,Male,71,0.0,2,6,0.03,202.28,0.0,0.0,208.36,0.0,0.0,Below Average,High Risk
15729238,Germany,Male,48,106396.48,1,1,0.39,264.9,0.34,0.42,318.56,133.72,465.74,High Value,Medium Risk
15682914,France,Male,34,72079.71,1,2,0.03,328.0,0.0,0.0,357.91,0.05,0.24,Above Average,High Risk
15654274,France,Male,37,0.0,2,2,0.03,160.43,0.0,0.0,176.14,0.0,0.0,Average,High Risk
15691457,Spain,Male,36,0.0,2,3,0.03,200.63,0.0,0.0,213.03,0.0,0.0,Average,High Risk
15719649,France,Male,38,99844.68,1,1,0.03,241.08,0.0,0.0,290.33,0.32,1.62,Above Average,High Risk
15778897,France,Female,28,0.0,2,1,0.03,187.43,0.01,0.02,226.76,3.62,18.08,High Value,High Risk
15589437,France,Male,26,156815.71,1,4,0.03,217.99,0.0,0.0,227.86,0.0,0.0,Average,High Risk
15682369,France,Male,47,146034.74,1,8,0.03,261.61,0.0,0.0,267.32,0.0,0.0,Below Average,High Risk
15571995,Germany,Female,33,118897.1,2,1,0.03,308.84,0.01,0.02,370.63,5.91,29.55,High Value,High Risk
15673333,Germany,Male,52,96781.39,1,11,0.03,286.87,0.0,0.0,291.36,0.0,0.0,Low Value,High Risk
15725302,Spain,Female,20,0.0,2,1,0.03,199.43,0.0,0.0,240.98,0.13,0.66,Above Average,High Risk
15722083,Spain,Male,39,0.0,2,3,0.03,175.73,0.0,0.0,186.76,0.0,0.0,Average,High Risk
15771442,France,Male,40,150578.0,1,5,1.57,267.81,0.03,0.04,277.26,11.51,57.54,High Value,High Risk
15672185,France,Male,47,0.0,2,1,0.03,175.43,0.0,0.0,212.54,0.24,1.19,Above Average,High Risk
15570895,France,Male,42,163548.07,1,3,0.03,260.87,0.0,0.0,276.57,0.0,0.0,Below Average,High Risk
15614520,France,Female,37,148580.12,1,2,0.03,282.43,0.0,0.0,308.47,0.0,0.0,Average,High Risk
15687492,Germany,Male,32,96709.07,2,1,0.03,253.76,0.0,0.0,305.36,0.34,1.71,Above Average,High Risk
15675337,Germany,Female,34,106011.59,1,7,1.97,194.08,0.01,0.01,199.08,1.91,9.55,Above Average,High Risk
15589017,Germany,Male,55,111362.76,3,2,1.57,246.25,0.23,0.13,269.23,35.92,318.99,High Value,High Risk
15611186,France,Male,37,39344.83,1,1,0.39,251.67,0.34,0.42,302.88,127.14,465.74,High Value,Medium Risk
15617301,Germany,Male,36,130809.77,1,3,0.03,309.18,0.0,0.0,327.53,0.0,0.0,Average,High Risk
15585748,Germany,Female,28,135337.49,2,15,0.03,252.7,0.0,0.0,255.63,0.0,0.0,Low Value,High Risk
15672826,France,Female,32,112536.57,2,17,0.03,275.77,0.0,0.0,278.56,0.0,0.0,Low Value,High Risk
15595162,Spain,Female,35,122570.69,1,2,0.03,288.94,0.0,0.0,315.54,0.0,0.0,Average,High Risk
15650026,France,Male,44,63562.02,2,1,0.39,226.07,0.34,0.42,272.54,114.4,465.74,High Value,Medium Risk
15745826,France,Male,37,0.0,2,5,0.03,131.93,0.0,0.0,136.99,0.0,0.0,Below Average,High Risk
15708610,Germany,Male,44,100368.63,2,3,0.03,282.21,0.0,0.0,299.08,0.0,0.0,Average,High Risk
15624471,France,Male,37,0.0,2,2,0.03,253.43,0.0,0.0,277.02,0.0,0.0,Average,High Risk
15590097,Spain,Female,33,136082.0,1,2,0.03,238.34,0.0,0.0,260.65,0.0,0.0,Average,High Risk
15689328,Germany,Male,48,114169.16,1,3,3.54,287.57,0.13,0.05,304.74,15.02,150.21,High Value,High Risk
15582154,France,Female,45,47884.92,1,7,0.03,271.28,0.0,0.0,278.04,0.0,0.0,Below Average,High Risk
15734626,Spain,Female,36,0.0,2,1,0.03,194.03,0.01,0.02,234.58,3.74,18.7,High Value,High Risk
15702806,Spain,Male,24,0.0,1,3,0.03,207.23,0.0,0.0,219.99,0.0,0.0,Below Average,High Risk
15620756,France,Male,49,202904.64,1,8,2.36,304.0,0.0,0.0,310.55,1.26,6.29,Above Average,High Risk
15611331,France,Female,46,0.0,1,1,0.39,151.73,0.34,0.42,184.45,77.42,452.96,High Value,Medium Risk
15576935,Spain,Male,43,161807.18,2,3,0.79,301.29,0.13,0.2,319.22,63.08,465.74,High Value,High Risk
15661275,Germany,Male,52,110791.97,1,1,1.18,237.97,0.34,0.16,286.65,46.46,273.11,High Value,Medium Risk
15814940,Spain,Female,33,0.0,2,15,0.03,191.03,0.0,0.0,193.31,0.0,0.0,Low Value,High Risk
15768471,Germany,Female,54,108755.0,1,2,2.36,246.95,0.22,0.09,269.98,24.62,218.86,High Value,High Risk
15697391,Spain,Female,34,0.0,2,1,0.03,179.63,0.0,0.0,217.51,0.24,1.22,Above Average,High Risk
15793346,France,Female,72,0.0,2,5,0.03,206.53,0.0,0.0,214.0,0.0,0.0,Below Average,High Risk
15608338,Spain,Female,55,117294.12,4,5,3.54,309.6,0.03,0.02,320.39,6.19,30.95,High Value,High Risk
15578546,Germany,Male,26,102251.14,1,5,0.03,222.63,0.0,0.0,230.62,0.0,0.0,Below Average,High Risk
15656921,France,Male,31,0.0,2,1,0.03,253.43,0.0,0.0,304.97,0.17,0.83,Above Average,High Risk
15761340,France,Male,22,0.0,2,8,0.03,154.73,0.0,0.0,158.31,0.0,0.0,Below Average,High Risk
15623219,France,Male,33,0.0,1,2,3.15,177.23,0.22,0.07,194.37,13.46,119.77,High Value,High Risk
15655229,Germany,Female,35,114285.2,1,10,0.03,331.08,0.0,0.0,336.73,0.0,0.0,Low Value,High Risk
15805884,France,Female,41,0.0,2,3,0.03,189.53,0.0,0.0,201.32,0.0,0.0,Below Average,High Risk
15668289,Spain,Male,32,76087.98,1,2,0.03,280.36,0.0,0.0,306.23,0.04,0.21,Above Average,High Risk
15568562,France,Male,40,160272.27,1,2,0.03,285.03,0.0,0.0,311.29,0.0,0.0,Average,High Risk
15773276,Spain,Male,63,114552.6,1,1,1.57,282.24,0.34,0.12,339.11,42.13,247.77,High Value,Medium Risk
15622801,France,Female,27,102000.17,1,11,0.03,241.82,0.0,0.0,245.66,0.0,0.0,Low Value,High Risk
15779886,Spain,Male,24,0.0,2,3,0.03,167.33,0.0,0.0,177.9,0.0,0.0,Average,High Risk
15713673,France,Female,33,137853.0,1,1,0.03,225.53,0.01,0.02,271.9,4.34,21.68,High Value,High Risk
15783083,France,Male,27,0.0,2,3,0.03,158.63,0.0,0.0,168.72,0.0,0.0,Below Average,High Risk
15742824,Germany,Male,42,162318.61,1,2,0.03,287.22,0.0,0.0,313.66,0.0,0.0,Average,High Risk
15755241,France,Female,52,0.0,1,2,0.79,215.13,0.23,0.25,235.48,58.69,465.74,High Value,High Risk
15575679,France,Male,24,126431.54,1,2,0.03,253.75,0.0,0.0,277.36,0.0,0.0,Average,High Risk
15668235,France,Female,41,123475.04,1,4,0.03,260.79,0.0,0.0,272.41,0.0,0.0,Average,High Risk
15683183,Germany,Female,45,97652.96,1,2,0.03,304.83,0.0,0.0,332.77,0.0,0.0,Average,High Risk
15684592,Spain,Male,42,0.0,2,6,0.03,165.53,0.0,0.0,170.63,0.0,0.0,Below Average,High Risk
15591169,Germany,Female,49,137455.99,1,1,1.57,313.71,0.34,0.12,376.4,46.76,275.01,High Value,Medium Risk
15653455,France,Female,38,0.0,2,3,0.03,192.83,0.0,0.0,204.8,0.0,0.0,Average,High Risk
15732563,Germany,Female,33,99046.31,2,12,0.03,292.92,0.0,0.0,297.11,0.0,0.0,Low Value,High Risk
15656471,France,Male,33,0.0,2,15,0.03,230.33,0.0,0.0,233.02,0.0,0.0,Low Value,High Risk
15598510,Germany,Male,27,105907.42,2,6,0.03,250.47,0.0,0.0,257.83,0.0,0.0,Below Average,High Risk
15766427,Germany,Male,52,97720.35,2,2,1.97,247.03,0.23,0.11,270.08,29.25,259.98,High Value,High Risk
15785342,France,Male,25,0.0,2,15,0.03,209.93,0.0,0.0,212.41,0.0,0.0,Low Value,High Risk
15641595,Spain,Male,43,97392.18,2,1,0.03,280.51,0.0,0.0,337.06,0.18,0.92,Above Average,High Risk
15798429,France,Male,29,0.0,2,13,0.03,220.73,0.0,0.0,223.72,0.0,0.0,Low Value,High Risk
15648136,Germany,Female,28,152812.58,1,3,0.03,275.41,0.0,0.0,291.91,0.0,0.0,Average,High Risk
15812482,France,Male,27,139301.68,1,1,0.03,249.9,0.0,0.0,300.78,0.34,1.68,Above Average,High Risk
15790810,France,Female,41,76319.64,1,14,3.94,326.58,0.0,0.0,330.55,0.01,0.04,Above Average,High Risk
15687421,Spain,Male,67,125919.35,1,3,3.54,265.67,0.13,0.05,281.64,13.88,138.82,High Value,High Risk
15765643,France,Male,37,124348.38,2,10,0.03,294.14,0.0,0.0,299.2,0.0,0.0,Below Average,High Risk
15654878,France,Male,29,117199.8,1,10,0.03,211.24,0.0,0.0,214.99,0.0,0.0,Low Value,High Risk
15686835,Germany,Female,57,148384.64,1,3,3.54,307.97,0.13,0.05,326.25,16.08,160.81,High Value,High Risk
15768340,Germany,Female,19,113905.48,1,4,0.03,268.65,0.0,0.0,280.59,0.0,0.0,Average,High Risk
15673599,Spain,Male,32,133476.09,1,7,0.03,262.51,0.0,0.0,269.07,0.0,0.0,Below Average,High Risk
15684294,France,Male,50,0.0,2,3,0.03,218.93,0.0,0.0,232.33,0.0,0.01,Average,High Risk
15615828,France,Male,34,122359.5,1,2,0.03,241.53,0.0,0.0,264.11,0.0,0.0,Average,High Risk
15615797,Germany,Male,59,108585.35,1,7,1.97,309.89,0.01,0.01,317.53,3.05,15.23,Above Average,High Risk
15788494,France,Male,31,145875.74,1,2,0.03,244.2,0.0,0.0,267.01,0.0,0.0,Average,High Risk
15793856,Spain,Female,36,121542.57,2,5,0.03,276.59,0.0,0.0,286.31,0.0,0.0,Below Average,High Risk
15629545,Spain,Female,41,109508.68,1,2,0.03,312.79,0.0,0.0,341.41,0.0,0.0,Average,High Risk
15661198,Germany,Male,34,146407.11,1,2,0.03,295.83,0.0,0.0,323.01,0.04,0.22,Above Average,High Risk
15715117,France,Female,39,0.0,1,2,0.03,221.63,0.0,0.0,242.53,0.0,0.0,Average,High Risk
15701074,Germany,Male,35,112330.83,1,11,0.03,264.66,0.0,0.0,268.83,0.0,0.0,Low Value,High Risk
15793046,France,Female,35,90413.12,1,5,0.03,260.21,0.0,0.0,269.41,0.0,0.0,Below Average,High Risk
15623744,France,Male,34,105302.66,1,11,0.03,265.73,0.0,0.0,269.92,0.0,0.0,Low Value,High Risk
15611329,Spain,Female,35,0.0,2,10,0.03,180.83,0.0,0.0,184.1,0.0,0.0,Low Value,High Risk
15781534,Germany,Female,35,121520.36,1,1,0.03,237.29,0.0,0.0,285.84,0.16,0.78,Above Average,High Risk
15618243,Spain,Female,43,103960.38,1,1,0.03,294.45,0.01,0.02,353.58,5.64,28.19,High Value,High Risk
15784161,Germany,Male,39,102945.01,1,2,0.03,250.28,0.0,0.0,273.6,0.0,0.0,Average,High Risk
15700325,France,Female,24,92760.55,1,2,0.03,267.89,0.0,0.0,292.7,0.0,0.0,Average,High Risk
15659064,Spain,Male,37,0.0,2,13,0.03,235.43,0.0,0.0,238.6,0.0,0.0,Low Value,High Risk
15658364,Germany,Female,40,134590.21,1,1,0.03,319.27,0.01,0.02,382.99,6.11,30.54,High Value,High Risk
15704340,France,Female,37,104255.03,1,3,0.03,249.76,0.0,0.0,264.86,0.0,0.0,Below Average,High Risk
15793455,Spain,Female,55,0.0,1,2,2.36,192.78,0.22,0.09,211.23,19.26,171.24,High Value,High Risk
15579777,France,Male,41,0.0,2,1,0.03,253.43,0.0,0.0,304.97,0.34,1.7,Above Average,High Risk
15632345,France,Female,35,0.0,2,1,0.03,224.63,0.0,0.0,270.84,0.15,0.74,Above Average,High Risk
15814468,Germany,Male,50,121399.98,1,1,0.39,241.78,0.34,0.42,291.16,122.22,465.74,High Value,Medium Risk
15754820,Germany,Male,35,147127.81,2,13,0.03,268.86,0.0,0.0,272.43,0.0,0.0,Low Value,High Risk
15707505,Spain,Male,31,125927.51,2,3,0.03,286.42,0.0,0.0,303.53,0.0,0.0,Average,High Risk
15699507,France,Female,25,0.0,2,12,0.03,161.03,0.0,0.0,163.49,0.0,0.0,Low Value,High Risk
15799600,Germany,Male,48,111599.32,1,1,0.03,267.92,0.01,0.02,322.14,5.14,25.68,High Value,High Risk
15794472,France,Female,27,0.0,2,1,0.03,164.33,0.0,0.0,199.38,0.22,1.11,Above Average,High Risk
15646632,France,Male,38,0.0,2,3,0.03,220.73,0.0,0.0,234.23,0.0,0.0,Below Average,High Risk
15676353,France,Male,35,114212.6,1,11,0.03,255.47,0.0,0.0,259.51,0.0,0.0,Low Value,High Risk
15566312,Spain,Female,42,0.0,3,10,1.97,196.43,0.0,0.0,199.95,0.22,1.12,Above Average,High Risk
15570414,Spain,Male,41,115251.64,1,1,0.03,261.53,0.0,0.0,314.57,0.17,0.86,Above Average,High Risk
15776743,France,Male,43,0.0,2,15,0.03,192.53,0.0,0.0,194.82,0.0,0.0,Low Value,High Risk
15674637,France,Female,68,107571.61,1,4,0.03,245.47,0.0,0.0,256.46,0.0,0.0,Average,High Risk
15739972,Germany,Female,45,152367.21,3,4,3.54,272.99,0.07,0.03,285.1,9.33,46.64,High Value,High Risk
15661591,Germany,Male,39,130969.77,2,1,0.03,200.88,0.01,0.02,242.7,3.87,19.35,High Value,High Risk
15814750,Spain,Male,34,0.0,2,13,0.03,187.13,0.0,0.0,189.71,0.0,0.0,Low Value,High Risk
15593454,Spain,Female,40,113794.22,1,1,0.03,279.45,0.0,0.0,335.8,0.18,0.92,Above Average,High Risk
15663421,Spain,Male,28,128396.33,2,2,0.03,234.95,0.0,0.0,256.97,0.0,0.0,Average,High Risk
15576196,Spain,Female,48,118207.69,2,2,1.97,299.2,0.23,0.11,326.66,35.38,314.45,High Value,High Risk
15677324,Germany,Male,73,124730.26,1,12,0.03,310.31,0.0,0.0,314.73,0.0,0.0,Low Value,High Risk
15568742,France,Female,41,0.0,1,3,0.03,159.23,0.0,0.0,169.35,0.0,0.0,Below Average,High Risk
15798200,France,Male,35,0.0,3,4,0.03,210.53,0.0,0.0,220.1,0.0,0.0,Average,High Risk
15656627,France,Male,34,0.0,2,8,0.03,179.03,0.0,0.0,183.1,0.0,0.0,Below Average,High Risk
15638269,France,Male,67,0.0,2,3,0.03,198.78,0.0,0.0,211.08,0.0,0.0,Average,High Risk
15807473,France,Male,38,0.0,2,1,0.03,149.33,0.01,0.02,181.61,2.9,14.48,Above Average,High Risk
15708534,Spain,Female,64,0.0,1,1,1.97,173.13,0.34,0.1,209.81,21.13,124.34,High Value,Medium Risk
15640686,France,Male,46,95872.86,1,1,1.97,284.91,0.34,0.1,342.27,34.48,202.83,High Value,Medium Risk
15588904,France,Male,33,0.0,1,3,3.54,206.03,0.13,0.05,218.72,10.78,107.81,High Value,High Risk
15768763,France,Male,37,0.0,1,2,0.79,167.03,0.23,0.25,183.3,45.68,404.34,High Value,High Risk
15770543,France,Male,37,74260.03,1,2,0.03,276.9,0.0,0.0,302.48,0.0,0.0,Average,High Risk
15714046,Spain,Male,33,123783.91,2,5,0.03,292.61,0.0,0.0,302.85,0.0,0.0,Below Average,High Risk
15575060,France,Male,24,0.0,2,2,0.03,237.53,0.0,0.0,259.77,0.0,0.01,Above Average,High Risk
15812040,France,Male,36,153880.15,1,2,0.03,256.26,0.0,0.0,280.09,0.0,0.0,Average,High Risk
15812073,France,Female,31,0.0,2,12,0.03,157.13,0.0,0.0,159.54,0.0,0.0,Low Value,High Risk
15706810,Germany,Female,32,106301.85,2,1,0.03,257.39,0.01,0.02,309.67,4.94,24.69,High Value,High Risk
15584090,Spain,Female,40,0.0,2,12,2.76,184.73,0.0,0.0,187.5,0.03,0.17,Above Average,High Risk
15810807,France,Female,43,0.0,2,3,0.03,152.33,0.0,0.0,162.07,0.0,0.0,Below Average,High Risk
15582033,Germany,Male,44,138076.47,1,1,1.18,303.24,0.34,0.16,363.99,59.0,346.8,High Value,Medium Risk
15687607,France,Female,30,135422.31,1,12,0.03,258.71,0.0,0.0,262.45,0.0,0.0,Low Value,High Risk
15588406,Spain,Female,37,0.0,2,3,0.03,170.63,0.0,0.0,181.38,0.0,0.0,Average,High Risk
15784099,France,Female,38,126875.62,1,1,0.03,294.57,0.0,0.0,353.73,0.11,0.55,Above Average,High Risk
15701352,Spain,Female,28,96381.68,2,1,0.03,258.24,0.0,0.0,310.67,0.35,1.74,Above Average,High Risk
15789371,Germany,Female,41,119703.1,2,6,0.03,254.29,0.0,0.0,261.75,0.0,0.0,Below Average,High Risk
15602812,Germany,Female,44,133776.86,2,3,0.03,282.33,0.0,0.0,299.21,0.0,0.01,Above Average,High Risk
15675888,Spain,Female,33,72788.03,1,12,0.03,238.07,0.0,0.0,241.54,0.0,0.0,Low Value,High Risk
15591822,Spain,Male,26,76226.9,1,3,0.03,251.28,0.0,0.0,266.45,0.0,0.0,Below Average,High Risk
15738501,Germany,Male,48,163630.76,1,12,3.54,258.77,0.0,0.0,262.51,0.04,0.18,Above Average,High Risk
15585907,Spain,Female,30,0.0,2,2,0.03,201.23,0.0,0.0,220.4,0.0,0.01,Above Average,High Risk
15579040,France,Female,46,0.0,2,4,0.03,165.23,0.0,0.0,172.96,0.0,0.0,Below Average,High Risk
15804211,France,Male,36,155423.17,1,4,0.03,293.83,0.0,0.0,306.78,0.0,0.0,Average,High Risk
15760749,Spain,Male,41,126683.8,1,10,0.03,229.46,0.0,0.0,233.5,0.0,0.0,Low Value,High Risk
15637118,France,Male,33,140700.61,1,1,0.03,282.66,0.0,0.0,339.61,0.19,0.93,Above Average,High Risk
15657829,Germany,Male,30,168078.83,1,2,3.15,320.45,0.22,0.07,349.71,24.22,215.5,High Value,High Risk
15738497,Spain,Male,44,107726.93,2,1,0.03,294.38,0.0,0.0,353.5,0.19,0.97,Above Average,High Risk
15690695,France,Female,33,0.0,2,15,0.03,203.33,0.0,0.0,205.74,0.0,0.0,Low Value,High Risk
15762351,Spain,Female,63,0.0,2,1,0.03,221.38,0.01,0.02,266.99,4.26,21.29,High Value,High Risk
15598982,Germany,Female,53,98268.84,1,7,1.97,259.42,0.01,0.01,265.91,2.55,12.75,Above Average,High Risk
15734765,France,Female,20,133800.98,1,5,0.03,298.83,0.0,0.0,309.27,0.0,0.0,Below Average,High Risk
15769516,France,Female,42,0.0,2,3,0.03,200.63,0.0,0.0,213.03,0.0,0.0,Below Average,High Risk
15789379,France,Male,26,130428.78,1,2,0.03,305.56,0.0,0.0,333.56,0.0,0.0,Average,High Risk
15695103,Spain,Male,37,0.0,2,10,0.03,235.43,0.0,0.0,239.57,0.0,0.0,Low Value,High Risk
15801924,Spain,Female,27,0.0,2,3,0.03,224.63,0.0,0.0,238.34,0.0,0.0,Average,High Risk
15767804,France,Male,44,0.0,2,2,0.03,217.13,0.0,0.0,237.65,0.0,0.0,Average,High Risk
15579994,France,Male,23,73112.95,1,11,0.03,257.9,0.0,0.0,261.97,0.0,0.0,Low Value,High Risk
15595037,France,Male,47,152347.01,1,12,0.03,309.59,0.0,0.0,314.01,0.0,0.0,Low Value,High Risk
15600720,Spain,Male,41,115144.68,1,2,0.03,271.73,0.0,0.0,296.86,0.0,0.0,Average,High Risk
15782608,France,Male,43,0.0,2,2,1.97,221.33,0.23,0.11,242.2,26.23,233.14,High Value,High Risk
15566894,France,Male,39,137817.52,1,1,0.03,315.22,0.0,0.0,378.2,0.42,2.11,Above Average,High Risk
15749123,Spain,Male,45,157332.26,1,2,0.03,301.11,0.0,0.0,328.73,0.0,0.0,Average,High Risk
15577423,Germany,Female,39,124586.93,1,1,1.97,264.75,0.34,0.1,318.39,32.07,188.68,High Value,Medium Risk
15623102,Spain,Male,38,116980.78,2,10,0.03,290.13,0.0,0.0,295.13,0.0,0.0,Below Average,High Risk
15728012,Spain,Female,40,128398.38,1,1,0.03,280.25,0.0,0.0,336.76,0.38,1.88,Above Average,High Risk
15683363,Spain,Male,39,0.0,1,1,0.03,160.43,0.01,0.02,194.76,3.11,15.53,Above Average,High Risk
15699335,Germany,Female,33,137657.25,2,5,0.03,261.82,0.0,0.0,271.07,0.0,0.0,Below Average,High Risk
15574369,Spain,Male,53,167259.44,1,7,0.03,206.87,0.0,0.0,212.16,0.0,0.0,Below Average,High Risk
15703167,France,Female,45,0.0,2,3,0.03,186.83,0.0,0.0,198.47,0.0,0.0,Average,High Risk
15754874,France,Male,26,119009.57,1,1,0.03,286.35,0.0,0.0,343.98,0.19,0.94,Above Average,High Risk
15723216,Germany,Male,33,80002.33,1,2,0.03,260.6,0.0,0.0,284.79,0.04,0.19,Above Average,High Risk
15725094,France,Female,37,140211.88,1,5,0.03,264.34,0.0,0.0,273.67,0.0,0.0,Below Average,High Risk
15647974,France,Female,44,118742.74,2,1,0.03,280.03,0.0,0.0,336.49,0.38,1.88,Above Average,High Risk
15772559,France,Female,47,148636.21,1,14,3.94,314.83,0.0,0.0,318.66,0.01,0.04,Above Average,High Risk
15719212,France,Male,33,83134.3,1,1,0.03,221.25,0.0,0.0,266.84,0.08,0.42,Above Average,High Risk
15764927,France,Male,92,121513.31,1,4,0.03,354.89,0.0,0.0,370.32,0.0,0.0,Average,High Risk
15731412,Germany,Female,37,95900.04,1,8,0.03,282.81,0.0,0.0,288.94,0.0,0.0,Below Average,High Risk
15719170,France,Female,30,112543.42,1,1,0.03,279.67,0.01,0.02,336.07,5.36,26.79,High Value,High Risk
15596011,Spain,Male,34,0.0,1,12,0.03,157.13,0.0,0.0,159.54,0.0,0.0,Low Value,High Risk
15614834,Spain,Female,31,141751.82,1,4,0.03,263.21,0.0,0.0,274.92,0.0,0.0,Average,High Risk
15600510,Spain,Female,37,124140.57,2,2,0.03,280.63,0.0,0.0,306.52,0.0,0.0,Average,High Risk
15781409,France,Female,28,0.0,1,2,0.03,248.63,0.0,0.0,271.81,0.0,0.0,Average,High Risk
15722583,Spain,Female,29,157576.47,2,10,0.03,269.02,0.0,0.0,273.68,0.0,0.0,Low Value,High Risk
15677243,Spain,Male,43,0.0,2,2,0.03,159.83,0.0,0.0,175.49,0.0,0.0,Average,High Risk
15815070,Germany,Female,44,141428.99,2,2,0.03,247.3,0.0,0.0,270.36,0.0,0.01,Above Average,High Risk
15701522,France,Female,29,0.0,2,15,0.03,211.73,0.0,0.0,214.22,0.0,0.0,Low Value,High Risk
15755978,France,Male,31,0.0,2,4,0.03,180.23,0.0,0.0,188.57,0.0,0.0,Below Average,High Risk
15722090,Spain,Male,51,81818.49,1,8,0.03,259.6,0.0,0.0,265.27,0.0,0.0,Below Average,High Risk
15783526,France,Male,36,100895.54,1,1,0.03,251.95,0.01,0.02,303.21,4.83,24.17,High Value,High Risk
15632125,Germany,Male,45,63832.43,1,7,0.03,253.99,0.0,0.0,260.36,0.0,0.0,Below Average,High Risk
15688395,France,Male,29,0.0,2,1,0.03,173.03,0.0,0.0,209.69,0.11,0.57,Above Average,High Risk
15666975,France,Female,36,116085.06,1,1,0.03,289.18,0.0,0.0,347.34,0.19,0.95,Above Average,High Risk
15682211,France,Male,57,0.0,2,1,0.03,147.28,0.01,0.02,179.18,2.86,14.29,Above Average,High Risk
15637411,France,Male,30,0.0,2,1,0.03,223.13,0.01,0.02,269.07,4.29,21.45,High Value,High Risk
15591512,Germany,Female,33,115761.51,1,2,0.79,245.36,0.23,0.25,268.27,66.86,465.74,High Value,High Risk
15606855,Spain,Male,26,0.0,2,10,0.03,217.43,0.0,0.0,221.28,0.0,0.0,Low Value,High Risk
15763683,Germany,Male,32,139626.01,1,5,1.57,280.81,0.03,0.04,290.67,12.07,60.33,High Value,High Risk
15641782,France,Female,31,0.0,1,10,2.76,160.43,0.0,0.0,163.38,0.13,0.67,Above Average,High Risk
15677184,France,Female,35,115576.44,1,8,0.03,306.25,0.0,0.0,312.85,0.0,0.0,Below Average,High Risk
15775042,France,Female,23,0.0,2,1,0.03,182.93,0.0,0.0,221.43,0.12,0.6,Above Average,High Risk
15616630,Germany,Female,41,77647.6,1,1,0.03,248.4,0.0,0.0,299.01,0.09,0.47,Above Average,High Risk
15800233,France,Female,40,0.0,2,2,0.03,253.43,0.0,0.0,277.02,0.0,0.01,Above Average,High Risk
15588419,Germany,Female,34,148962.46,1,3,3.94,273.14,0.13,0.04,289.52,12.89,128.91,High Value,High Risk
15595557,France,Male,22,0.0,2,3,0.03,237.83,0.0,0.0,252.27,0.0,0.0,Average,High Risk
15626143,France,Male,37,0.0,2,3,0.03,206.93,0.0,0.0,219.67,0.0,0.01,Average,High Risk
15566030,Germany,Male,41,80542.81,1,1,1.97,222.84,0.34,0.1,268.72,27.07,159.25,High Value,Medium Risk
15701412,France,Male,40,0.0,2,1,0.03,220.13,0.0,0.0,265.51,0.15,0.73,Above Average,High Risk
15702464,France,Female,34,0.0,2,1,0.03,163.13,0.0,0.0,197.96,0.11,0.54,Above Average,High Risk
15573348,France,Male,35,102050.47,1,12,0.03,330.32,0.0,0.0,335.01,0.0,0.0,Low Value,High Risk
15704160,Spain,Male,49,0.0,1,1,1.97,192.83,0.34,0.1,233.16,23.48,138.17,High Value,Medium Risk
15693704,France,Female,24,114948.76,2,10,0.03,279.81,0.0,0.0,284.65,0.0,0.0,Below Average,High Risk
15664752,Germany,Male,39,136000.45,2,3,0.03,259.04,0.0,0.0,274.64,0.0,0.0,Average,High Risk
15628292,France,Male,32,156001.68,2,6,0.03,333.15,0.0,0.0,342.72,0.0,0.0,Below Average,High Risk
15621195,Germany,Male,41,147974.16,2,1,0.03,263.5,0.0,0.0,316.9,0.35,1.77,Above Average,High Risk
15635197,Germany,Male,26,90402.77,1,7,0.03,266.51,0.0,0.0,273.17,0.0,0.0,Below Average,High Risk
15592761,France,Male,40,0.0,2,2,0.03,211.43,0.0,0.0,231.46,0.0,0.01,Above Average,High Risk
15574283,France,Male,31,0.0,2,3,0.03,172.43,0.0,0.0,183.28,0.0,0.0,Average,High Risk
15598097,France,Male,44,0.0,2,3,0.03,163.43,0.0,0.0,173.78,0.0,0.0,Below Average,High Risk
15711352,France,Female,31,162701.65,2,5,0.03,330.73,0.0,0.0,342.2,0.0,0.0,Below Average,High Risk
15656717,France,Female,30,0.0,2,2,0.03,204.53,0.0,0.0,223.98,0.0,0.0,Average,High Risk
15643121,Germany,Female,35,82453.96,2,2,0.03,299.8,0.0,0.0,327.31,0.0,0.01,Above Average,High Risk
15723671,France,Male,35,100107.99,1,3,0.03,273.49,0.0,0.0,289.89,0.0,0.0,Average,High Risk
15752846,France,Male,28,0.0,2,12,0.03,208.13,0.0,0.0,211.21,0.0,0.0,Low Value,High Risk
15640852,Germany,Female,39,83348.89,3,2,1.97,259.07,0.23,0.11,283.14,30.67,272.55,High Value,High Risk
15789313,Germany,Female,44,96553.52,2,1,1.57,253.45,0.34,0.12,305.0,37.89,222.84,High Value,Medium Risk
15793688,France,Male,50,201009.64,1,3,3.54,280.54,0.13,0.05,297.32,14.66,146.55,High Value,High Risk
15770405,France,Female,27,125167.74,1,1,0.03,260.58,0.0,0.0,313.45,0.1,0.49,Above Average,High Risk
15702561,France,Male,32,0.0,1,12,0.03,233.03,0.0,0.0,236.44,0.0,0.0,Low Value,High Risk
15625964,France,Female,43,153313.67,1,1,0.03,252.63,0.0,0.0,304.03,0.09,0.47,Above Average,High Risk
15761364,France,Male,30,0.0,2,3,0.03,202.13,0.0,0.0,214.61,0.0,0.0,Below Average,High Risk
15587978,Germany,Female,37,170057.62,1,8,0.03,215.23,0.0,0.0,220.01,0.0,0.0,Below Average,High Risk
15773242,France,Male,32,0.0,2,1,0.03,184.73,0.01,0.02,223.56,3.56,17.82,High Value,High Risk
15764253,France,Male,32,160485.16,1,2,0.03,300.94,0.0,0.0,328.55,0.0,0.0,Average,High Risk
15700801,Germany,Male,42,84445.68,3,12,2.36,329.06,0.0,0.0,333.73,0.07,0.34,Above Average,High Risk
15643916,Spain,Male,46,62400.48,1,11,3.15,257.74,0.0,0.0,261.81,0.09,0.44,Above Average,High Risk
15720636,France,Female,50,143054.56,1,5,1.57,265.97,0.03,0.04,275.36,11.43,57.15,High Value,High Risk
15795429,France,Male,24,133628.09,2,12,0.03,223.22,0.0,0.0,226.49,0.0,0.0,Low Value,High Risk
15609254,Spain,Female,41,107135.04,2,15,0.03,229.55,0.0,0.0,232.22,0.0,0.0,Low Value,High Risk
15625141,Spain,Male,26,0.0,2,3,0.03,167.33,0.0,0.0,177.9,0.0,0.0,Average,High Risk
15810898,France,Female,65,151659.52,2,3,0.03,337.61,0.0,0.0,357.53,0.0,0.01,Above Average,High Risk
15775797,Spain,Female,32,0.0,3,14,0.03,180.53,0.0,0.0,182.85,0.0,0.0,Low Value,High Risk
15795246,Germany,Female,51,155903.82,2,15,0.03,267.8,0.0,0.0,270.88,0.0,0.0,Low Value,High Risk
15795275,Spain,Female,49,82940.25,2,1,1.57,230.24,0.34,0.12,277.49,34.47,202.74,High Value,Medium Risk
15571869,Germany,Female,50,112650.89,1,1,1.57,276.68,0.34,0.12,332.52,41.31,242.95,High Value,Medium Risk
15694143,France,Female,41,0.0,1,3,0.03,204.23,0.0,0.0,216.82,0.0,0.0,Below Average,High Risk
15748231,Germany,Male,35,95853.39,2,1,0.03,284.9,0.0,0.0,342.27,0.19,0.93,Above Average,High Risk
15806249,Spain,Female,31,0.0,2,6,0.03,199.73,0.0,0.0,205.74,0.0,0.0,Below Average,High Risk
15743293,Germany,Female,35,163700.78,3,2,0.39,273.77,0.23,0.44,299.08,132.87,465.74,High Value,High Risk
15598157,France,Male,34,106328.08,1,1,0.03,294.0,0.0,0.0,353.04,0.19,0.96,Above Average,High Risk
15700946,France,Female,34,152992.91,1,10,0.03,250.22,0.0,0.0,254.59,0.0,0.0,Low Value,High Risk
15722692,France,Male,38,116439.65,1,1,0.03,215.4,0.0,0.0,259.9,0.29,1.45,Above Average,High Risk
15696506,Spain,Male,27,101352.78,1,3,0.03,256.48,0.0,0.0,271.94,0.0,0.0,Average,High Risk
15728823,Spain,Female,37,0.0,2,4,0.03,249.23,0.0,0.0,260.38,0.0,0.0,Below Average,High Risk
15808851,Germany,Female,75,105609.17,1,12,0.03,260.1,0.0,0.0,263.86,0.0,0.0,Low Value,High Risk
15675231,France,Female,45,0.0,2,13,0.03,153.83,0.0,0.0,156.01,0.0,0.0,Low Value,High Risk
15732299,France,Male,67,0.0,3,8,0.03,246.48,0.0,0.0,251.89,0.0,0.0,Below Average,High Risk
15706269,France,Female,47,103894.38,2,13,0.03,222.14,0.0,0.0,225.15,0.0,0.0,Low Value,High Risk
15590078,Spain,Male,27,139834.93,1,12,0.03,264.02,0.0,0.0,267.83,0.0,0.0,Low Value,High Risk
15776985,France,Female,36,112518.71,2,10,0.03,271.57,0.0,0.0,276.28,0.0,0.0,Low Value,High Risk
15756743,France,Female,37,115895.42,1,2,0.03,263.67,0.0,0.0,288.12,0.0,0.0,Average,High Risk
15782364,Spain,Female,39,146408.68,1,1,0.03,234.03,0.0,0.0,281.98,0.32,1.58,Above Average,High Risk
15604093,France,Male,34,165363.31,2,6,1.57,242.34,0.02,0.02,249.48,5.66,28.32,High Value,High Risk
15656322,Germany,Male,33,71843.15,1,1,0.03,244.28,0.0,0.0,294.13,0.33,1.64,Above Average,High Risk
15685564,Spain,Male,35,105492.53,1,7,0.03,299.94,0.0,0.0,307.36,0.0,0.0,Below Average,High Risk
15785831,France,Male,35,183027.25,1,10,0.03,256.52,0.0,0.0,260.98,0.0,0.0,Low Value,High Risk
15796218,Germany,Male,29,131968.57,2,1,0.03,321.24,0.01,0.02,385.32,6.14,30.72,High Value,High Risk
15716218,France,Female,45,104118.5,1,4,0.03,288.16,0.0,0.0,300.88,0.0,0.0,Average,High Risk
15572735,Spain,Male,27,0.0,2,3,0.03,128.33,0.0,0.0,136.76,0.0,0.0,Average,High Risk
15608760,France,Female,30,74323.2,1,5,0.03,270.01,0.0,0.0,279.52,0.0,0.0,Below Average,High Risk
15627848,France,Male,38,109346.13,2,3,0.03,280.68,0.0,0.0,297.47,0.0,0.0,Average,High Risk
15792029,France,Male,32,0.0,2,2,0.03,184.43,0.0,0.0,202.18,0.0,0.0,Average,High Risk
15617331,Germany,Female,39,109698.41,1,4,1.18,266.9,0.07,0.09,278.76,25.49,127.44,High Value,High Risk
15651740,Spain,Female,30,0.0,2,8,0.03,155.93,0.0,0.0,159.54,0.0,0.0,Below Average,High Risk
15636407,Germany,Female,34,127758.09,1,1,0.03,314.72,0.0,0.0,377.6,0.12,0.59,Above Average,High Risk
15632576,France,Male,31,93249.4,1,1,0.03,230.72,0.0,0.0,278.06,0.15,0.76,Above Average,High Risk
15581505,France,Male,35,0.0,2,2,0.03,190.73,0.0,0.0,209.01,0.0,0.01,Average,High Risk
15612207,Germany,Female,51,87779.83,1,1,0.39,327.57,0.34,0.42,392.83,164.89,465.74,High Value,Medium Risk
15707242,Spain,Male,40,0.0,2,2,0.03,149.63,0.0,0.0,164.43,0.0,0.0,Average,High Risk
15773852,Germany,Male,38,70362.52,2,6,0.03,232.74,0.0,0.0,239.63,0.0,0.0,Below Average,High Risk
15650538,Germany,Female,48,168286.58,1,2,2.76,212.16,0.22,0.08,232.25,18.28,162.61,High Value,High Risk
15797475,France,Male,44,86102.27,1,1,1.18,290.19,0.34,0.16,348.53,56.49,332.07,High Value,Medium Risk
15780359,Germany,Male,25,115142.9,1,5,0.03,269.03,0.0,0.0,278.51,0.0,0.0,Below Average,High Risk
15776725,Germany,Male,54,172192.49,1,11,0.03,301.01,0.0,0.0,305.7,0.0,0.0,Low Value,High Risk
15790958,Spain,Male,38,0.0,2,6,0.03,203.93,0.0,0.0,210.05,0.0,0.0,Below Average,High Risk
15747534,France,Male,46,0.0,1,3,3.94,176.93,0.13,0.04,188.03,8.37,83.72,High Value,High Risk
15574237,France,Female,21,0.0,2,13,0.03,174.83,0.0,0.0,177.26,0.0,0.0,Low Value,High Risk
15690332,Germany,Male,35,192407.97,1,4,0.03,273.65,0.0,0.0,285.78,0.0,0.0,Average,High Risk
15661290,Germany,Female,38,107199.75,1,3,0.03,311.15,0.0,0.0,329.61,0.0,0.0,Average,High Risk
15651883,Germany,Female,55,115796.7,1,2,2.36,320.61,0.22,0.09,349.89,31.9,283.64,High Value,High Risk
15808905,France,Male,37,164858.18,1,7,0.03,325.42,0.0,0.0,333.42,0.0,0.0,Below Average,High Risk
15715532,Germany,Male,38,117633.28,1,5,0.03,282.37,0.0,0.0,292.28,0.0,0.0,Below Average,High Risk
15786078,France,Female,28,0.0,2,3,0.03,253.43,0.0,0.0,268.73,0.0,0.0,Average,High Risk
15652401,France,Female,36,0.0,2,3,0.03,147.23,0.0,0.0,156.69,0.0,0.0,Average,High Risk
15673074,Germany,Female,30,126663.51,1,8,0.03,234.86,0.0,0.0,240.04,0.0,0.0,Below Average,High Risk
15598744,Germany,Female,71,140273.47,1,8,2.36,276.49,0.0,0.0,282.5,1.14,5.72,Above Average,High Risk
15785975,Spain,Female,60,0.0,2,12,0.03,168.43,0.0,0.0,170.98,0.0,0.0,Low Value,High Risk
15613180,Germany,Male,21,153344.72,1,11,0.03,296.14,0.0,0.0,300.76,0.0,0.0,Low Value,High Risk
15584229,Germany,Female,23,123943.18,1,12,0.03,277.92,0.0,0.0,281.91,0.0,0.0,Low Value,High Risk
15773804,France,Male,39,0.0,1,1,0.03,185.93,0.0,0.0,224.98,0.07,0.35,Above Average,High Risk
15699515,Germany,Male,33,98630.31,2,12,0.03,267.99,0.0,0.0,271.86,0.0,0.0,Low Value,High Risk
15705313,France,Female,33,58036.33,1,2,0.03,283.66,0.0,0.0,309.81,0.04,0.21,Above Average,High Risk
15693817,Spain,Male,28,0.0,2,2,0.03,160.13,0.0,0.0,175.82,0.0,0.0,Average,High Risk
15673790,Germany,Male,45,109200.74,2,12,0.03,225.17,0.0,0.0,228.47,0.0,0.0,Low Value,High Risk
15692110,France,Female,33,0.0,1,2,0.03,225.83,0.0,0.0,247.08,0.0,0.0,Average,High Risk
15645904,France,Female,33,0.0,2,10,0.03,203.93,0.0,0.0,207.57,0.0,0.0,Low Value,High Risk
15581332,Germany,Female,30,83173.98,2,1,0.03,270.46,0.01,0.02,325.15,5.18,25.92,High Value,High Risk
15808544,France,Female,40,0.0,1,1,1.18,222.53,0.34,0.16,268.35,43.5,255.68,High Value,Medium Risk
15734948,Spain,Male,24,0.0,2,3,0.03,178.73,0.0,0.0,189.92,0.0,0.0,Average,High Risk
15654531,France,Male,22,82559.42,2,2,1.97,217.01,0.23,0.11,237.51,25.73,228.63,High Value,High Risk
15637774,France,Male,32,73494.21,1,1,0.03,240.53,0.0,0.0,289.69,0.09,0.45,Above Average,High Risk
15677141,Spain,Male,29,132450.24,1,2,0.03,252.86,0.0,0.0,276.4,0.04,0.19,Above Average,High Risk
15739578,France,Male,49,128663.9,1,2,2.36,331.87,0.22,0.09,362.1,33.01,293.54,High Value,High Risk
15697360,France,Female,36,79951.9,1,2,0.79,225.19,0.23,0.25,246.39,61.41,465.74,High Value,High Risk
15655213,Germany,Female,51,132508.3,1,11,3.15,255.61,0.0,0.0,259.65,0.09,0.44,Above Average,High Risk
15683213,France,Female,35,74988.59,2,17,0.03,239.47,0.0,0.0,241.92,0.0,0.0,Low Value,High Risk
15801188,France,Female,47,94722.88,1,8,0.03,307.02,0.0,0.0,313.64,0.0,0.0,Below Average,High Risk
15645029,Spain,Female,33,0.0,2,2,0.03,229.73,0.0,0.0,251.31,0.0,0.01,Above Average,High Risk
15633181,France,Male,31,71269.89,2,10,0.03,310.53,0.0,0.0,315.85,0.0,0.0,Below Average,High Risk
15598259,Germany,Female,41,98612.1,1,3,0.03,276.99,0.0,0.0,293.58,0.0,0.0,Average,High Risk
15576000,France,Male,40,138033.55,1,8,0.03,306.83,0.0,0.0,313.44,0.0,0.0,Below Average,High Risk
15766047,France,Female,41,91621.69,1,2,0.03,299.0,0.0,0.0,326.45,0.04,0.22,Above Average,High Risk
15596339,France,Male,54,140014.42,1,4,0.03,209.03,0.0,0.0,218.54,0.0,0.0,Average,High Risk
15715199,Spain,Male,27,126815.97,2,8,0.03,247.17,0.0,0.0,252.59,0.0,0.0,Below Average,High Risk
15615938,France,Female,64,139663.37,1,4,0.03,245.51,0.0,0.0,256.51,0.0,0.0,Average,High Risk
15679991,France,Female,28,0.0,2,12,0.03,155.63,0.0,0.0,158.02,0.0,0.0,Low Value,High Risk
15792934,France,Male,26,0.0,2,3,0.03,196.73,0.0,0.0,208.91,0.0,0.0,Average,High Risk
15744046,Spain,Male,33,0.0,2,13,0.03,180.23,0.0,0.0,182.73,0.0,0.0,Low Value,High Risk
15700826,Germany,Female,54,123699.28,2,1,0.03,285.0,0.01,0.02,342.39,5.46,27.3,High Value,High Risk
15756301,Germany,Female,29,97325.15,1,4,0.03,265.81,0.0,0.0,277.62,0.0,0.0,Average,High Risk
15586517,France,Male,32,97041.16,1,7,0.03,269.09,0.0,0.0,275.8,0.0,0.0,Below Average,High Risk
15751297,France,Male,36,0.0,2,2,0.03,218.03,0.0,0.0,238.62,0.0,0.01,Above Average,High Risk
15679307,France,Female,43,0.0,1,1,0.03,166.13,0.01,0.02,201.52,3.21,16.07,Above Average,High Risk
15610753,France,Male,28,104367.5,1,4,0.03,249.77,0.0,0.0,260.94,0.0,0.0,Average,High Risk
15811036,France,Male,46,135369.71,1,10,0.03,246.71,0.0,0.0,251.02,0.0,0.0,Low Value,High Risk
15610912,Spain,Female,41,112119.48,1,2,0.03,273.05,0.0,0.0,298.3,0.0,0.0,Average,High Risk
15619932,France,Male,66,123760.68,1,10,0.03,350.71,0.0,0.0,356.67,0.0,0.0,Low Value,High Risk
15746199,France,Female,41,0.0,1,8,2.36,165.83,0.0,0.0,169.63,0.69,3.43,Above Average,High Risk
15584967,Spain,Male,57,0.0,2,10,0.03,185.98,0.0,0.0,189.33,0.0,0.0,Low Value,High Risk
15734365,France,Male,39,0.0,2,8,0.03,172.13,0.0,0.0,176.06,0.0,0.0,Below Average,High Risk
15726960,France,Female,36,0.0,2,5,0.03,220.73,0.0,0.0,228.66,0.0,0.0,Below Average,High Risk
15665177,France,Male,44,0.0,2,5,0.03,182.33,0.0,0.0,189.02,0.0,0.0,Below Average,High Risk
15779915,Spain,Male,31,0.0,1,1,0.03,206.63,0.0,0.0,249.51,0.08,0.39,Above Average,High Risk
15729110,Spain,Female,42,0.0,2,3,2.76,217.13,0.13,0.06,230.43,14.45,144.51,High Value,High Risk
15678374,France,Female,59,0.0,2,8,0.03,209.48,0.0,0.0,214.15,0.0,0.0,Below Average,High Risk
15792679,France,Male,24,0.0,2,3,0.03,170.93,0.0,0.0,181.7,0.0,0.0,Average,High Risk
15668767,France,Male,36,0.0,2,1,0.03,253.43,0.0,0.0,304.97,0.34,1.7,Above Average,High Risk
15761886,France,Male,36,172381.8,1,5,0.03,300.82,0.0,0.0,311.32,0.0,0.0,Below Average,High Risk
15583076,Germany,Male,41,106116.56,2,2,0.03,251.98,0.0,0.0,275.45,0.0,0.0,Average,High Risk
15815615,France,Male,36,141952.07,1,7,0.03,281.82,0.0,0.0,288.82,0.0,0.0,Below Average,High Risk
15591942,Spain,Female,33,0.0,2,12,0.03,181.73,0.0,0.0,184.46,0.0,0.0,Low Value,High Risk
15724924,France,Female,37,138497.84,1,8,0.03,254.06,0.0,0.0,259.61,0.0,0.0,Below Average,High Risk
15567893,Germany,Male,33,124213.36,2,1,0.03,243.43,0.0,0.0,293.12,0.33,1.64,Above Average,High Risk
15648989,France,Male,37,126872.6,1,1,0.03,331.77,0.0,0.0,397.81,0.22,1.09,Above Average,High Risk
15691627,France,Female,37,0.0,1,11,0.03,212.33,0.0,0.0,215.75,0.0,0.0,Low Value,High Risk
15731751,France,Female,26,120923.52,1,1,0.03,207.55,0.01,0.02,250.6,4.0,19.98,High Value,High Risk
15635277,Spain,Male,47,142643.54,1,2,0.03,259.05,0.0,0.0,283.12,0.0,0.0,Average,High Risk
15655252,Germany,Male,41,79857.64,1,14,0.03,301.09,0.0,0.0,304.77,0.0,0.0,Low Value,High Risk
15803941,France,Male,46,95502.21,1,3,0.03,254.88,0.0,0.0,270.25,0.0,0.0,Below Average,High Risk
15714380,France,Male,38,0.0,2,2,0.03,246.53,0.0,0.0,269.54,0.0,0.01,Above Average,High Risk
15666559,Germany,Male,23,197715.93,2,13,0.03,262.13,0.0,0.0,265.62,0.0,0.0,Low Value,High Risk
15799998,France,Female,30,85859.76,1,2,0.03,256.57,0.0,0.0,280.42,0.0,0.0,Average,High Risk
15703763,France,Male,44,85304.27,1,10,0.03,240.33,0.0,0.0,244.54,0.0,0.0,Low Value,High Risk
15780056,Spain,Male,33,0.0,1,1,0.03,196.43,0.0,0.0,237.42,0.13,0.65,Above Average,High Risk
15777873,France,Female,31,0.0,1,1,1.97,186.83,0.34,0.1,226.05,22.77,133.96,High Value,Medium Risk
15584749,Germany,Male,39,79896.0,1,1,0.03,274.09,0.0,0.0,329.45,0.18,0.9,Above Average,High Risk
15765258,France,Female,29,0.0,2,8,0.03,231.23,0.0,0.0,236.34,0.0,0.0,Below Average,High Risk
15623346,France,Male,36,0.0,2,1,0.03,244.43,0.0,0.0,294.31,0.16,0.8,Above Average,High Risk
15614054,France,Male,36,0.0,2,1,0.03,197.93,0.01,0.02,239.2,3.81,19.07,High Value,High Risk
15766185,Germany,Male,31,146587.3,1,5,0.03,332.74,0.0,0.0,344.27,0.0,0.0,Below Average,High Risk
15667632,France,Female,42,0.0,2,12,0.03,209.33,0.0,0.0,212.42,0.0,0.0,Low Value,High Risk
15599024,Spain,Male,32,0.0,2,13,0.03,150.23,0.0,0.0,152.36,0.0,0.0,Low Value,High Risk
15798709,Spain,Male,32,109109.33,1,4,0.03,252.17,0.0,0.0,263.43,0.0,0.0,Average,High Risk
15741921,Spain,Female,26,0.0,2,13,0.03,185.03,0.0,0.0,187.59,0.0,0.0,Low Value,High Risk
15793671,France,Male,34,0.0,1,1,0.03,180.23,0.0,0.0,218.23,0.07,0.34,Above Average,High Risk
15797900,France,Male,56,142147.32,1,3,3.54,240.13,0.13,0.05,254.69,12.55,125.54,High Value,High Risk
15667932,Spain,Female,43,0.0,2,17,0.03,225.83,0.0,0.0,228.16,0.0,0.0,Low Value,High Risk
15795933,France,Female,49,0.0,2,5,0.03,201.53,0.0,0.0,208.84,0.0,0.0,Below Average,High Risk
15736299,France,Female,36,109106.8,1,2,0.03,294.47,0.0,0.0,321.53,0.0,0.0,Average,High Risk
15724663,Spain,Female,36,0.0,2,2,0.03,194.63,0.0,0.0,213.24,0.0,0.01,Average,High Risk
15594556,Spain,Male,52,0.0,2,13,0.03,186.63,0.0,0.0,189.21,0.0,0.0,Low Value,High Risk
15737169,Spain,Male,26,144238.7,1,11,0.03,270.23,0.0,0.0,274.48,0.0,0.0,Low Value,High Risk
15632472,Spain,Female,32,159397.75,1,1,0.03,219.89,0.01,0.02,265.23,4.23,21.15,High Value,High Risk
15722813,Spain,Male,30,125385.01,1,1,0.03,217.69,0.0,0.0,262.62,0.14,0.72,Above Average,High Risk
15588450,France,Female,60,69365.25,1,11,0.03,275.15,0.0,0.0,279.47,0.0,0.0,Low Value,High Risk
15736717,France,Male,31,155271.83,1,10,0.03,258.72,0.0,0.0,263.22,0.0,0.0,Low Value,High Risk
15680683,Spain,Male,29,197200.04,2,2,0.03,271.71,0.0,0.0,296.85,0.0,0.01,Above Average,High Risk
15710316,Spain,Female,48,144837.79,1,7,0.03,213.86,0.0,0.0,219.31,0.0,0.0,Below Average,High Risk
15746333,France,Female,57,0.0,3,1,1.18,175.78,0.34,0.16,212.95,34.52,202.89,High Value,Medium Risk
15606861,France,Male,34,0.0,2,3,0.03,189.23,0.0,0.0,201.0,0.0,0.0,Average,High Risk
15641285,Spain,Male,50,163085.79,1,4,0.03,264.75,0.0,0.0,276.52,0.0,0.0,Average,High Risk
15662908,Germany,Male,38,125903.22,2,12,0.03,315.22,0.0,0.0,319.71,0.0,0.0,Low Value,High Risk
15814267,France,Male,22,154377.3,1,8,0.03,243.08,0.0,0.0,248.42,0.0,0.0,Below Average,High Risk
15614923,Spain,Male,41,107511.52,1,10,0.03,264.67,0.0,0.0,269.27,0.0,0.0,Low Value,High Risk
15579223,Germany,Male,30,127406.5,1,2,0.03,248.7,0.0,0.0,271.89,0.0,0.0,Average,High Risk
15651389,Spain,Male,24,143656.55,1,11,0.03,245.9,0.0,0.0,249.8,0.0,0.0,Low Value,High Risk
15677087,France,Female,39,138106.75,1,1,0.03,275.94,0.0,0.0,331.64,0.1,0.52,Above Average,High Risk
15665784,France,Male,27,128940.24,1,3,0.03,267.98,0.0,0.0,284.07,0.0,0.0,Average,High Risk
15576706,Germany,Male,37,114453.58,1,12,0.03,271.39,0.0,0.0,275.29,0.0,0.0,Low Value,High Risk
15587299,France,Female,48,0.0,1,1,0.03,168.53,0.0,0.0,204.36,0.23,1.14,Above Average,High Risk
15655389,France,Male,41,131762.94,1,1,0.03,268.42,0.01,0.02,322.74,5.15,25.73,High Value,High Risk
15784491,France,Female,31,0.0,1,2,0.03,215.93,0.0,0.0,236.34,0.0,0.0,Average,High Risk
15809999,France,Female,41,150300.65,2,1,0.03,290.6,0.0,0.0,349.02,0.39,1.95,Above Average,High Risk
15681115,Spain,Male,39,108935.39,1,14,0.03,311.86,0.0,0.0,315.66,0.0,0.0,Low Value,High Risk
15629390,France,Male,37,135847.47,1,2,0.03,273.13,0.0,0.0,298.38,0.0,0.0,Average,High Risk
15792668,Germany,Male,37,109908.06,2,3,2.76,274.12,0.13,0.06,290.54,18.22,182.21,High Value,High Risk
15583863,Germany,Male,49,142946.18,1,2,3.15,281.87,0.22,0.07,307.86,21.32,189.71,High Value,High Risk
15681878,Germany,Male,45,104339.11,2,5,1.18,206.27,0.03,0.05,213.73,11.53,57.64,High Value,High Risk
15782875,France,Male,33,157274.36,2,8,0.03,277.1,0.0,0.0,283.12,0.0,0.0,Below Average,High Risk
15735909,Germany,Female,39,105103.33,1,2,3.15,257.62,0.22,0.07,281.56,19.5,173.5,High Value,High Risk
15653448,France,Male,34,0.0,2,12,0.03,224.63,0.0,0.0,227.93,0.0,0.0,Low Value,High Risk
15727499,Germany,Female,36,129118.5,2,1,0.03,276.69,0.0,0.0,332.53,0.37,1.86,Above Average,High Risk
15724838,France,Female,43,0.0,1,1,0.03,178.13,0.0,0.0,215.74,0.12,0.59,Above Average,High Risk
15588933,France,Female,36,146053.66,1,4,0.03,325.21,0.0,0.0,339.44,0.0,0.0,Average,High Risk
15763111,Spain,Female,67,124577.15,1,14,0.03,340.3,0.0,0.0,344.42,0.0,0.0,Low Value,High Risk
15805676,Spain,Male,29,151012.55,2,1,0.03,232.43,0.0,0.0,280.09,0.15,0.76,Above Average,High Risk
15586674,Spain,Female,58,216109.88,1,7,1.97,289.22,0.01,0.01,296.39,2.84,14.22,Above Average,High Risk
15776629,France,Female,39,0.0,2,1,0.03,193.43,0.0,0.0,233.87,0.13,0.64,Above Average,High Risk
15647207,France,Male,26,0.0,2,3,0.03,181.13,0.0,0.0,192.46,0.0,0.0,Average,High Risk
15715638,Germany,Male,77,27517.15,2,5,0.03,347.53,0.0,0.0,359.55,0.0,0.0,Below Average,High Risk
15750602,France,Male,29,147092.65,1,1,0.03,276.36,0.0,0.0,332.14,0.1,0.52,Above Average,High Risk
15766810,Germany,Female,51,92246.14,2,3,0.03,285.6,0.0,0.0,302.66,0.0,0.01,Above Average,High Risk
15756625,France,Female,41,0.0,2,3,3.15,224.03,0.13,0.06,237.71,13.12,131.21,High Value,High Risk
15639552,Germany,Female,40,148897.02,1,2,0.03,258.74,0.0,0.0,282.78,0.0,0.0,Average,High Risk
15633213,Spain,Male,50,0.0,1,2,3.15,186.83,0.22,0.07,204.78,14.18,126.19,High Value,High Risk
15610416,France,Female,36,0.0,1,3,3.54,221.93,0.13,0.05,235.5,11.61,116.08,High Value,High Risk
15715208,Germany,Female,33,138335.96,1,14,0.03,318.55,0.0,0.0,322.43,0.0,0.0,Low Value,High Risk
15619608,Germany,Female,50,92895.56,1,3,3.94,210.89,0.13,0.04,223.85,9.97,99.67,High Value,High Risk
15628697,Spain,Male,46,160736.63,1,12,0.03,267.65,0.0,0.0,271.51,0.0,0.0,Low Value,High Risk
15643826,France,Male,32,0.0,2,6,0.03,149.33,0.0,0.0,153.99,0.0,0.0,Below Average,High Risk
15718588,France,Female,37,0.0,2,3,0.03,162.83,0.0,0.0,173.15,0.0,0.0,Below Average,High Risk
15709741,France,Male,28,107141.27,1,1,0.03,276.05,0.0,0.0,331.77,0.18,0.91,Above Average,High Risk
15717328,France,Female,37,132446.08,2,1,1.57,329.66,0.34,0.12,395.31,49.11,288.82,High Value,Medium Risk
15771299,France,Female,57,92053.0,1,1,0.39,295.48,0.34,0.42,354.81,148.93,465.74,High Value,Medium Risk
15706223,Spain,Male,38,96798.79,2,3,0.03,289.47,0.0,0.0,306.74,0.0,0.01,Above Average,High Risk
15612358,Germany,Male,35,134498.54,2,15,0.03,249.06,0.0,0.0,251.95,0.0,0.0,Low Value,High Risk
15769191,France,Male,55,132387.91,2,13,0.03,236.01,0.0,0.0,239.18,0.0,0.0,Low Value,High Risk
15618816,Germany,Female,40,147171.2,1,2,0.03,278.76,0.0,0.0,304.49,0.04,0.2,Above Average,High Risk
15730810,Spain,Male,44,100524.69,1,12,0.03,259.12,0.0,0.0,262.87,0.0,0.0,Low Value,High Risk
15616213,Germany,Female,51,138214.5,1,3,3.54,245.09,0.13,0.05,259.93,12.81,128.12,High Value,High Risk
15611287,France,Female,30,0.0,2,6,0.03,231.53,0.0,0.0,238.39,0.0,0.0,Below Average,High Risk
15786454,Spain,Male,55,0.0,1,4,0.03,170.28,0.0,0.0,178.22,0.0,0.0,Average,High Risk
15768682,Spain,Male,39,0.0,1,4,0.03,190.43,0.0,0.0,199.19,0.0,0.0,Average,High Risk
15766172,France,Male,34,128743.55,1,1,0.03,239.17,0.0,0.0,288.07,0.32,1.61,Above Average,High Risk
15637646,France,Male,31,122647.32,1,3,0.03,303.35,0.0,0.0,321.38,0.0,0.0,Below Average,High Risk
15653404,Spain,Female,24,79263.9,1,12,0.03,278.84,0.0,0.0,282.84,0.0,0.0,Low Value,High Risk
15690546,France,Female,42,0.0,4,1,0.79,183.83,0.34,0.23,222.49,51.94,304.92,High Value,Medium Risk
15735636,France,Female,53,121389.78,1,2,0.79,261.43,0.23,0.25,285.69,71.2,465.74,High Value,High Risk
15605424,Spain,Male,38,123906.55,1,2,0.03,263.82,0.0,0.0,288.28,0.0,0.0,Average,High Risk
15568449,Spain,Male,38,143006.7,1,10,0.03,275.87,0.0,0.0,280.64,0.0,0.0,Low Value,High Risk
15688085,Spain,Female,28,157597.61,1,4,0.03,266.32,0.0,0.0,278.16,0.0,0.0,Average,High Risk
15683483,Spain,Male,38,127117.8,2,5,0.03,320.39,0.0,0.0,331.52,0.0,0.0,Below Average,High Risk
15659567,France,Female,39,117103.26,2,15,3.54,218.14,0.0,0.0,220.7,0.0,0.01,Above Average,High Risk
15766667,Spain,Male,36,102989.83,2,3,0.03,290.48,0.0,0.0,307.81,0.0,0.01,Above Average,High Risk
15624975,Spain,Male,28,145118.83,1,1,0.03,285.57,0.01,0.02,343.06,5.47,27.35,High Value,High Risk
15660878,France,Male,92,126076.24,2,1,0.03,340.73,0.01,0.02,408.43,6.51,32.56,High Value,High Risk
15586557,France,Male,41,0.0,1,7,0.03,196.73,0.0,0.0,201.79,0.0,0.0,Below Average,High Risk
15746183,France,Female,27,0.0,2,6,0.03,170.33,0.0,0.0,175.55,0.0,0.0,Below Average,High Risk
15631457,France,Male,37,98186.7,1,7,0.03,266.76,0.0,0.0,273.42,0.0,0.0,Below Average,High Risk
15754053,France,Female,67,0.0,3,14,0.03,235.08,0.0,0.0,238.02,0.0,0.0,Low Value,High Risk
15645839,France,Male,37,0.0,1,8,0.03,169.43,0.0,0.0,173.31,0.0,0.0,Below Average,High Risk
15689955,France,Female,40,0.0,2,3,0.03,136.73,0.0,0.0,145.62,0.0,0.0,Average,High Risk
15593510,Germany,Female,33,129335.65,1,7,1.97,268.3,0.01,0.01,275.0,2.64,13.19,Above Average,High Risk
15654964,Spain,Male,48,75801.74,1,2,0.03,255.74,0.0,0.0,279.52,0.0,0.0,Average,High Risk
15594039,Spain,Male,42,0.0,2,2,0.03,178.13,0.0,0.0,195.34,0.0,0.0,Average,High Risk
15625929,France,Female,44,159316.64,1,2,0.03,306.89,0.0,0.0,335.01,0.0,0.0,Average,High Risk
15621818,Germany,Male,29,117726.33,1,10,0.03,300.37,0.0,0.0,305.54,0.0,0.0,Low Value,High Risk
15652700,France,Male,39,0.0,2,10,0.03,160.13,0.0,0.0,163.07,0.0,0.0,Low Value,High Risk
15636860,France,Male,43,122351.29,1,1,0.03,264.03,0.0,0.0,317.53,0.17,0.87,Above Average,High Risk
15569432,France,Female,48,0.0,2,15,3.54,195.23,0.0,0.0,197.55,0.0,0.01,Above Average,High Risk
15751455,France,Female,48,0.0,1,1,1.97,139.13,0.34,0.1,169.52,17.07,100.46,High Value,Medium Risk
15800583,Spain,Female,43,0.0,1,2,0.03,184.73,0.0,0.0,202.5,0.0,0.0,Average,High Risk
15770214,France,Female,27,0.0,2,3,0.03,224.63,0.0,0.0,238.34,0.0,0.0,Average,High Risk
15613463,Germany,Female,50,132598.38,2,10,0.03,280.77,0.0,0.0,285.62,0.0,0.0,Below Average,High Risk
15693752,France,Male,37,0.0,2,3,0.03,144.53,0.0,0.0,153.85,0.0,0.0,Average,High Risk
15714874,France,Female,42,0.0,2,5,0.03,253.43,0.0,0.0,262.41,0.0,0.0,Below Average,High Risk
15657809,France,Male,55,106415.57,3,20,3.94,257.35,0.0,0.0,259.57,0.0,0.0,Average,High Risk
15651955,France,Male,31,0.0,2,6,0.03,179.33,0.0,0.0,184.8,0.0,0.0,Below Average,High Risk
15570912,Germany,Female,32,127772.1,2,15,0.03,295.22,0.0,0.0,298.59,0.0,0.0,Low Value,High Risk
15640266,Spain,Male,41,104631.67,1,7,0.03,261.79,0.0,0.0,268.33,0.0,0.0,Below Average,High Risk
15596074,France,Male,37,0.0,1,14,0.03,149.03,0.0,0.0,151.0,0.0,0.0,Low Value,High Risk
15800268,Germany,Male,37,118050.79,1,8,0.03,323.79,0.0,0.0,330.74,0.0,0.0,Below Average,High Risk
15599074,Spain,Female,40,136093.74,1,8,0.03,223.34,0.0,0.0,228.29,0.0,0.0,Below Average,High Risk
15599591,Germany,Female,39,88477.36,2,3,0.03,254.37,0.0,0.0,269.71,0.0,0.0,Average,High Risk
15776096,Spain,Male,34,161572.24,1,4,0.03,260.18,0.0,0.0,271.77,0.0,0.0,Average,High Risk
15611669,Germany,Male,50,126608.37,1,10,2.76,263.66,0.0,0.0,268.24,0.22,1.09,Above Average,High Risk
15694098,France,Female,54,68332.96,1,12,0.03,250.15,0.0,0.0,253.78,0.0,0.0,Low Value,High Risk
15713347,Spain,Male,48,179852.26,1,2,0.03,252.2,0.0,0.0,275.68,0.0,0.0,Average,High Risk
15713094,France,Female,25,0.0,2,13,0.03,193.73,0.0,0.0,196.39,0.0,0.0,Low Value,High Risk
15811978,Germany,Male,46,104763.41,1,2,0.03,283.4,0.0,0.0,309.52,0.04,0.21,Above Average,High Risk
15799925,France,Male,60,88541.57,2,10,0.03,326.87,0.0,0.0,332.46,0.0,0.0,Below Average,High Risk
15692575,France,Male,38,162888.73,1,2,2.36,306.44,0.22,0.09,334.52,30.5,271.18,High Value,High Risk
15743149,France,Female,35,0.0,1,11,0.03,211.73,0.0,0.0,215.14,0.0,0.0,Low Value,High Risk
15776947,Spain,Male,43,0.0,1,2,3.15,189.53,0.22,0.07,207.71,14.39,127.99,High Value,High Risk
15700656,France,Male,32,0.0,2,3,0.03,197.03,0.0,0.0,209.23,0.0,0.0,Below Average,High Risk
15594515,France,Female,44,0.0,2,3,2.76,168.83,0.13,0.06,179.48,11.26,112.56,High Value,High Risk
15787884,France,Female,30,0.0,2,12,0.03,206.03,0.0,0.0,209.08,0.0,0.0,Low Value,High Risk
15577988,France,Female,35,0.0,2,1,0.03,182.63,0.01,0.02,221.07,3.53,17.63,High Value,High Risk
15677739,France,Male,36,0.0,2,2,0.03,167.03,0.0,0.0,183.3,0.0,0.0,Average,High Risk
15720134,Germany,Male,30,115479.48,2,15,0.03,288.85,0.0,0.0,292.15,0.0,0.0,Low Value,High Risk
15688868,France,Female,26,87098.91,1,1,0.03,279.47,0.0,0.0,335.82,0.1,0.52,Above Average,High Risk
15642996,Germany,Female,42,86351.85,2,3,0.03,238.01,0.0,0.0,252.45,0.0,0.0,Below Average,High Risk
15771222,France,Female,42,0.0,2,2,0.03,232.13,0.0,0.0,253.92,0.0,0.01,Above Average,High Risk
15605059,Germany,Male,63,148843.56,1,1,1.18,266.89,0.34,0.16,320.92,52.02,305.76,High Value,Medium Risk
15568088,Germany,Male,44,163714.52,1,1,0.03,222.77,0.0,0.0,268.64,0.3,1.5,Above Average,High Risk
15665943,France,Male,25,0.0,2,2,0.03,131.93,0.0,0.0,145.23,0.0,0.0,Average,High Risk
15662243,France,Male,50,162702.35,1,1,1.97,246.13,0.34,0.1,296.32,29.85,175.6,High Value,Medium Risk
15593128,France,Female,56,129255.2,2,4,3.94,266.8,0.07,0.03,278.65,8.24,41.18,High Value,High Risk
15589739,France,Male,41,90605.29,1,4,0.03,283.93,0.0,0.0,296.48,0.0,0.0,Average,High Risk
15787602,Spain,Male,39,0.0,2,8,0.03,168.83,0.0,0.0,172.69,0.0,0.0,Below Average,High Risk
15685019,France,Male,29,102787.42,1,1,0.03,233.77,0.0,0.0,281.67,0.31,1.57,Above Average,High Risk
15704209,France,Female,39,120145.96,2,12,2.76,317.01,0.0,0.0,321.52,0.06,0.28,Above Average,High Risk
15708265,Spain,Female,24,159203.71,1,14,3.94,252.59,0.0,0.0,255.72,0.01,0.03,Above Average,High Risk
15740264,France,Male,38,0.0,2,3,0.03,190.43,0.0,0.0,202.27,0.0,0.0,Below Average,High Risk
15727361,France,Female,51,0.0,2,1,0.03,163.78,0.01,0.02,198.73,3.17,15.84,Above Average,High Risk
15760216,France,Female,49,0.0,1,3,3.94,213.83,0.13,0.04,226.95,10.11,101.05,High Value,High Risk
15806134,Germany,Male,34,162691.16,2,3,0.03,290.53,0.0,0.0,307.86,0.0,0.0,Average,High Risk
15601351,France,Male,43,127806.91,1,12,0.03,297.32,0.0,0.0,301.57,0.0,0.0,Low Value,High Risk
15669262,France,Male,43,157960.49,2,3,0.03,307.73,0.0,0.0,326.01,0.0,0.0,Average,High Risk
15696989,Germany,Female,52,139493.25,3,4,3.15,220.61,0.07,0.04,230.59,8.45,42.24,High Value,High Risk
15686964,France,Female,34,84944.58,1,3,0.03,276.6,0.0,0.0,293.16,0.0,0.0,Below Average,High Risk
15625035,France,Male,50,160139.59,2,13,0.03,289.23,0.0,0.0,293.05,0.0,0.0,Low Value,High Risk
15618391,France,Male,33,0.0,2,10,0.03,241.43,0.0,0.0,245.66,0.0,0.0,Low Value,High Risk
15591344,Spain,Male,42,0.0,2,10,0.03,212.93,0.0,0.0,216.71,0.0,0.0,Low Value,High Risk
15605455,France,Male,40,0.0,2,3,0.03,197.63,0.0,0.0,209.86,0.0,0.0,Below Average,High Risk
15680804,France,Male,29,0.0,2,10,0.03,253.43,0.0,0.0,257.85,0.0,0.0,Low Value,High Risk
15768282,Germany,Male,36,94615.11,2,10,0.03,292.02,0.0,0.0,297.05,0.0,0.0,Below Average,High Risk
15685826,France,Male,30,90727.79,1,2,0.03,243.44,0.0,0.0,266.18,0.0,0.0,Average,High Risk
15793491,Germany,Male,26,119545.48,2,1,0.03,290.58,0.0,0.0,348.99,0.39,1.95,Above Average,High Risk
15611171,France,Male,33,129574.98,1,1,0.03,298.91,0.01,0.02,358.87,5.72,28.61,High Value,High Risk
15601627,France,Male,33,148163.57,1,2,0.03,253.91,0.0,0.0,277.53,0.0,0.0,Average,High Risk
15734085,Germany,Male,24,117154.9,1,7,0.03,215.74,0.0,0.0,221.24,0.0,0.0,Below Average,High Risk
15809309,Spain,Female,40,154251.67,1,7,0.03,284.78,0.0,0.0,291.85,0.0,0.0,Below Average,High Risk
15809462,France,Male,30,0.0,2,5,0.03,195.23,0.0,0.0,202.34,0.0,0.0,Below Average,High Risk
15775678,France,Female,44,0.0,1,1,0.03,213.23,0.01,0.02,257.33,4.1,20.52,High Value,High Risk
15579526,France,Male,42,50194.59,1,1,0.03,235.89,0.01,0.02,284.18,4.53,22.66,High Value,High Risk
15779103,Germany,Female,39,96748.89,2,3,0.03,233.07,0.0,0.0,247.24,0.0,0.0,Below Average,High Risk
15738715,France,Female,37,0.0,3,2,1.57,178.43,0.23,0.13,195.67,26.1,231.83,High Value,High Risk
15593943,France,Female,43,132667.17,1,1,0.03,282.57,0.01,0.02,339.5,5.41,27.07,High Value,High Risk
15754574,Spain,Male,36,0.0,2,8,0.03,219.83,0.0,0.0,224.71,0.0,0.0,Below Average,High Risk
15670889,France,Male,34,125566.9,1,1,0.03,235.1,0.01,0.02,283.25,4.52,22.58,High Value,High Risk
15629299,Germany,Female,52,106074.89,1,1,0.39,241.88,0.34,0.42,291.28,122.27,465.74,High Value,Medium Risk
15771569,Germany,Male,46,137367.94,1,5,0.03,250.1,0.0,0.0,258.97,0.0,0.0,Below Average,High Risk
15811927,France,Female,38,157658.36,1,1,0.03,298.12,0.0,0.0,357.93,0.4,2.0,Above Average,High Risk
15785654,Germany,Male,45,114422.85,2,10,2.36,294.18,0.0,0.0,299.25,0.28,1.41,Above Average,High Risk
15665524,Spain,Male,41,103154.66,1,1,0.03,256.89,0.0,0.0,309.07,0.1,0.48,Above Average,High Risk
15736287,France,Male,33,0.0,1,3,0.03,174.23,0.0,0.0,185.18,0.0,0.0,Below Average,High Risk
15765732,Spain,Female,24,149592.14,1,8,0.03,247.07,0.0,0.0,252.49,0.0,0.0,Below Average,High Risk
15797381,Germany,Female,48,133903.12,2,5,1.18,255.03,0.03,0.05,264.06,14.24,71.21,High Value,High Risk
15664506,Spain,Male,32,197436.82,1,11,0.03,282.22,0.0,0.0,286.65,0.0,0.0,Low Value,High Risk
15575619,Spain,Female,32,104254.27,1,1,0.03,272.26,0.01,0.02,327.29,5.22,26.09,High Value,High Risk
15587394,France,Male,39,140133.08,2,1,0.03,216.04,0.0,0.0,260.65,0.14,0.71,Above Average,High Risk
15654457,Spain,Female,30,0.0,3,4,0.79,203.93,0.07,0.13,213.24,27.89,139.45,High Value,High Risk
15658067,Germany,Female,48,120568.41,1,1,1.18,267.23,0.34,0.16,321.33,52.09,306.15,High Value,Medium Risk
15642816,France,Female,27,43658.33,2,12,0.03,324.66,0.0,0.0,329.27,0.0,0.0,Low Value,High Risk
15693088,France,Female,37,0.0,2,15,0.03,186.83,0.0,0.0,189.06,0.0,0.0,Low Value,High Risk
15793883,France,Male,28,0.0,2,1,0.03,237.83,0.0,0.0,286.49,0.32,1.6,Above Average,High Risk
15665283,France,Female,57,72092.95,4,16,2.76,264.75,0.0,0.0,267.61,0.0,0.01,Above Average,High Risk
15680421,France,Female,42,0.0,2,4,0.03,175.73,0.0,0.0,183.89,0.0,0.0,Below Average,High Risk
15695148,Spain,Female,37,0.0,2,15,0.03,182.63,0.0,0.0,184.82,0.0,0.0,Low Value,High Risk
15772618,France,Male,25,90920.75,1,10,0.03,274.05,0.0,0.0,278.8,0.0,0.0,Low Value,High Risk
15565878,Spain,Male,29,0.0,2,5,0.03,187.73,0.0,0.0,194.59,0.0,0.0,Below Average,High Risk
15678460,France,Male,30,0.0,1,3,0.03,205.73,0.0,0.0,218.41,0.0,0.0,Below Average,High Risk
15662571,France,Male,35,0.0,2,3,0.03,190.13,0.0,0.0,201.95,0.0,0.0,Average,High Risk
15606849,France,Female,27,94920.71,1,1,0.03,284.24,0.01,0.02,341.48,5.45,27.23,High Value,High Risk
15662641,France,Male,19,0.0,1,11,0.03,253.43,0.0,0.0,257.44,0.0,0.0,Low Value,High Risk
15727539,France,Female,31,0.0,2,1,0.03,183.83,0.0,0.0,222.49,0.12,0.61,Above Average,High Risk
15651020,France,Female,25,110666.42,2,2,0.03,217.76,0.0,0.0,238.33,0.0,0.0,Average,High Risk
15760865,Germany,Female,48,141819.02,1,2,2.76,303.72,0.22,0.08,331.56,26.1,232.15,High Value,High Risk
15705009,France,Female,56,156974.26,1,2,3.15,280.39,0.22,0.07,306.26,21.21,188.72,High Value,High Risk
15657540,France,Male,50,151215.34,2,2,0.03,251.34,0.0,0.0,274.75,0.0,0.01,Above Average,High Risk
15707441,Spain,Male,26,116318.23,1,11,0.03,283.19,0.0,0.0,287.63,0.0,0.0,Low Value,High Risk
15694765,Germany,Male,49,113882.33,1,2,2.36,259.05,0.22,0.09,283.12,25.81,229.51,High Value,High Risk
15649086,France,Male,42,0.0,2,12,0.03,177.23,0.0,0.0,179.9,0.0,0.0,Low Value,High Risk
15650488,France,Female,48,127253.98,1,8,2.36,224.39,0.0,0.0,229.36,0.93,4.64,Above Average,High Risk
15806922,Spain,Female,41,126605.14,1,5,0.03,278.96,0.0,0.0,288.76,0.0,0.0,Below Average,High Risk
15636548,Spain,Male,44,0.0,2,3,0.03,135.53,0.0,0.0,144.35,0.0,0.0,Average,High Risk
15566891,Germany,Female,41,88594.93,1,1,0.03,249.58,0.0,0.0,300.41,0.34,1.68,Above Average,High Risk
15627185,Germany,Male,29,123737.04,2,2,0.03,299.81,0.0,0.0,327.32,0.0,0.0,Average,High Risk
15754012,France,Female,35,110752.15,2,1,0.03,281.97,0.01,0.02,338.79,5.4,27.01,High Value,High Risk
15627514,Spain,Female,46,0.0,2,5,0.03,204.83,0.0,0.0,212.24,0.0,0.0,Below Average,High Risk
15661433,France,Male,34,0.0,1,1,0.03,154.13,0.0,0.0,187.3,0.06,0.29,Above Average,High Risk
15610653,Spain,Female,38,0.0,2,8,0.03,218.33,0.0,0.0,223.18,0.0,0.0,Below Average,High Risk
15667002,Spain,Male,43,0.0,2,2,0.03,198.23,0.0,0.0,217.15,0.0,0.01,Above Average,High Risk
15709199,Spain,Female,40,0.0,1,1,0.03,151.73,0.01,0.02,184.45,2.94,14.71,Above Average,High Risk
15710087,Germany,Female,54,125889.3,3,1,1.18,293.22,0.34,0.16,352.12,57.08,335.49,High Value,Medium Risk
15679884,France,Male,48,78314.63,3,20,3.94,236.76,0.0,0.0,238.82,0.0,0.0,Average,High Risk
15784180,France,Female,36,206329.65,1,10,2.76,249.21,0.0,0.0,253.57,0.21,1.03,Above Average,High Risk
15808849,France,Male,40,145536.9,1,10,0.03,288.29,0.0,0.0,293.26,0.0,0.0,Low Value,High Risk
15588235,France,Female,24,145081.73,1,11,0.03,273.87,0.0,0.0,278.17,0.0,0.0,Low Value,High Risk
15640418,Germany,Female,41,115897.73,1,1,0.03,270.87,0.0,0.0,325.64,0.18,0.89,Above Average,High Risk
15599084,France,Male,33,191523.09,1,10,0.03,314.12,0.0,0.0,319.5,0.0,0.0,Low Value,High Risk
15773394,France,Male,38,0.0,2,5,0.03,191.63,0.0,0.0,198.62,0.0,0.0,Below Average,High Risk
15625713,Spain,Female,39,91187.9,1,10,0.03,278.27,0.0,0.0,283.08,0.0,0.0,Low Value,High Risk
15766417,France,Female,60,0.0,2,3,0.03,214.33,0.0,0.0,227.48,0.0,0.01,Average,High Risk
15622578,France,Male,34,113958.55,1,7,0.03,317.86,0.0,0.0,325.68,0.0,0.0,Below Average,High Risk
15618363,Germany,Male,29,82916.48,1,12,0.03,271.64,0.0,0.0,275.55,0.0,0.0,Low Value,High Risk
15781665,France,Female,37,0.0,1,1,0.03,178.73,0.0,0.0,216.45,0.07,0.34,Above Average,High Risk
15651627,Germany,Male,39,115341.19,1,1,0.39,264.54,0.34,0.42,318.13,133.54,465.74,High Value,Medium Risk
15680685,France,Male,30,165257.2,1,1,0.03,303.83,0.0,0.0,364.7,0.41,2.04,Above Average,High Risk
15570970,France,Female,42,0.0,2,15,0.03,192.53,0.0,0.0,194.82,0.0,0.0,Low Value,High Risk
15679961,Spain,Male,46,68799.72,1,10,0.03,285.09,0.0,0.0,290.01,0.0,0.0,Low Value,High Risk
15705458,Spain,Male,39,116120.19,2,3,0.03,241.18,0.0,0.0,255.8,0.0,0.01,Average,High Risk
15750396,France,Male,33,0.0,2,1,0.03,199.43,0.01,0.02,240.98,3.84,19.21,High Value,High Risk
15679928,France,Female,31,84102.11,2,3,0.03,251.63,0.0,0.0,266.83,0.0,0.01,Above Average,High Risk
15711181,France,Female,50,0.0,2,6,0.03,175.13,0.0,0.0,180.48,0.0,0.0,Below Average,High Risk
15698324,France,Female,33,0.0,1,5,0.03,215.93,0.0,0.0,223.7,0.0,0.0,Below Average,High Risk
15807433,France,Female,43,0.0,2,15,0.03,169.43,0.0,0.0,171.48,0.0,0.0,Low Value,High Risk
15636590,France,Male,46,0.0,2,1,0.03,170.93,0.01,0.02,207.2,3.3,16.52,Above Average,High Risk
15628950,Germany,Male,25,104013.79,1,2,0.03,225.75,0.0,0.0,246.99,0.0,0.0,Average,High Risk
15617206,Germany,Male,42,120822.86,2,3,0.03,205.75,0.0,0.0,218.42,0.0,0.0,Average,High Risk
15603741,Spain,Male,40,128389.12,1,5,0.03,292.55,0.0,0.0,302.79,0.0,0.0,Below Average,High Risk
15742607,Germany,Male,36,102800.72,1,10,0.03,330.37,0.0,0.0,336.01,0.0,0.0,Low Value,High Risk
15747821,Germany,Female,31,135470.9,1,2,0.03,243.41,0.0,0.0,266.15,0.0,0.0,Average,High Risk
15612043,France,Male,36,90145.04,1,10,0.03,199.89,0.0,0.0,203.46,0.0,0.0,Low Value,High Risk
15809558,Spain,Male,31,0.0,1,10,0.03,212.93,0.0,0.0,216.71,0.0,0.0,Low Value,High Risk
15803750,Spain,Female,33,161801.47,1,4,1.18,303.39,0.07,0.09,316.74,28.96,144.8,High Value,High Risk
15704681,Germany,Male,37,99660.13,2,3,0.03,304.96,0.0,0.0,323.09,0.0,0.01,Above Average,High Risk
15667392,Spain,Female,38,123081.84,2,10,0.03,272.17,0.0,0.0,276.89,0.0,0.0,Low Value,High Risk
15738889,France,Male,42,102870.93,1,11,3.15,272.77,0.0,0.0,277.06,0.09,0.47,Above Average,High Risk
15598838,France,Female,37,151105.68,1,1,0.03,275.64,0.01,0.02,331.29,5.28,26.41,High Value,High Risk
15579109,Germany,Male,35,163856.76,1,7,0.03,250.68,0.0,0.0,256.97,0.0,0.0,Below Average,High Risk
15799042,France,Male,38,0.0,1,10,0.03,181.73,0.0,0.0,185.01,0.0,0.0,Low Value,High Risk
15697042,Spain,Male,35,127290.61,1,2,0.03,298.19,0.0,0.0,325.57,0.0,0.0,Average,High Risk
15696605,France,Male,49,180614.04,1,1,0.03,250.43,0.0,0.0,301.41,0.16,0.82,Above Average,High Risk
15802274,France,Female,44,55053.62,1,2,0.03,277.01,0.0,0.0,302.59,0.0,0.0,Average,High Risk
15596808,Spain,Male,33,96110.22,1,1,0.03,278.62,0.0,0.0,334.82,0.18,0.91,Above Average,High Risk
15705403,Spain,Female,46,106521.49,1,4,0.03,260.71,0.0,0.0,272.32,0.0,0.0,Average,High Risk
15732903,France,Male,39,82255.51,2,3,0.03,275.78,0.0,0.0,292.3,0.0,0.0,Average,High Risk
15581968,France,Female,33,0.0,2,1,0.03,221.93,0.01,0.02,267.64,4.27,21.34,High Value,High Risk
15683892,Germany,Female,26,102395.79,1,1,0.03,278.44,0.0,0.0,334.61,0.37,1.87,Above Average,High Risk
15595447,Spain,Male,39,118201.41,1,2,0.03,260.2,0.0,0.0,284.36,0.0,0.0,Average,High Risk
15569249,France,Female,55,44582.07,3,12,2.36,248.85,0.0,0.0,252.46,0.05,0.26,Above Average,High Risk
15656188,Spain,Female,30,0.0,2,8,0.03,173.63,0.0,0.0,177.59,0.0,0.0,Below Average,High Risk
15689661,France,Male,22,0.0,2,10,0.03,197.33,0.0,0.0,200.86,0.0,0.0,Low Value,High Risk
15644934,France,Male,26,105522.06,1,3,0.03,215.34,0.0,0.0,228.55,0.0,0.0,Below Average,High Risk
15721793,Germany,Female,50,123936.54,1,10,0.03,229.62,0.0,0.0,233.66,0.0,0.0,Low Value,High Risk
15687413,Spain,Female,38,0.0,2,10,0.03,184.13,0.0,0.0,187.45,0.0,0.0,Low Value,High Risk
15761286,Germany,Female,66,119499.42,2,12,0.03,305.17,0.0,0.0,309.53,0.0,0.0,Low Value,High Risk
15658240,France,Female,44,135814.7,2,3,0.03,243.43,0.0,0.0,258.17,0.0,0.0,Below Average,High Risk
15706232,France,Male,52,0.0,1,12,3.54,179.43,0.0,0.0,182.13,0.03,0.13,Above Average,High Risk
15583394,Germany,Male,39,106259.63,2,13,0.03,273.29,0.0,0.0,276.92,0.0,0.0,Low Value,High Risk
15715643,France,Male,44,0.0,2,13,0.03,197.03,0.0,0.0,199.73,0.0,0.0,Low Value,High Risk
15785488,Spain,Female,39,0.0,2,15,0.03,208.73,0.0,0.0,211.19,0.0,0.0,Low Value,High Risk
15711571,Spain,Male,42,120233.83,1,1,0.03,252.51,0.0,0.0,303.88,0.09,0.47,Above Average,High Risk
15778604,France,Female,47,0.0,2,3,0.03,169.73,0.0,0.0,180.43,0.0,0.0,Average,High Risk
15751180,France,Female,40,81132.21,1,2,0.03,235.49,0.0,0.0,257.56,0.0,0.0,Average,High Risk
15748360,Germany,Female,34,122196.99,2,17,0.03,269.72,0.0,0.0,272.46,0.0,0.0,Low Value,High Risk
15770039,Germany,Male,39,112290.22,1,1,1.57,247.56,0.34,0.12,298.01,37.02,217.74,High Value,Medium Risk
15685096,France,Female,50,0.0,2,6,0.03,224.33,0.0,0.0,231.0,0.0,0.0,Below Average,High Risk
15669501,France,Male,35,0.0,2,8,0.03,210.23,0.0,0.0,214.92,0.0,0.0,Below Average,High Risk
15622631,France,Male,44,154409.74,1,2,3.15,254.48,0.22,0.07,278.16,19.27,171.41,High Value,High Risk
15586699,France,Male,32,0.0,2,3,0.03,245.93,0.0,0.0,260.81,0.0,0.0,Below Average,High Risk
15577170,France,Male,60,76705.87,2,8,0.03,245.52,0.0,0.0,250.91,0.0,0.0,Below Average,High Risk
15769451,France,Female,44,0.0,2,1,0.03,227.63,0.01,0.02,274.4,4.38,21.88,High Value,High Risk
15811877,France,Female,36,0.0,2,1,0.03,208.43,0.0,0.0,251.64,0.14,0.69,Above Average,High Risk
15648725,France,Male,41,0.0,2,5,0.03,196.43,0.0,0.0,203.57,0.0,0.0,Below Average,High Risk
15752801,Germany,Male,29,125961.74,2,3,3.54,232.12,0.13,0.05,246.25,12.14,121.38,High Value,High Risk
15808175,France,Female,39,49572.73,1,2,2.76,237.61,0.22,0.08,259.85,20.46,181.94,High Value,High Risk
15681342,France,Female,35,103015.12,2,1,0.03,267.08,0.01,0.02,321.15,5.12,25.6,High Value,High Risk
15589210,France,Female,24,0.0,1,1,0.03,165.53,0.0,0.0,200.81,0.11,0.55,Above Average,High Risk
15696826,France,Female,32,104001.38,1,1,0.03,265.35,0.01,0.02,319.09,5.09,25.44,High Value,High Risk
15614962,Spain,Female,50,87116.71,1,2,0.03,261.17,0.0,0.0,285.41,0.04,0.19,Above Average,High Risk
15689061,France,Male,68,82547.11,2,8,0.03,279.71,0.0,0.0,285.78,0.0,0.0,Below Average,High Risk
15640074,Spain,Female,47,0.0,1,1,1.97,198.23,0.34,0.1,239.56,24.13,141.96,High Value,Medium Risk
15776156,France,Male,27,121325.84,1,5,1.57,232.77,0.03,0.04,241.09,10.01,50.04,High Value,High Risk
15739548,France,Male,28,111167.7,1,3,0.03,308.39,0.0,0.0,326.7,0.0,0.0,Average,High Risk
15662854,Germany,Male,48,139714.4,2,2,0.03,281.72,0.0,0.0,307.7,0.0,0.01,Above Average,High Risk
15687688,Germany,Female,32,139875.2,2,4,0.03,246.62,0.0,0.0,257.66,0.0,0.0,Below Average,High Risk
15571121,France,Female,50,138340.06,1,11,0.03,278.35,0.0,0.0,282.72,0.0,0.0,Low Value,High Risk
15660390,France,Female,33,0.0,2,10,0.03,161.63,0.0,0.0,164.59,0.0,0.0,Low Value,High Risk
15663942,France,Female,38,0.0,2,2,0.03,190.13,0.0,0.0,208.36,0.0,0.01,Average,High Risk
15638610,Germany,Female,65,117325.54,1,1,1.97,285.5,0.34,0.1,342.98,34.55,203.25,High Value,Medium Risk
15644446,France,Female,28,0.0,1,8,0.03,200.03,0.0,0.0,204.51,0.0,0.0,Below Average,High Risk
15585892,France,Female,35,0.0,1,2,0.03,190.13,0.0,0.0,208.36,0.0,0.0,Average,High Risk
15803378,Spain,Male,44,0.0,2,13,0.03,253.43,0.0,0.0,256.82,0.0,0.0,Low Value,High Risk
15599440,France,Female,34,0.0,2,3,0.03,222.83,0.0,0.0,236.45,0.0,0.0,Average,High Risk
15692408,Spain,Female,35,0.0,2,3,0.03,137.33,0.0,0.0,146.25,0.0,0.0,Average,High Risk
15683168,France,Female,30,0.0,1,8,0.03,170.03,0.0,0.0,173.92,0.0,0.0,Below Average,High Risk
15790254,Spain,Male,50,78737.61,1,1,0.03,295.89,0.01,0.02,355.29,5.67,28.33,High Value,High Risk
15767729,Spain,Male,25,182876.88,2,8,1.97,273.01,0.0,0.0,278.94,1.34,6.7,Above Average,High Risk
15768600,Germany,Male,50,130023.38,1,3,3.54,318.44,0.13,0.05,337.3,16.63,166.26,High Value,High Risk
15699839,France,Male,36,152606.82,1,2,0.03,269.1,0.0,0.0,294.02,0.04,0.2,Above Average,High Risk
15786237,France,Male,28,0.0,2,3,0.03,193.73,0.0,0.0,205.75,0.0,0.0,Average,High Risk
15694530,France,Male,28,167268.98,1,5,0.03,280.22,0.0,0.0,290.06,0.0,0.0,Below Average,High Risk
15796813,France,Male,54,167831.88,2,1,1.18,231.54,0.34,0.16,279.03,45.23,265.85,High Value,Medium Risk
15605791,Germany,Male,29,144287.6,2,3,0.03,234.83,0.0,0.0,249.1,0.0,0.0,Below Average,High Risk
15714087,Germany,Female,45,151855.33,1,1,0.03,265.17,0.0,0.0,318.88,0.1,0.5,Above Average,High Risk
15711446,Spain,Female,51,0.0,3,1,1.18,170.38,0.34,0.16,206.55,33.48,196.8,High Value,Medium Risk
15588123,France,Female,27,0.0,2,3,0.03,201.53,0.0,0.0,213.98,0.0,0.0,Average,High Risk
15748552,Germany,Male,37,155994.15,1,1,0.03,217.35,0.0,0.0,262.21,0.14,0.72,Above Average,High Risk
15618410,Germany,Male,26,147527.03,1,2,0.03,293.18,0.0,0.0,320.13,0.0,0.0,Average,High Risk
15672432,France,Female,53,0.0,1,1,1.57,180.38,0.34,0.12,218.4,27.13,159.57,High Value,Medium Risk
15610042,France,Male,33,100267.03,1,2,0.03,247.4,0.0,0.0,270.48,0.0,0.0,Average,High Risk
15583680,Spain,Male,41,0.0,1,5,0.03,182.93,0.0,0.0,189.64,0.0,0.0,Below Average,High Risk
15813718,Spain,Male,45,0.0,2,1,0.03,193.73,0.0,0.0,234.22,0.13,0.64,Above Average,High Risk
15686461,France,Female,56,121235.05,2,12,0.03,251.37,0.0,0.0,255.01,0.0,0.0,Low Value,High Risk
15678882,Germany,Male,37,129965.18,1,1,0.03,238.93,0.0,0.0,287.79,0.32,1.61,Above Average,High Risk
15789611,Germany,Male,46,150836.92,1,2,3.15,248.33,0.22,0.07,271.48,18.8,167.29,High Value,High Risk
15631685,Germany,Male,60,163894.35,1,1,0.03,247.88,0.01,0.02,298.39,4.76,23.79,High Value,High Risk
15655658,France,Female,48,0.0,2,3,0.03,201.83,0.0,0.0,214.29,0.0,0.0,Average,High Risk
15704581,Germany,Male,34,87967.42,2,3,0.03,252.83,0.0,0.0,268.09,0.0,0.01,Above Average,High Risk
15738487,France,Male,26,0.0,2,1,0.03,201.83,0.0,0.0,243.82,0.27,1.36,Above Average,High Risk
15648069,France,Female,36,0.0,2,10,0.03,253.43,0.0,0.0,257.85,0.0,0.0,Low Value,High Risk
15757467,Spain,Male,57,0.0,2,10,0.03,176.08,0.0,0.0,179.27,0.0,0.0,Low Value,High Risk
15597709,France,Female,39,154121.32,2,2,2.36,258.67,0.22,0.09,282.7,25.78,229.17,High Value,High Risk
15720529,France,Male,29,0.0,2,10,0.03,175.73,0.0,0.0,178.92,0.0,0.0,Low Value,High Risk
15596797,Spain,Male,43,0.0,2,1,0.03,191.33,0.01,0.02,231.38,3.69,18.45,High Value,High Risk
15681755,France,Female,32,0.0,2,8,0.03,179.93,0.0,0.0,184.01,0.0,0.0,Below Average,High Risk
15815271,Germany,Male,43,165048.5,3,3,2.36,305.03,0.13,0.07,323.15,23.46,234.63,High Value,High Risk
15682860,Spain,Male,38,0.0,2,2,0.03,229.13,0.0,0.0,250.66,0.0,0.0,Average,High Risk
15621546,France,Female,33,127638.35,1,12,0.03,262.81,0.0,0.0,266.61,0.0,0.0,Low Value,High Risk
15705918,France,Male,31,0.0,2,13,0.03,215.93,0.0,0.0,218.86,0.0,0.0,Low Value,High Risk
15684512,Germany,Female,72,135290.42,2,13,0.03,350.1,0.0,0.0,354.66,0.0,0.0,Low Value,High Risk
15671769,France,Female,71,170252.05,3,8,1.57,292.18,0.0,0.01,298.5,1.76,8.82,Above Average,High Risk
15642934,Germany,Female,35,108269.2,2,1,0.03,276.42,0.0,0.0,332.21,0.18,0.91,Above Average,High Risk
15789201,Germany,Female,35,145623.36,1,3,0.03,258.59,0.0,0.0,274.17,0.0,0.0,Average,High Risk
15706762,France,Female,41,145809.53,2,6,0.03,256.8,0.0,0.0,264.33,0.0,0.0,Below Average,High Risk
15766183,Germany,Male,76,130334.84,2,3,0.03,283.45,0.0,0.0,300.39,0.0,0.01,Above Average,High Risk
15777994,France,Female,39,0.0,2,5,0.03,213.83,0.0,0.0,221.54,0.0,0.0,Below Average,High Risk
15568162,Spain,Male,53,0.0,1,11,0.03,160.28,0.0,0.0,162.95,0.0,0.0,Low Value,High Risk
15680643,Spain,Female,42,0.0,2,1,0.03,217.13,0.01,0.02,261.95,4.18,20.89,High Value,High Risk
15761854,France,Female,24,0.0,1,5,0.03,222.23,0.0,0.0,230.21,0.0,0.0,Below Average,High Risk
15730793,Germany,Female,54,111009.32,1,4,1.18,290.58,0.07,0.09,303.41,27.74,138.71,High Value,High Risk
15692137,France,Female,46,0.0,1,2,0.03,226.13,0.0,0.0,247.41,0.03,0.17,Above Average,High Risk
15608595,France,Female,39,157371.54,1,4,0.03,302.61,0.0,0.0,315.92,0.0,0.0,Average,High Risk
15709459,Spain,Female,63,0.0,1,7,0.03,224.08,0.0,0.0,229.77,0.0,0.0,Below Average,High Risk
15775750,France,Male,37,134560.62,1,3,0.03,282.97,0.0,0.0,299.88,0.0,0.0,Average,High Risk
15585855,France,Male,40,0.0,1,1,0.03,202.13,0.01,0.02,244.18,3.89,19.47,High Value,High Risk
15752139,Germany,Male,36,72373.62,2,2,0.03,277.63,0.0,0.0,303.27,0.0,0.01,Above Average,High Risk
15768295,France,Female,34,109564.1,1,10,0.03,309.2,0.0,0.0,314.5,0.0,0.0,Low Value,High Risk
15766906,France,Female,25,132116.13,2,1,0.03,299.64,0.0,0.0,359.73,0.2,0.98,Above Average,High Risk
15725776,Germany,Male,24,101195.23,1,2,0.03,269.97,0.0,0.0,294.95,0.0,0.0,Average,High Risk
15682576,France,Male,67,149436.73,2,1,0.03,328.01,0.01,0.02,393.36,6.27,31.36,High Value,High Risk
15704081,Germany,Male,30,130682.11,2,15,0.03,255.47,0.0,0.0,258.42,0.0,0.0,Low Value,High Risk
15719940,Germany,Female,51,115280.49,2,4,3.94,265.78,0.07,0.03,277.6,8.21,41.03,High Value,High Risk
15672894,France,Female,36,129944.39,2,3,0.03,264.43,0.0,0.0,280.33,0.0,0.0,Average,High Risk
15667451,France,Male,36,0.0,2,8,0.03,218.33,0.0,0.0,223.18,0.0,0.0,Below Average,High Risk
15636767,Spain,Female,32,0.0,1,14,0.03,197.93,0.0,0.0,200.45,0.0,0.0,Low Value,High Risk
15571415,Germany,Male,56,151802.29,1,2,2.36,326.97,0.22,0.09,356.78,32.53,289.23,High Value,High Risk
15575605,France,Male,38,0.0,2,10,0.03,215.93,0.0,0.0,219.76,0.0,0.0,Low Value,High Risk
15649160,France,Female,38,138731.95,1,4,0.03,243.57,0.0,0.0,254.48,0.0,0.0,Average,High Risk
15615832,Spain,Female,35,155621.08,1,11,0.03,280.63,0.0,0.0,285.04,0.0,0.0,Low Value,High Risk
15600975,France,Female,54,150005.38,1,1,1.57,249.69,0.34,0.12,300.54,37.33,219.58,High Value,Medium Risk
15690772,Spain,Female,48,0.0,2,3,0.03,188.93,0.0,0.0,200.68,0.0,0.0,Average,High Risk
15565714,France,Male,47,64430.06,2,1,0.03,252.56,0.01,0.02,303.93,4.85,24.23,High Value,High Risk
15763108,Germany,Male,53,106261.63,1,2,2.76,259.34,0.22,0.08,283.43,22.31,198.45,High Value,High Risk
15723884,Spain,Male,40,0.0,2,1,0.03,225.83,0.0,0.0,272.26,0.3,1.52,Above Average,High Risk
15644453,Germany,Female,41,132670.53,1,1,1.57,258.87,0.34,0.12,311.42,38.69,227.53,High Value,Medium Risk
15655464,France,Female,67,0.0,1,4,0.03,211.68,0.0,0.0,221.3,0.0,0.0,Average,High Risk
15787693,Spain,Male,38,145874.35,1,1,1.18,245.4,0.34,0.16,295.46,47.89,281.5,High Value,Medium Risk
15664793,Spain,Female,50,146777.44,2,12,0.03,303.94,0.0,0.0,308.28,0.0,0.0,Low Value,High Risk
15642391,Germany,Male,51,109978.83,1,1,1.57,263.37,0.34,0.12,316.75,39.35,231.43,High Value,Medium Risk
15756538,France,Female,37,0.0,1,7,0.03,194.63,0.0,0.0,199.65,0.0,0.0,Below Average,High Risk
15668830,Spain,Male,24,108881.73,1,2,0.03,270.75,0.0,0.0,295.81,0.0,0.0,Average,High Risk
15796569,Spain,Female,44,0.0,1,14,0.03,247.73,0.0,0.0,250.81,0.0,0.0,Low Value,High Risk
15815040,Germany,Female,42,103362.14,1,11,3.15,241.01,0.0,0.0,244.84,0.08,0.41,Above Average,High Risk
15590434,Spain,Male,41,89015.61,1,5,0.03,247.51,0.0,0.0,256.3,0.0,0.0,Below Average,High Risk
15597536,Spain,Male,45,133618.01,1,1,0.03,249.92,0.0,0.0,300.81,0.09,0.47,Above Average,High Risk
15723989,France,Male,40,93680.43,2,8,0.03,268.55,0.0,0.0,274.4,0.0,0.0,Below Average,High Risk
15594812,Spain,Female,37,137794.18,2,3,0.03,319.12,0.0,0.0,338.02,0.0,0.01,Above Average,High Risk
15688210,France,Female,39,101928.51,1,2,0.03,276.31,0.0,0.0,301.84,0.0,0.0,Average,High Risk
15681509,Spain,Female,28,0.0,2,15,0.03,202.13,0.0,0.0,204.52,0.0,0.0,Low Value,High Risk
15572390,Spain,Female,39,0.0,2,2,0.03,253.43,0.0,0.0,277.02,0.0,0.0,Average,High Risk
15801441,Germany,Female,35,79585.96,1,2,0.03,274.66,0.0,0.0,300.05,0.04,0.2,Above Average,High Risk
15783859,France,Female,24,161884.99,1,4,0.03,298.3,0.0,0.0,311.43,0.0,0.0,Average,High Risk
15575243,France,Female,39,129068.54,2,1,0.03,306.09,0.01,0.02,367.37,5.86,29.29,High Value,High Risk
15773421,France,Female,42,0.0,2,1,0.03,200.33,0.0,0.0,242.05,0.13,0.66,Above Average,High Risk
15788776,Germany,Male,49,132623.76,3,3,2.36,253.47,0.13,0.07,268.76,19.51,195.14,High Value,High Risk
15765257,Spain,Male,31,121461.87,1,7,1.97,245.68,0.01,0.01,251.86,2.42,12.08,Above Average,High Risk
15661412,France,Male,32,175307.32,1,2,0.03,293.43,0.0,0.0,320.4,0.0,0.0,Average,High Risk
15636478,France,Male,31,136658.61,1,10,0.03,263.57,0.0,0.0,268.15,0.0,0.0,Low Value,High Risk
15603683,Spain,Female,23,146584.19,2,1,0.03,316.54,0.0,0.0,379.75,0.42,2.12,Above Average,High Risk
15651868,France,Male,34,0.0,1,2,0.03,200.03,0.0,0.0,219.1,0.0,0.0,Average,High Risk
15815443,Spain,Female,46,131414.76,1,3,0.03,235.11,0.0,0.0,249.39,0.0,0.0,Below Average,High Risk
15682686,France,Female,38,0.0,2,5,0.03,215.03,0.0,0.0,222.77,0.0,0.0,Below Average,High Risk
15697460,Germany,Male,34,99441.21,2,6,0.03,253.95,0.0,0.0,261.4,0.0,0.0,Below Average,High Risk
15748432,France,Female,32,0.0,2,6,0.03,222.23,0.0,0.0,228.84,0.0,0.0,Below Average,High Risk
15698271,France,Female,26,0.0,2,1,0.03,155.33,0.0,0.0,188.72,0.1,0.52,Above Average,High Risk
15808662,France,Male,44,0.0,2,1,0.03,185.63,0.0,0.0,224.63,0.25,1.26,Above Average,High Risk
15781875,Spain,Male,33,100476.46,2,5,0.03,330.22,0.0,0.0,341.67,0.0,0.0,Below Average,High Risk
15704509,France,Male,35,121063.49,1,2,0.03,224.06,0.0,0.0,245.16,0.0,0.0,Average,High Risk
15694666,Spain,Male,48,88441.64,1,11,3.15,286.47,0.0,0.0,290.95,0.1,0.49,Above Average,High Risk
15731166,France,Female,30,127023.39,1,1,0.03,299.68,0.01,0.02,359.78,5.74,28.68,High Value,High Risk
15728523,France,Male,41,144147.68,1,7,0.03,234.22,0.0,0.0,240.14,0.0,0.0,Below Average,High Risk
15788442,Spain,Female,57,173306.13,1,2,0.03,291.9,0.0,0.0,318.75,0.04,0.21,Above Average,High Risk
15764226,Germany,Female,28,106425.75,1,11,0.03,264.6,0.0,0.0,268.77,0.0,0.0,Low Value,High Risk
15809837,Germany,Female,66,135392.31,2,10,2.36,226.21,0.0,0.0,230.19,0.22,1.08,Above Average,High Risk
15805212,France,Female,67,0.0,2,1,0.03,261.48,0.01,0.02,314.51,5.02,25.08,High Value,High Risk
15716082,Spain,Male,39,152685.4,1,2,0.03,288.91,0.0,0.0,315.5,0.0,0.0,Average,High Risk
15643056,Germany,Female,38,82083.52,1,1,0.03,300.37,0.01,0.02,360.6,5.75,28.75,High Value,High Risk
15761158,France,Female,54,0.0,2,12,0.03,219.13,0.0,0.0,222.35,0.0,0.0,Low Value,High Risk
15723827,France,Male,30,114779.35,1,1,0.03,281.01,0.0,0.0,337.65,0.18,0.92,Above Average,High Risk
15646594,France,Male,41,57568.94,1,7,0.03,296.2,0.0,0.0,303.54,0.0,0.0,Below Average,High Risk
15598802,Spain,Male,30,0.0,2,13,0.03,229.43,0.0,0.0,232.53,0.0,0.0,Low Value,High Risk
15699340,France,Male,37,0.0,2,1,0.03,202.43,0.0,0.0,244.53,0.13,0.67,Above Average,High Risk
15691150,France,Female,32,110559.46,1,5,0.03,285.56,0.0,0.0,295.57,0.0,0.0,Below Average,High Risk
15608688,France,Male,34,0.0,2,1,0.03,131.03,0.0,0.0,159.92,0.09,0.44,Above Average,High Risk
15737998,France,Male,46,0.0,1,2,3.15,157.13,0.22,0.07,172.56,11.95,106.34,High Value,High Risk
15735837,Spain,Male,36,0.0,2,5,0.03,170.63,0.0,0.0,176.94,0.0,0.0,Below Average,High Risk
15659100,France,Male,33,128152.82,1,3,0.03,258.34,0.0,0.0,273.9,0.0,0.0,Average,High Risk
15609070,Germany,Male,45,120961.5,3,14,2.76,230.95,0.0,0.0,233.84,0.01,0.04,Above Average,High Risk
15650313,Germany,Male,65,129472.33,1,8,0.03,285.26,0.0,0.0,291.44,0.0,0.0,Below Average,High Risk
15627699,France,Male,32,105000.23,1,3,0.03,242.91,0.0,0.0,257.63,0.0,0.0,Below Average,High Risk
15591010,Germany,Male,55,109339.17,2,3,3.15,212.23,0.13,0.06,225.26,12.43,124.34,High Value,High Risk
15798895,France,Female,59,55328.4,1,2,2.36,239.99,0.22,0.09,262.44,23.93,212.75,High Value,High Risk
15745375,Germany,Male,23,72012.76,1,1,0.03,265.0,0.0,0.0,318.68,0.36,1.78,Above Average,High Risk
15775235,France,Female,36,110480.48,1,2,0.03,282.85,0.0,0.0,308.93,0.0,0.0,Average,High Risk
15780088,Spain,Male,34,132439.99,1,3,0.03,259.16,0.0,0.0,274.77,0.0,0.0,Average,High Risk
15649379,France,Female,46,0.0,2,5,0.03,253.43,0.0,0.0,262.41,0.0,0.0,Below Average,High Risk
15713983,Germany,Male,34,94108.54,2,2,0.03,308.78,0.0,0.0,337.06,0.0,0.01,Above Average,High Risk
15709252,Germany,Female,28,105173.99,1,14,3.94,260.32,0.0,0.0,263.54,0.01,0.03,Above Average,High Risk
15699238,Spain,Female,40,0.0,2,3,0.03,183.83,0.0,0.0,195.3,0.0,0.0,Average,High Risk
15732884,France,Male,29,131959.86,1,2,0.03,279.83,0.0,0.0,305.66,0.0,0.0,Average,High Risk
15587297,France,Male,33,0.0,2,12,0.03,150.53,0.0,0.0,152.85,0.0,0.0,Low Value,High Risk
15684722,France,Male,34,122952.9,2,2,0.03,223.56,0.0,0.0,244.62,0.0,0.01,Above Average,High Risk
15744273,Germany,Male,30,122641.56,2,2,0.03,267.65,0.0,0.0,292.44,0.0,0.0,Average,High Risk
15682540,France,Female,33,0.0,2,13,0.03,179.03,0.0,0.0,181.51,0.0,0.0,Low Value,High Risk
15636521,Spain,Female,30,124037.28,1,1,0.03,299.82,0.01,0.02,359.95,5.74,28.7,High Value,High Risk
15785339,France,Female,50,117565.03,2,3,0.03,268.26,0.0,0.0,284.37,0.0,0.0,Average,High Risk
15638983,France,Female,38,133189.4,1,1,0.03,282.3,0.0,0.0,339.18,0.11,0.53,Above Average,High Risk
15654625,Germany,Male,39,120252.02,2,13,0.03,224.92,0.0,0.0,227.95,0.0,0.0,Low Value,High Risk
15697310,Germany,Female,28,152264.81,1,1,0.03,245.69,0.0,0.0,295.8,0.33,1.65,Above Average,High Risk
15678210,France,Male,38,105069.98,2,8,0.03,280.72,0.0,0.0,286.8,0.0,0.0,Below Average,High Risk
15575438,France,Male,42,115076.06,1,10,0.03,260.02,0.0,0.0,264.54,0.0,0.0,Low Value,High Risk
15632789,France,Male,30,0.0,2,13,0.03,236.63,0.0,0.0,239.82,0.0,0.0,Low Value,High Risk
15621423,France,Female,42,117280.23,3,3,2.76,297.05,0.13,0.06,314.74,19.74,197.39,High Value,High Risk
15573520,Germany,Male,49,110540.43,2,10,0.03,283.45,0.0,0.0,288.35,0.0,0.0,Below Average,High Risk
15740458,Spain,Male,36,135095.47,1,2,0.03,288.09,0.0,0.0,314.61,0.0,0.0,Average,High Risk
15686885,Germany,Male,44,124655.59,2,5,0.03,309.76,0.0,0.0,320.55,0.0,0.0,Below Average,High Risk
15565996,France,Male,44,0.0,2,13,0.03,194.33,0.0,0.0,197.0,0.0,0.0,Low Value,High Risk
15662152,France,Female,38,134105.01,1,3,0.03,242.74,0.0,0.0,257.45,0.0,0.0,Below Average,High Risk
15711742,France,Female,34,0.0,1,5,0.03,210.83,0.0,0.0,218.44,0.0,0.0,Below Average,High Risk
15701885,France,Female,40,0.0,2,15,0.03,192.53,0.0,0.0,194.82,0.0,0.0,Low Value,High Risk
15774262,Germany,Male,52,83693.34,2,13,0.03,255.6,0.0,0.0,259.01,0.0,0.0,Low Value,High Risk
15567839,France,Male,42,114631.23,1,12,0.03,226.4,0.0,0.0,229.71,0.0,0.0,Low Value,High Risk
15644400,France,Male,44,128601.98,1,3,0.03,289.56,0.0,0.0,306.84,0.0,0.0,Average,High Risk
15778290,France,Male,70,70416.75,1,11,0.03,337.55,0.0,0.0,342.77,0.0,0.0,Low Value,High Risk
15708714,France,Female,33,0.0,2,2,0.03,200.93,0.0,0.0,220.07,0.0,0.0,Average,High Risk
15586183,France,Female,35,0.0,2,2,0.03,166.73,0.0,0.0,182.98,0.0,0.01,Average,High Risk
15761733,France,Female,42,0.0,2,17,0.03,210.53,0.0,0.0,212.72,0.0,0.0,Low Value,High Risk
15773934,France,Male,33,88294.6,1,2,0.03,275.36,0.0,0.0,300.8,0.0,0.0,Average,High Risk
15705343,Spain,Female,32,0.0,1,2,0.03,193.13,0.0,0.0,211.61,0.0,0.0,Average,High Risk
15593959,France,Male,28,93577.3,1,1,0.03,231.94,0.01,0.02,279.51,4.46,22.28,High Value,High Risk
15664615,Germany,Female,30,136650.89,1,7,1.97,283.97,0.01,0.01,291.02,2.79,13.96,Above Average,High Risk
15671014,Spain,Female,72,98765.84,1,11,0.03,274.5,0.0,0.0,278.82,0.0,0.0,Low Value,High Risk
15585192,Spain,Male,39,136258.06,1,3,0.03,283.05,0.0,0.0,299.97,0.0,0.0,Below Average,High Risk
15592914,France,Female,29,0.0,2,15,0.03,203.33,0.0,0.0,205.74,0.0,0.0,Low Value,High Risk
15570990,Spain,Female,30,145222.99,2,1,0.03,233.67,0.0,0.0,281.56,0.15,0.77,Above Average,High Risk
15596165,Germany,Male,25,98141.57,2,6,0.03,239.16,0.0,0.0,246.22,0.0,0.0,Below Average,High Risk
15788131,France,Male,47,0.0,1,2,2.36,194.33,0.22,0.09,212.91,19.41,172.6,High Value,High Risk
15800773,Spain,Female,28,102282.61,1,12,0.03,269.74,0.0,0.0,273.62,0.0,0.0,Low Value,High Risk
15690153,France,Female,37,116121.84,2,6,0.03,267.88,0.0,0.0,275.71,0.0,0.0,Below Average,High Risk
15638989,France,Female,25,190066.54,1,1,1.97,292.77,0.34,0.1,351.59,35.41,208.35,High Value,Medium Risk
15623210,Germany,Female,55,149349.58,3,4,3.15,229.31,0.07,0.04,239.64,8.78,43.89,High Value,High Risk
15652658,France,Male,36,155176.83,2,1,0.03,294.42,0.01,0.02,353.54,5.64,28.19,High Value,High Risk
15684440,Germany,Male,32,98986.28,1,2,0.03,239.52,0.0,0.0,261.93,0.04,0.18,Above Average,High Risk
15730287,France,Male,41,147726.98,3,4,3.15,281.49,0.07,0.04,293.94,10.77,53.84,High Value,High Risk
15767231,France,Male,36,144852.06,1,2,0.03,304.76,0.0,0.0,332.69,0.0,0.0,Average,High Risk
15761554,France,Male,54,89299.81,1,1,1.57,253.73,0.34,0.12,305.33,37.93,223.08,High Value,Medium Risk
15706637,Spain,Male,40,0.0,2,3,0.03,213.83,0.0,0.0,226.95,0.0,0.0,Below Average,High Risk
15690492,France,Male,41,97663.16,2,2,0.03,262.53,0.0,0.0,286.89,0.0,0.0,Average,High Risk
15694237,Spain,Male,39,95161.75,1,1,0.03,298.06,0.0,0.0,357.85,0.2,0.98,Above Average,High Risk
15729771,Germany,Male,31,154586.92,1,12,3.54,317.79,0.0,0.0,322.31,0.04,0.22,Above Average,High Risk
15609823,Spain,Female,34,127095.14,2,3,0.03,302.08,0.0,0.0,320.05,0.0,0.0,Average,High Risk
15793366,Germany,Male,35,92526.15,2,12,0.03,308.97,0.0,0.0,313.37,0.0,0.0,Low Value,High Risk
15707602,France,Female,47,127286.04,2,3,0.79,238.49,0.13,0.2,252.97,49.99,465.74,High Value,High Risk
15635244,France,Female,29,0.0,2,10,0.03,213.23,0.0,0.0,217.01,0.0,0.0,Low Value,High Risk
15805627,France,Male,37,0.0,2,3,0.03,199.43,0.0,0.0,211.76,0.0,0.0,Average,High Risk
15607986,France,Male,40,139930.18,1,14,0.03,243.93,0.0,0.0,246.96,0.0,0.0,Low Value,High Risk
15799785,Germany,Female,30,77949.69,1,5,0.03,277.23,0.0,0.0,286.97,0.0,0.0,Below Average,High Risk
15699963,France,Male,38,121405.04,1,1,0.03,247.78,0.01,0.02,298.27,4.76,23.78,High Value,High Risk
15624595,Spain,Female,35,124580.69,1,7,0.03,230.25,0.0,0.0,236.08,0.0,0.0,Below Average,High Risk
15629750,France,Male,35,133087.76,1,1,0.03,286.19,0.0,0.0,343.79,0.11,0.54,Above Average,High Risk
15651460,Spain,Male,34,0.0,1,10,0.03,125.63,0.0,0.0,128.02,0.0,0.0,Low Value,High Risk
15753550,France,Female,43,0.0,2,3,0.03,203.63,0.0,0.0,216.19,0.0,0.0,Average,High Risk
15594133,Spain,Male,62,0.0,1,2,2.76,222.53,0.22,0.08,243.5,19.17,170.5,High Value,High Risk
15772329,Germany,Male,45,103741.14,1,2,3.15,249.43,0.22,0.07,272.68,18.89,168.03,High Value,High Risk
15591552,France,Female,32,98877.95,1,2,0.03,255.11,0.0,0.0,278.84,0.0,0.0,Average,High Risk
15750921,France,Male,37,105843.26,2,8,0.03,231.86,0.0,0.0,236.98,0.0,0.0,Below Average,High Risk
15701687,Spain,Male,44,77526.66,3,3,2.76,272.69,0.13,0.06,289.04,18.13,181.27,High Value,High Risk
15728906,France,Male,77,0.0,2,8,0.03,222.38,0.0,0.0,227.31,0.0,0.0,Below Average,High Risk
15670029,France,Female,33,0.0,2,3,0.03,131.93,0.0,0.0,140.55,0.0,0.0,Average,High Risk
15763579,Germany,Female,36,105264.88,2,3,0.03,286.13,0.0,0.0,303.22,0.0,0.01,Above Average,High Risk
15728010,France,Male,37,0.0,2,8,0.03,143.93,0.0,0.0,147.3,0.0,0.0,Below Average,High Risk
15663194,Germany,Female,40,110150.43,1,4,1.18,250.43,0.07,0.09,261.62,23.92,119.6,High Value,High Risk
15736510,Spain,Female,57,0.0,3,1,0.79,188.68,0.34,0.23,228.24,53.28,312.8,High Value,Medium Risk
15745804,France,Male,25,0.0,2,12,0.03,186.83,0.0,0.0,189.63,0.0,0.0,Low Value,High Risk
15631451,Spain,Female,28,0.0,2,10,0.03,179.63,0.0,0.0,182.88,0.0,0.0,Low Value,High Risk
15746995,Germany,Male,31,138166.3,1,3,0.03,294.54,0.0,0.0,312.09,0.0,0.0,Average,High Risk
15730673,Germany,Male,40,122265.24,1,2,0.03,246.63,0.0,0.0,269.64,0.0,0.0,Average,High Risk
15701081,France,Male,36,0.0,1,2,0.03,233.93,0.0,0.0,255.87,0.03,0.17,Above Average,High Risk
15585928,Germany,Female,31,68927.57,1,2,0.03,319.01,0.0,0.0,348.15,0.05,0.23,Above Average,High Risk
15648681,France,Female,47,139914.6,4,11,1.97,301.53,0.0,0.0,306.23,0.16,0.8,Above Average,High Risk
15747757,Germany,Female,58,118723.11,1,2,3.15,266.33,0.22,0.07,291.01,20.16,179.33,High Value,High Risk
15718921,Spain,Male,32,106957.28,1,10,0.03,263.13,0.0,0.0,267.71,0.0,0.0,Low Value,High Risk
15571081,France,Female,41,190238.93,1,10,0.03,311.37,0.0,0.0,316.71,0.0,0.0,Low Value,High Risk
15734578,France,Female,53,113537.73,1,1,0.03,297.58,0.01,0.02,357.29,5.7,28.49,High Value,High Risk
15579583,Spain,Female,40,101090.27,1,5,0.03,267.56,0.0,0.0,276.99,0.0,0.0,Below Average,High Risk
15622729,France,Female,46,0.0,2,3,0.03,193.13,0.0,0.0,205.11,0.0,0.0,Average,High Risk
15662189,Spain,Male,33,0.0,1,4,0.03,128.63,0.0,0.0,134.88,0.0,0.0,Average,High Risk
15692718,France,Female,38,0.0,2,3,0.03,219.83,0.0,0.0,233.28,0.0,0.0,Average,High Risk
15762716,Spain,Female,60,168920.75,1,3,3.94,319.78,0.13,0.04,338.72,15.08,150.82,High Value,High Risk
15724851,Germany,Male,31,111589.67,1,3,0.03,228.02,0.0,0.0,241.91,0.0,0.0,Below Average,High Risk
15587266,Germany,Female,27,172310.33,1,8,0.03,260.61,0.0,0.0,266.3,0.0,0.0,Below Average,High Risk
15675926,Germany,Male,34,118028.35,1,2,2.76,272.79,0.22,0.08,298.02,23.46,208.67,High Value,High Risk
15706268,Germany,Male,51,147910.3,1,1,0.03,288.15,0.01,0.02,346.11,5.52,27.59,High Value,High Risk
15581871,Germany,Male,42,131287.36,2,12,0.03,228.2,0.0,0.0,231.54,0.0,0.0,Low Value,High Risk
15671582,Spain,Male,38,109869.32,1,8,0.03,273.81,0.0,0.0,279.76,0.0,0.0,Below Average,High Risk
15680901,France,Female,34,97435.85,2,10,0.03,270.61,0.0,0.0,275.3,0.0,0.0,Low Value,High Risk
15642336,France,Female,42,0.0,2,3,0.03,199.13,0.0,0.0,211.44,0.0,0.0,Below Average,High Risk
15653147,France,Male,35,133853.27,1,2,0.03,255.33,0.0,0.0,279.08,0.04,0.19,Above Average,High Risk
15591360,France,Female,33,84607.34,2,6,0.03,266.67,0.0,0.0,274.47,0.0,0.0,Below Average,High Risk
15611973,France,Male,55,0.0,2,12,0.03,245.88,0.0,0.0,249.46,0.0,0.0,Low Value,High Risk
15735572,France,Male,59,113657.83,1,12,3.54,275.99,0.0,0.0,279.96,0.04,0.19,Above Average,High Risk
15567860,Spain,Female,44,189318.16,2,3,2.76,253.74,0.13,0.06,269.05,16.87,168.73,High Value,High Risk
15795690,France,Male,31,99513.91,1,4,0.03,275.25,0.0,0.0,287.45,0.0,0.0,Average,High Risk
15706464,Spain,Male,35,97585.32,2,1,0.03,275.12,0.0,0.0,330.68,0.18,0.9,Above Average,High Risk
15725028,France,Male,29,0.0,2,5,0.03,202.13,0.0,0.0,209.46,0.0,0.0,Below Average,High Risk
15751167,France,Female,43,0.0,2,6,0.03,202.43,0.0,0.0,208.51,0.0,0.0,Below Average,High Risk
15633944,Spain,Male,32,136659.74,1,4,0.03,270.47,0.0,0.0,282.47,0.0,0.0,Average,High Risk
15672637,France,Female,30,85755.86,1,1,0.03,245.46,0.0,0.0,295.53,0.16,0.81,Above Average,High Risk
15680895,Spain,Female,35,0.0,1,2,0.03,186.53,0.0,0.0,204.45,0.0,0.0,Average,High Risk
15793825,France,Male,39,0.0,2,1,0.03,159.23,0.0,0.0,193.34,0.11,0.53,Above Average,High Risk
15611318,Spain,Male,33,51690.89,1,1,1.57,250.49,0.34,0.12,301.48,37.45,220.27,High Value,Medium Risk
15768474,Spain,Male,34,0.0,2,1,0.03,221.63,0.0,0.0,267.29,0.3,1.49,Above Average,High Risk
15696361,Germany,Male,31,125681.51,1,10,0.03,271.11,0.0,0.0,275.81,0.0,0.0,Low Value,High Risk
15607988,Germany,Female,37,155303.71,1,2,0.03,277.02,0.0,0.0,302.61,0.0,0.0,Average,High Risk
15637891,Germany,Female,43,140681.68,1,5,0.03,261.36,0.0,0.0,270.6,0.0,0.0,Below Average,High Risk
15789865,France,Male,28,71902.52,1,12,0.03,258.99,0.0,0.0,262.73,0.0,0.0,Low Value,High Risk
15627190,France,Male,51,146606.6,1,8,0.03,277.29,0.0,0.0,283.31,0.0,0.0,Below Average,High Risk
15702149,Germany,Female,33,144753.21,1,1,0.03,307.75,0.01,0.02,369.34,5.89,29.45,High Value,High Risk
15708236,France,Female,72,91285.22,1,8,0.03,249.38,0.0,0.0,254.84,0.0,0.0,Below Average,High Risk
15764444,Germany,Male,58,125850.53,2,13,0.03,290.42,0.0,0.0,294.25,0.0,0.0,Low Value,High Risk
15794204,France,Male,28,108116.66,1,10,0.03,281.81,0.0,0.0,286.67,0.0,0.0,Low Value,High Risk
15807546,France,Female,38,0.0,2,3,0.03,249.53,0.0,0.0,264.61,0.0,0.01,Above Average,High Risk
15782159,France,Male,28,67639.56,2,13,0.03,327.58,0.0,0.0,331.87,0.0,0.0,Low Value,High Risk
15618703,Spain,Female,53,150200.23,1,8,2.36,280.55,0.0,0.0,286.63,1.16,5.8,Above Average,High Risk
15793317,Spain,Female,22,141287.15,1,2,0.03,241.59,0.0,0.0,264.17,0.0,0.0,Average,High Risk
15740487,France,Female,41,0.0,3,12,2.36,186.53,0.0,0.0,189.32,0.04,0.19,Above Average,High Risk
15722479,France,Male,37,0.0,2,1,0.03,210.53,0.01,0.02,254.13,4.05,20.26,High Value,High Risk
15583067,France,Female,36,97157.96,1,5,0.03,281.09,0.0,0.0,290.96,0.0,0.0,Below Average,High Risk
15593345,Germany,Female,33,125241.17,2,10,0.03,227.29,0.0,0.0,231.29,0.0,0.0,Low Value,High Risk
15734008,Germany,Male,59,152581.06,1,1,1.97,307.35,0.34,0.1,368.87,37.15,218.6,High Value,Medium Risk
15762045,Germany,Female,37,142688.57,2,8,0.03,219.76,0.0,0.0,224.63,0.0,0.0,Below Average,High Risk
15778142,Germany,Female,31,130089.56,2,1,0.03,331.94,0.01,0.02,398.01,6.35,31.73,High Value,High Risk
15689268,France,Male,36,0.0,1,12,0.03,173.63,0.0,0.0,176.25,0.0,0.0,Low Value,High Risk
15750476,Spain,Male,24,0.0,2,3,0.03,221.03,0.0,0.0,234.55,0.0,0.0,Average,High Risk
15810723,France,Female,39,0.0,3,5,3.94,180.53,0.03,0.02,187.16,3.27,16.33,Above Average,High Risk
15570508,France,Male,49,90218.9,1,2,0.03,254.5,0.0,0.0,278.18,0.0,0.0,Average,High Risk
15617065,Spain,Male,42,194532.66,1,1,1.57,274.62,0.34,0.12,330.08,41.01,241.17,High Value,Medium Risk
15648876,France,Female,34,0.0,1,1,0.03,148.73,0.0,0.0,180.9,0.06,0.28,Above Average,High Risk
15802106,France,Male,34,155973.88,1,2,0.03,203.55,0.0,0.0,222.91,0.0,0.0,Average,High Risk
15773869,Spain,Male,59,129321.44,1,5,0.03,327.25,0.0,0.0,338.61,0.0,0.0,Below Average,High Risk
15711635,Germany,Female,42,138650.49,2,2,0.03,313.76,0.0,0.0,342.46,0.0,0.01,Average,High Risk
15759133,France,Male,18,0.0,2,10,0.03,183.23,0.0,0.0,186.54,0.0,0.0,Low Value,High Risk
15679394,France,Female,41,38617.2,1,5,0.03,264.14,0.0,0.0,273.47,0.0,0.0,Below Average,High Risk
15801072,France,Female,28,0.0,2,3,0.03,194.63,0.0,0.0,206.7,0.0,0.0,Average,High Risk
15646082,France,Female,34,82909.14,1,2,3.15,276.74,0.22,0.07,302.3,20.94,186.28,High Value,High Risk
15796111,Germany,Female,54,145151.4,1,11,3.15,295.07,0.0,0.0,299.68,0.1,0.5,Above Average,High Risk
15578722,France,Male,39,0.0,2,1,0.03,205.13,0.0,0.0,247.73,0.14,0.68,Above Average,High Risk
15815095,Spain,Male,54,108185.81,2,3,2.76,335.71,0.13,0.06,355.52,22.3,222.96,High Value,High Risk
15730360,France,Male,30,0.0,2,6,0.03,149.03,0.0,0.0,153.69,0.0,0.0,Below Average,High Risk
15763194,France,Male,34,0.0,2,12,0.03,191.33,0.0,0.0,194.19,0.0,0.0,Low Value,High Risk
15567834,France,Male,49,105918.1,1,7,0.03,291.27,0.0,0.0,298.49,0.0,0.0,Below Average,High Risk
15720644,France,Male,27,0.0,2,2,0.03,235.13,0.0,0.0,257.17,0.0,0.0,Average,High Risk
15811742,Spain,Male,42,0.0,2,3,0.03,164.33,0.0,0.0,174.73,0.0,0.0,Average,High Risk
15717629,Germany,Male,42,59972.26,2,10,0.03,261.38,0.0,0.0,265.92,0.0,0.0,Low Value,High Risk
15713160,Spain,Male,25,157228.61,2,3,0.03,278.9,0.0,0.0,295.59,0.0,0.0,Average,High Risk
15568878,Spain,Male,34,0.0,2,2,0.03,194.63,0.0,0.0,213.24,0.0,0.01,Average,High Risk
15809800,France,Female,38,0.0,2,1,0.03,216.23,0.0,0.0,260.89,0.14,0.71,Above Average,High Risk
15736420,France,Male,21,210433.08,2,6,1.57,258.95,0.02,0.02,266.54,6.05,30.26,High Value,High Risk
15623072,Spain,Female,35,0.0,2,2,0.03,157.13,0.0,0.0,172.56,0.0,0.0,Average,High Risk
15683993,France,Female,37,142987.46,2,3,0.03,225.47,0.0,0.0,239.23,0.0,0.0,Average,High Risk
15570947,Spain,Female,29,143330.56,2,12,0.03,262.09,0.0,0.0,265.87,0.0,0.0,Low Value,High Risk
15797767,France,Female,49,0.0,1,8,2.36,178.43,0.0,0.0,182.48,0.74,3.7,Above Average,High Risk
15731989,France,Male,36,120165.4,2,1,0.03,276.21,0.0,0.0,331.97,0.18,0.91,Above Average,High Risk
15591035,Spain,Male,54,0.0,1,8,0.03,196.63,0.0,0.0,201.05,0.0,0.0,Below Average,High Risk
15586479,France,Female,36,0.0,1,1,1.57,206.03,0.34,0.12,248.8,30.91,181.78,High Value,Medium Risk
15605872,France,Male,73,66573.17,1,8,0.03,313.32,0.0,0.0,320.06,0.0,0.0,Below Average,High Risk
15666012,France,Male,40,102833.46,2,6,0.03,256.27,0.0,0.0,263.79,0.0,0.0,Below Average,High Risk
15641733,France,Female,34,164757.56,1,1,0.03,279.81,0.0,0.0,336.24,0.1,0.52,Above Average,High Risk
15593178,Spain,Female,36,153610.61,1,14,3.94,248.45,0.0,0.0,251.53,0.01,0.03,Above Average,High Risk
15649183,Spain,Female,35,0.0,3,16,0.03,177.83,0.0,0.0,179.83,0.0,0.0,Low Value,High Risk
15736399,Spain,Male,42,0.0,2,4,0.03,180.23,0.0,0.0,188.57,0.0,0.0,Below Average,High Risk
15751137,Germany,Female,36,169025.83,1,1,0.03,333.69,0.0,0.0,400.08,0.45,2.24,Above Average,High Risk
15757188,Spain,Female,26,153455.72,2,6,0.03,271.24,0.0,0.0,279.16,0.0,0.0,Below Average,High Risk
15726167,France,Male,37,0.0,2,6,0.03,194.93,0.0,0.0,200.81,0.0,0.0,Below Average,High Risk
15624850,France,Male,30,153972.89,2,4,0.03,333.06,0.0,0.0,347.61,0.0,0.0,Below Average,High Risk
15717700,Spain,Male,34,114609.55,2,15,0.03,281.0,0.0,0.0,284.22,0.0,0.0,Low Value,High Risk
15716347,Germany,Male,37,143625.83,2,12,0.03,276.5,0.0,0.0,280.48,0.0,0.0,Low Value,High Risk
15696287,Germany,Female,38,116520.28,1,1,0.39,280.81,0.34,0.42,337.41,141.63,465.74,High Value,Medium Risk
15638871,France,Male,77,80926.02,2,10,0.03,299.23,0.0,0.0,304.37,0.0,0.0,Below Average,High Risk
15765093,France,Male,23,166594.78,1,8,0.03,289.79,0.0,0.0,296.06,0.0,0.0,Below Average,High Risk
15641715,France,Male,34,0.0,2,13,0.03,178.13,0.0,0.0,180.6,0.0,0.0,Low Value,High Risk
15607746,France,Female,36,0.0,1,1,0.03,170.33,0.01,0.02,206.49,3.29,16.46,Above Average,High Risk
15625311,Germany,Female,41,92618.62,1,10,0.03,251.37,0.0,0.0,255.76,0.0,0.0,Low Value,High Risk
15573077,Germany,Female,25,141825.88,1,11,3.15,263.52,0.0,0.0,267.67,0.09,0.45,Above Average,High Risk
15735106,Spain,Male,28,149594.02,2,2,0.03,271.97,0.0,0.0,297.13,0.0,0.0,Average,High Risk
15672912,Spain,Female,39,130051.66,2,3,2.76,298.04,0.13,0.06,315.78,19.8,198.04,High Value,High Risk
15589881,France,Female,41,0.0,2,12,0.03,188.63,0.0,0.0,191.45,0.0,0.0,Low Value,High Risk
15660144,France,Male,38,0.0,2,1,0.03,196.43,0.0,0.0,237.42,0.13,0.65,Above Average,High Risk
15664083,Germany,Female,37,158468.76,1,2,0.03,278.06,0.0,0.0,303.73,0.04,0.2,Above Average,High Risk
15690898,France,Male,44,161889.79,1,2,0.03,287.2,0.0,0.0,313.64,0.0,0.0,Average,High Risk
15808023,France,Female,29,133681.78,1,12,0.03,327.92,0.0,0.0,332.58,0.0,0.0,Low Value,High Risk
15676909,Spain,Female,34,0.0,2,2,0.03,198.53,0.0,0.0,217.47,0.0,0.01,Above Average,High Risk
15764922,Spain,Male,20,187294.46,1,1,0.03,258.17,0.0,0.0,310.59,0.35,1.74,Above Average,High Risk
15766734,France,Male,31,0.0,1,1,0.03,127.43,0.0,0.0,155.65,0.05,0.24,Above Average,High Risk
15795079,Spain,Male,67,0.0,2,10,0.03,198.48,0.0,0.0,202.03,0.0,0.0,Low Value,High Risk
15757434,France,Male,28,119706.22,1,2,0.03,256.09,0.0,0.0,279.9,0.0,0.0,Average,High Risk
15673747,France,Female,22,0.0,1,11,0.03,154.13,0.0,0.0,156.71,0.0,0.0,Low Value,High Risk
15808386,Germany,Female,45,138523.2,1,2,2.76,293.66,0.22,0.08,320.65,25.24,224.51,High Value,High Risk
15603565,Spain,Female,56,90778.76,2,2,1.97,262.94,0.23,0.11,287.33,31.12,276.59,High Value,High Risk
15744044,Germany,Male,47,99353.42,1,1,1.57,246.74,0.34,0.12,297.04,36.9,217.03,High Value,Medium Risk
15577771,Germany,Female,40,111524.49,1,1,0.39,211.81,0.34,0.42,255.65,107.31,465.74,High Value,Medium Risk
15769548,France,Female,37,128645.67,1,2,0.03,277.27,0.0,0.0,302.87,0.0,0.0,Average,High Risk
15802071,Germany,Male,35,117458.51,1,1,0.39,304.86,0.34,0.42,365.92,153.6,465.74,High Value,Medium Risk
15677395,France,Female,39,129189.15,2,3,0.03,266.79,0.0,0.0,282.82,0.0,0.0,Average,High Risk
15632010,Spain,Male,33,121260.19,2,3,0.03,270.57,0.0,0.0,286.81,0.0,0.0,Average,High Risk
15779492,Spain,Male,56,94231.13,1,2,2.36,321.09,0.22,0.09,350.41,31.95,284.06,High Value,High Risk
15694677,France,Male,39,0.0,2,1,0.03,218.33,0.01,0.02,263.38,4.2,21.0,High Value,High Risk
15704315,France,Male,34,163757.06,1,11,0.03,245.27,0.0,0.0,249.17,0.0,0.0,Low Value,High Risk
15742009,Spain,Male,58,0.0,2,6,0.03,155.13,0.0,0.0,159.95,0.0,0.0,Below Average,High Risk
15766663,France,Male,22,0.0,2,1,0.03,190.13,0.0,0.0,229.96,0.13,0.63,Above Average,High Risk
15742297,France,Male,35,141005.47,1,2,0.03,291.98,0.0,0.0,318.83,0.04,0.21,Above Average,High Risk
15688059,Germany,Female,42,105356.09,2,15,0.03,317.63,0.0,0.0,321.24,0.0,0.0,Low Value,High Risk
15752344,Spain,Male,34,0.0,2,2,0.03,212.63,0.0,0.0,232.76,0.0,0.01,Above Average,High Risk
15698749,Germany,Female,23,85897.95,1,2,0.03,261.97,0.0,0.0,286.28,0.0,0.0,Average,High Risk
15631693,France,Male,36,0.0,2,12,0.03,207.53,0.0,0.0,210.6,0.0,0.0,Low Value,High Risk
15604536,Germany,Female,31,164672.66,1,5,0.03,333.51,0.0,0.0,345.07,0.0,0.0,Below Average,High Risk
15802869,Germany,Female,45,99169.67,2,3,0.03,296.23,0.0,0.0,313.87,0.0,0.01,Above Average,High Risk
15635598,France,Male,29,0.0,2,2,0.03,242.03,0.0,0.0,264.65,0.0,0.0,Average,High Risk
15592326,France,Male,36,0.0,2,13,0.03,173.33,0.0,0.0,175.75,0.0,0.0,Low Value,High Risk
15736533,Germany,Female,37,124053.03,1,1,0.03,295.62,0.0,0.0,354.97,0.11,0.55,Above Average,High Risk
15647191,France,Male,36,0.0,2,1,0.03,201.53,0.0,0.0,243.47,0.13,0.66,Above Average,High Risk
15622507,Germany,Female,40,103499.09,2,1,0.03,299.82,0.0,0.0,359.94,0.4,2.01,Above Average,High Risk
15765487,Germany,Female,38,151766.71,1,12,0.03,303.87,0.0,0.0,308.2,0.0,0.0,Low Value,High Risk
15646521,Spain,Female,36,0.0,1,1,0.03,188.63,0.01,0.02,228.18,3.64,18.19,High Value,High Risk
15746258,France,Male,29,101486.96,1,10,0.03,261.88,0.0,0.0,266.44,0.0,0.0,Low Value,High Risk
15640521,Germany,Male,33,144962.74,1,1,1.18,243.26,0.34,0.16,292.92,47.48,279.08,High Value,Medium Risk
15790630,France,Female,48,0.0,1,1,1.57,184.13,0.34,0.12,222.85,27.68,162.82,High Value,Medium Risk
15664720,Spain,Male,33,122017.19,1,2,0.03,290.71,0.0,0.0,317.46,0.0,0.0,Average,High Risk
15750055,Spain,Male,32,100262.88,2,15,0.03,226.1,0.0,0.0,228.75,0.0,0.0,Low Value,High Risk
15644878,Spain,Female,43,117302.62,1,2,0.03,281.75,0.0,0.0,307.74,0.0,0.0,Average,High Risk
15705379,France,Male,38,0.0,2,1,0.03,201.83,0.0,0.0,243.82,0.27,1.36,Above Average,High Risk
15761047,Germany,Male,31,160997.54,2,3,0.03,295.56,0.0,0.0,313.17,0.0,0.01,Above Average,High Risk
15671293,Germany,Female,37,128389.63,1,2,0.79,310.55,0.23,0.25,338.98,84.48,465.74,High Value,High Risk
15647898,Spain,Female,50,130554.51,3,2,1.97,259.96,0.23,0.11,284.1,30.77,273.48,High Value,High Risk
15671534,Germany,Female,57,90212.0,1,2,2.36,277.05,0.22,0.09,302.64,27.59,245.33,High Value,High Risk
15591248,France,Female,29,71996.29,1,12,0.03,261.4,0.0,0.0,265.17,0.0,0.0,Low Value,High Risk
15676156,France,Female,32,85615.66,2,1,0.03,232.55,0.0,0.0,280.23,0.15,0.77,Above Average,High Risk
15812918,France,Female,27,62339.81,2,2,0.03,201.64,0.0,0.0,220.84,0.0,0.0,Average,High Risk
15604130,Spain,Female,47,142319.03,1,2,0.03,264.14,0.0,0.0,288.63,0.0,0.0,Average,High Risk
15700549,France,Male,54,0.0,2,8,0.03,219.73,0.0,0.0,224.61,0.0,0.0,Below Average,High Risk
15715519,Spain,Male,36,0.0,2,2,0.03,182.63,0.0,0.0,200.22,0.0,0.01,Average,High Risk
15605276,France,Female,29,0.0,2,6,0.03,221.03,0.0,0.0,227.61,0.0,0.0,Below Average,High Risk
15630592,France,Female,45,0.0,1,1,1.57,153.23,0.34,0.12,186.23,23.13,136.06,High Value,Medium Risk
15636626,France,Male,35,97560.16,1,4,0.03,290.42,0.0,0.0,303.24,0.0,0.0,Average,High Risk
15740411,Germany,Male,30,141787.31,2,13,0.03,268.31,0.0,0.0,271.88,0.0,0.0,Low Value,High Risk
15593834,Spain,Male,36,129934.64,1,2,2.76,284.23,0.22,0.08,310.43,24.44,217.35,High Value,High Risk
15804235,France,Female,37,166178.02,2,3,0.03,287.97,0.0,0.0,305.16,0.0,0.01,Above Average,High Risk
15679801,Spain,Female,39,163097.55,2,8,0.03,292.05,0.0,0.0,298.36,0.0,0.0,Below Average,High Risk
15673907,France,Male,20,0.0,2,3,0.03,196.13,0.0,0.0,208.28,0.0,0.0,Average,High Risk
15636562,Spain,Male,44,0.0,2,3,0.03,170.33,0.0,0.0,181.06,0.0,0.0,Average,High Risk
15702571,Germany,Female,35,151958.19,3,2,0.39,311.38,0.23,0.44,339.87,150.99,465.74,High Value,High Risk
15748499,Germany,Male,33,118400.91,1,5,1.57,241.31,0.03,0.04,249.9,10.37,51.87,High Value,High Risk
15598614,Spain,Male,20,0.0,2,3,0.03,235.43,0.0,0.0,249.74,0.0,0.0,Average,High Risk
15668889,Germany,Female,43,116322.27,4,1,0.79,275.69,0.34,0.23,331.35,77.35,454.12,High Value,Medium Risk
15800049,Spain,Female,43,0.0,1,7,0.03,216.83,0.0,0.0,222.35,0.0,0.0,Below Average,High Risk
15583724,Spain,Female,29,0.0,2,6,0.03,191.93,0.0,0.0,197.73,0.0,0.0,Below Average,High Risk
15622083,Germany,Male,30,143138.91,2,2,0.03,271.68,0.0,0.0,296.81,0.0,0.0,Average,High Risk
15645571,Spain,Male,32,0.0,2,6,0.03,177.23,0.0,0.0,182.64,0.0,0.0,Below Average,High Risk
15598266,France,Male,40,0.0,1,12,0.03,181.43,0.0,0.0,184.16,0.0,0.0,Low Value,High Risk
15569682,Germany,Male,37,108308.11,1,3,3.54,306.12,0.13,0.05,324.3,15.98,159.85,High Value,High Risk
15772941,Germany,Male,30,110153.27,1,4,0.03,275.63,0.0,0.0,287.85,0.0,0.0,Average,High Risk
15586174,Germany,Female,30,116377.48,1,5,0.03,286.2,0.0,0.0,296.23,0.0,0.0,Below Average,High Risk
15803682,Germany,Female,37,117791.06,2,17,0.03,271.58,0.0,0.0,274.33,0.0,0.0,Low Value,High Risk
15627328,Spain,Female,26,0.0,2,3,0.03,161.03,0.0,0.0,171.25,0.0,0.0,Average,High Risk
15717065,France,Female,35,105419.73,1,2,0.03,281.34,0.0,0.0,307.29,0.0,0.0,Average,High Risk
15602456,Germany,Female,47,99219.47,2,6,0.03,330.13,0.0,0.0,339.63,0.0,0.0,Below Average,High Risk
15721569,Germany,Female,55,119327.93,1,11,0.03,280.01,0.0,0.0,284.41,0.0,0.0,Low Value,High Risk
15573798,France,Female,36,83947.12,2,2,0.03,208.42,0.0,0.0,228.19,0.0,0.0,Average,High Risk
15638272,Spain,Male,32,99883.16,1,5,0.03,257.88,0.0,0.0,267.0,0.0,0.0,Below Average,High Risk
15799859,France,Male,50,165438.26,1,1,1.57,289.74,0.34,0.12,348.0,43.23,254.26,High Value,Medium Risk
15711249,Spain,Male,22,0.0,2,1,0.03,161.63,0.0,0.0,196.18,0.11,0.54,Above Average,High Risk
15671987,Spain,Male,35,153137.74,1,2,0.03,248.13,0.0,0.0,271.27,0.0,0.0,Average,High Risk
15812766,Spain,Male,40,156111.08,1,2,0.03,225.16,0.0,0.0,246.35,0.0,0.0,Average,High Risk
15778589,France,Male,34,113014.7,2,12,0.03,263.8,0.0,0.0,267.61,0.0,0.0,Low Value,High Risk
15750104,Germany,Male,43,132615.73,2,2,0.03,292.47,0.0,0.0,319.36,0.0,0.01,Above Average,High Risk
15784526,France,Male,44,102016.38,1,7,1.97,260.12,0.01,0.01,266.63,2.56,12.79,Above Average,High Risk
15646563,France,Female,35,0.0,1,12,0.03,230.03,0.0,0.0,233.4,0.0,0.0,Low Value,High Risk
15744423,France,Male,32,0.0,2,2,0.03,166.73,0.0,0.0,182.98,0.0,0.01,Average,High Risk
15593694,France,Male,49,0.0,2,3,0.03,242.63,0.0,0.0,257.33,0.0,0.0,Average,High Risk
15785367,France,Female,56,0.0,1,1,1.57,201.23,0.34,0.12,243.11,30.2,177.62,High Value,Medium Risk
15687765,Germany,Female,42,80380.24,1,1,0.03,235.13,0.0,0.0,283.28,0.15,0.77,Above Average,High Risk
15789014,France,Female,26,108909.12,1,2,0.03,255.76,0.0,0.0,279.54,0.0,0.0,Average,High Risk
15703177,France,Female,35,90865.8,1,2,0.03,270.75,0.0,0.0,295.8,0.04,0.2,Above Average,High Risk
15660263,France,Male,40,99799.76,2,1,0.03,261.77,0.0,0.0,314.86,0.17,0.86,Above Average,High Risk
15776545,France,Male,28,200724.96,1,14,3.94,284.43,0.0,0.0,287.92,0.01,0.04,Above Average,High Risk
15683276,Spain,Female,37,140363.95,2,17,0.03,260.45,0.0,0.0,263.09,0.0,0.0,Low Value,High Risk
15599272,France,Female,36,151844.64,1,1,0.03,316.47,0.01,0.02,379.68,6.05,30.27,High Value,High Risk
15589541,France,Female,27,0.0,2,3,0.03,165.53,0.0,0.0,176.0,0.0,0.0,Average,High Risk
15608804,Germany,Male,49,133231.48,1,11,0.03,324.3,0.0,0.0,329.33,0.0,0.0,Low Value,High Risk
15645820,France,Male,27,0.0,2,3,0.03,207.83,0.0,0.0,220.62,0.0,0.0,Average,High Risk
15659031,France,Female,36,126598.99,2,13,0.03,265.76,0.0,0.0,269.29,0.0,0.0,Low Value,High Risk
15790113,Germany,Female,71,113317.1,1,2,2.36,284.97,0.22,0.09,311.23,28.38,252.3,High Value,High Risk
15652289,France,Male,47,0.0,2,1,0.03,206.63,0.0,0.0,249.51,0.14,0.68,Above Average,High Risk
15605341,France,Female,58,93173.88,1,11,0.03,289.01,0.0,0.0,293.54,0.0,0.0,Low Value,High Risk
15697844,Spain,Female,32,0.0,1,3,3.94,214.73,0.13,0.04,227.9,10.15,101.47,High Value,High Risk
15652048,Germany,Male,44,105007.31,2,12,0.03,244.41,0.0,0.0,247.96,0.0,0.0,Low Value,High Risk
15587038,Spain,Female,32,0.0,1,2,0.79,194.63,0.23,0.25,213.24,53.14,465.74,High Value,High Risk
15660528,Spain,Male,27,0.0,2,1,0.03,196.13,0.0,0.0,237.07,0.13,0.65,Above Average,High Risk
15700300,Germany,Female,44,131593.85,1,5,1.57,279.22,0.03,0.04,289.03,12.0,59.99,High Value,High Risk
15642001,Germany,Male,44,119530.52,1,3,3.54,249.18,0.13,0.05,264.23,13.02,130.24,High Value,High Risk
15580366,Germany,Male,54,118614.6,2,6,0.03,251.12,0.0,0.0,258.5,0.0,0.0,Below Average,High Risk
15657228,Germany,Male,37,95829.13,2,15,0.03,238.4,0.0,0.0,241.17,0.0,0.0,Low Value,High Risk
15729377,France,Male,36,0.0,2,1,0.03,237.83,0.01,0.02,286.49,4.57,22.84,High Value,High Risk
15631267,France,Male,50,153590.73,2,10,0.03,270.35,0.0,0.0,275.03,0.0,0.0,Low Value,High Risk
15715907,France,Male,64,113109.52,1,3,3.54,303.21,0.13,0.05,321.23,15.83,158.34,High Value,High Risk
15748649,France,Male,40,93183.19,1,2,0.03,267.92,0.0,0.0,292.73,0.0,0.0,Average,High Risk
15771409,France,Male,58,151933.63,1,2,2.76,263.77,0.22,0.08,288.24,22.69,201.82,High Value,High Risk
15779207,Germany,Male,30,125495.64,2,3,0.03,226.7,0.0,0.0,240.53,0.0,0.01,Average,High Risk
15814116,France,Female,42,0.0,2,3,0.03,173.33,0.0,0.0,184.23,0.0,0.0,Average,High Risk
15665087,Germany,Female,26,118547.72,1,11,0.03,254.82,0.0,0.0,258.85,0.0,0.0,Low Value,High Risk
15729718,France,Male,41,0.0,3,3,2.36,181.43,0.13,0.07,192.77,14.0,139.96,High Value,High Risk
15733602,Spain,Female,72,0.0,2,3,0.03,270.13,0.0,0.0,286.34,0.0,0.01,Above Average,High Risk
15620103,France,Female,40,167181.01,1,11,0.03,276.61,0.0,0.0,280.96,0.0,0.0,Low Value,High Risk
15770406,Germany,Male,35,121355.19,1,12,0.03,250.48,0.0,0.0,254.11,0.0,0.0,Low Value,High Risk
15800554,France,Female,81,0.0,2,1,0.03,292.18,0.01,0.02,350.89,5.6,27.98,High Value,High Risk
15646535,France,Male,46,113226.47,1,1,0.03,249.41,0.0,0.0,300.21,0.09,0.47,Above Average,High Risk
15575430,France,Female,33,118392.75,1,1,0.03,250.01,0.01,0.02,300.92,4.8,23.99,High Value,High Risk
15711299,Germany,Female,52,145262.54,1,11,0.03,293.48,0.0,0.0,298.06,0.0,0.0,Low Value,High Risk
15642063,France,Male,40,163505.16,1,2,0.03,286.06,0.0,0.0,312.41,0.0,0.0,Average,High Risk
15706602,Spain,Female,33,118114.28,2,1,0.03,304.3,0.01,0.02,365.25,5.82,29.12,High Value,High Risk
15786539,France,Male,32,0.0,2,1,0.03,240.83,0.01,0.02,290.04,4.62,23.12,High Value,High Risk
15737542,Germany,Female,36,103294.56,1,3,0.03,258.7,0.0,0.0,274.28,0.0,0.0,Below Average,High Risk
15773776,France,Female,38,0.0,1,8,0.03,194.93,0.0,0.0,199.31,0.0,0.0,Below Average,High Risk
15728082,Spain,Male,28,0.0,2,2,0.03,178.73,0.0,0.0,195.99,0.0,0.0,Average,High Risk
15649430,France,Male,28,0.0,2,6,0.03,215.33,0.0,0.0,221.76,0.0,0.0,Below Average,High Risk
15768777,Spain,Female,34,0.0,2,6,0.03,150.53,0.0,0.0,155.23,0.0,0.0,Below Average,High Risk
15791326,France,Male,34,0.0,1,1,0.03,168.23,0.0,0.0,204.0,0.23,1.14,Above Average,High Risk
15615176,France,Male,26,0.0,2,3,0.03,218.03,0.0,0.0,231.38,0.0,0.0,Average,High Risk
15735221,France,Female,42,0.0,2,4,0.03,207.53,0.0,0.0,216.98,0.0,0.0,Below Average,High Risk
15617991,France,Male,29,128744.04,1,5,0.03,243.37,0.0,0.0,252.02,0.0,0.0,Below Average,High Risk
15658504,Germany,Female,62,137727.34,2,15,0.03,267.52,0.0,0.0,270.6,0.0,0.0,Low Value,High Risk
15785705,Germany,Female,44,106731.58,1,3,3.94,287.12,0.13,0.04,304.26,13.55,135.48,High Value,High Risk
15801817,France,Female,38,123544.21,1,10,0.03,283.0,0.0,0.0,287.88,0.0,0.0,Low Value,High Risk
15781574,Spain,Male,76,126534.6,1,12,0.03,300.06,0.0,0.0,304.34,0.0,0.0,Low Value,High Risk
15792107,Spain,Female,35,0.0,1,11,0.03,214.13,0.0,0.0,217.58,0.0,0.0,Low Value,High Risk
15569917,Spain,Male,30,87609.68,2,2,2.36,286.1,0.22,0.09,312.46,28.49,253.3,High Value,High Risk
15721504,Spain,Male,41,0.0,2,1,0.03,217.73,0.0,0.0,262.67,0.29,1.47,Above Average,High Risk
15757306,Spain,Male,49,0.0,3,6,1.18,219.83,0.02,0.03,226.38,6.68,33.39,High Value,High Risk
15647295,France,Male,34,0.0,2,3,0.03,126.23,0.0,0.0,134.54,0.0,0.0,Below Average,High Risk
15675176,France,Male,51,144953.31,1,8,0.03,232.51,0.0,0.0,237.64,0.0,0.0,Below Average,High Risk
15700046,France,Male,41,103544.88,2,1,0.03,265.92,0.0,0.0,319.77,0.17,0.87,Above Average,High Risk
15782089,France,Male,33,0.0,1,2,0.03,203.93,0.0,0.0,223.33,0.0,0.0,Average,High Risk
15706394,France,Male,53,0.0,2,12,0.03,184.88,0.0,0.0,187.65,0.0,0.0,Low Value,High Risk
15759387,Germany,Male,38,101487.18,1,1,0.39,254.68,0.34,0.42,306.46,128.64,465.74,High Value,Medium Risk
15623369,France,Male,52,105355.81,1,3,3.94,290.43,0.13,0.04,307.76,13.7,137.03,High Value,High Risk
15732943,Spain,Male,36,77967.5,1,1,1.57,245.73,0.34,0.12,295.84,36.75,216.15,High Value,Medium Risk
15750545,France,Male,44,0.0,4,2,1.97,187.13,0.23,0.11,205.1,22.22,197.43,High Value,High Risk
15809909,Spain,Female,54,0.0,2,6,0.03,130.03,0.0,0.0,134.18,0.0,0.0,Below Average,High Risk
15642448,Spain,Male,28,120047.77,1,11,0.03,273.2,0.0,0.0,277.5,0.0,0.0,Low Value,High Risk
15791944,France,Male,32,175464.85,3,3,2.76,288.03,0.13,0.06,305.23,19.14,191.42,High Value,High Risk
15768342,France,Male,52,79475.3,3,16,3.15,291.55,0.0,0.0,294.68,0.0,0.01,Above Average,High Risk
15567919,Germany,Male,37,167735.69,2,13,0.03,254.43,0.0,0.0,257.83,0.0,0.0,Low Value,High Risk
15674750,Spain,Female,37,0.0,2,3,0.03,142.73,0.0,0.0,151.95,0.0,0.0,Below Average,High Risk
15687634,Germany,Male,49,94754.0,1,7,0.03,243.13,0.0,0.0,249.25,0.0,0.0,Below Average,High Risk
15666096,Spain,Male,27,0.0,1,5,0.03,201.23,0.0,0.0,208.53,0.0,0.0,Below Average,High Risk
15581700,Germany,Male,43,86920.86,1,4,0.03,258.75,0.0,0.0,270.28,0.0,0.0,Average,High Risk
15649101,France,Male,40,127847.86,1,3,0.03,257.12,0.0,0.0,272.62,0.0,0.0,Below Average,High Risk
15781975,France,Male,34,0.0,1,4,1.18,210.83,0.07,0.09,220.42,20.15,100.77,High Value,High Risk
15700511,Germany,Male,42,176702.36,2,15,0.03,291.38,0.0,0.0,294.71,0.0,0.0,Low Value,High Risk
15770255,Germany,Female,33,83555.58,1,3,0.03,313.09,0.0,0.0,331.66,0.0,0.0,Below Average,High Risk
15643574,France,Male,26,0.0,2,3,0.03,203.03,0.0,0.0,215.56,0.0,0.0,Average,High Risk
15595010,Spain,Female,39,0.0,2,3,0.03,206.63,0.0,0.0,219.36,0.0,0.0,Below Average,High Risk
15580579,France,Female,40,0.0,1,1,0.39,145.43,0.34,0.42,176.99,74.29,434.63,High Value,Medium Risk
15748532,Spain,Male,42,0.0,1,14,0.03,246.83,0.0,0.0,249.9,0.0,0.0,Low Value,High Risk
15773789,Spain,Female,38,96858.35,1,2,0.03,253.17,0.0,0.0,276.74,0.0,0.0,Average,High Risk
15600027,Spain,Male,33,0.0,2,1,0.03,172.13,0.01,0.02,208.63,3.33,16.63,Above Average,High Risk
15568819,Germany,Female,42,132796.04,3,16,3.15,262.78,0.0,0.0,265.61,0.0,0.01,Above Average,High Risk
15748691,Spain,Female,30,154970.54,1,1,0.03,316.31,0.01,0.02,379.48,6.05,30.26,High Value,High Risk
15583552,Germany,Male,44,88902.21,1,1,0.03,276.6,0.0,0.0,332.43,0.37,1.86,Above Average,High Risk
15588019,France,Male,28,98738.92,1,2,0.03,200.5,0.0,0.0,219.61,0.0,0.0,Average,High Risk
15713250,France,Male,33,0.0,2,13,0.03,149.03,0.0,0.0,151.15,0.0,0.0,Low Value,High Risk
15569595,France,Female,50,0.0,1,2,0.03,201.83,0.0,0.0,221.05,0.0,0.0,Average,High Risk
15794868,Germany,Male,40,137456.28,2,17,0.03,257.01,0.0,0.0,259.62,0.0,0.0,Low Value,High Risk
15576680,France,Male,29,0.0,2,1,0.03,219.23,0.0,0.0,264.44,0.14,0.72,Above Average,High Risk
15613699,France,Female,60,73937.02,1,2,2.76,214.67,0.22,0.08,234.98,18.5,164.53,High Value,High Risk
15609758,France,Female,45,158621.04,1,2,2.76,239.36,0.22,0.08,261.76,20.61,183.28,High Value,High Risk
15762392,Spain,Male,30,113257.2,1,1,0.03,280.92,0.01,0.02,337.54,5.38,26.91,High Value,High Risk
15693382,France,Male,31,0.0,1,12,0.03,246.83,0.0,0.0,250.42,0.0,0.0,Low Value,High Risk
15791769,France,Female,29,116536.43,1,3,0.03,283.51,0.0,0.0,300.45,0.0,0.0,Average,High Risk
15712483,Spain,Female,28,0.0,2,1,1.57,180.83,0.34,0.12,218.94,27.2,159.96,High Value,Medium Risk
15636454,France,Female,60,101070.69,1,2,2.36,295.06,0.22,0.09,322.17,29.37,261.17,High Value,High Risk
15710138,Spain,Male,39,0.0,2,10,0.03,213.83,0.0,0.0,217.62,0.0,0.0,Low Value,High Risk
15571571,Germany,Female,31,127331.46,3,6,0.03,280.8,0.0,0.0,288.97,0.0,0.0,Below Average,High Risk
15638751,Spain,Female,41,0.0,2,2,0.03,249.83,0.0,0.0,273.12,0.0,0.01,Above Average,High Risk
15598574,Spain,Female,31,0.0,2,8,0.03,206.93,0.0,0.0,211.55,0.0,0.0,Below Average,High Risk
15615670,France,Male,36,119547.46,1,7,0.03,304.98,0.0,0.0,312.51,0.0,0.0,Below Average,High Risk
15705506,Spain,Male,38,0.0,2,3,0.03,223.73,0.0,0.0,237.4,0.0,0.0,Average,High Risk
15599535,Spain,Male,28,138668.18,1,7,0.03,280.77,0.0,0.0,287.74,0.0,0.0,Below Average,High Risk
15768449,France,Female,37,51582.5,2,12,0.03,260.97,0.0,0.0,264.74,0.0,0.0,Low Value,High Risk
15725002,France,Male,37,0.0,2,3,0.03,223.13,0.0,0.0,236.76,0.0,0.0,Average,High Risk
15611682,Spain,Male,37,169902.92,1,8,0.03,255.72,0.0,0.0,261.31,0.0,0.0,Below Average,High Risk
15749964,France,Female,27,87262.4,2,1,0.03,257.28,0.0,0.0,309.53,0.17,0.85,Above Average,High Risk
15678779,France,Male,33,0.0,2,12,0.03,149.03,0.0,0.0,151.33,0.0,0.0,Low Value,High Risk
15752601,France,Female,40,0.0,2,3,0.03,171.83,0.0,0.0,182.65,0.0,0.0,Average,High Risk
15629133,France,Female,27,0.0,2,3,0.03,172.13,0.0,0.0,182.96,0.0,0.0,Below Average,High Risk
15604963,France,Male,39,0.0,2,2,0.03,196.73,0.0,0.0,215.52,0.0,0.01,Above Average,High Risk
15796413,France,Male,46,0.0,2,2,0.03,236.63,0.0,0.0,258.8,0.0,0.0,Average,High Risk
15812470,France,Male,61,0.0,2,8,0.03,227.88,0.0,0.0,232.92,0.0,0.0,Below Average,High Risk
15587443,France,Female,69,0.0,2,1,0.03,240.58,0.01,0.02,289.74,4.62,23.1,High Value,High Risk
15689692,Germany,Male,19,150348.37,1,4,0.03,257.3,0.0,0.0,268.78,0.0,0.0,Average,High Risk
15779586,Germany,Female,46,115074.02,2,1,0.03,322.72,0.0,0.0,387.09,0.43,2.16,Above Average,High Risk
15667588,Spain,Female,40,0.0,1,4,0.03,199.43,0.0,0.0,208.55,0.0,0.0,Average,High Risk
15624423,France,Male,28,99986.98,1,2,0.03,330.19,0.0,0.0,360.27,0.0,0.0,Average,High Risk
15591107,Germany,Female,68,110357.0,1,1,1.18,315.24,0.34,0.16,378.22,61.31,360.36,High Value,Medium Risk
15748986,Germany,Male,42,166685.92,2,13,0.03,290.09,0.0,0.0,293.92,0.0,0.0,Low Value,High Risk
15793896,Spain,Male,40,95312.8,1,10,0.03,277.97,0.0,0.0,282.77,0.0,0.0,Low Value,High Risk
15620570,France,Male,43,202443.47,1,1,0.03,300.69,0.0,0.0,360.97,0.2,0.99,Above Average,High Risk
15707681,Germany,Male,38,88977.39,2,15,0.03,224.71,0.0,0.0,227.34,0.0,0.0,Low Value,High Risk
15673238,Germany,Female,59,154110.99,2,3,3.15,244.42,0.13,0.06,259.22,14.31,143.08,High Value,High Risk
15604196,France,Male,32,185714.28,1,8,0.03,309.11,0.0,0.0,315.77,0.0,0.0,Below Average,High Risk
15769356,Germany,Female,23,116022.53,2,5,0.03,232.18,0.0,0.0,240.47,0.0,0.0,Below Average,High Risk
15665590,France,Male,46,0.0,2,10,0.03,160.73,0.0,0.0,163.68,0.0,0.0,Low Value,High Risk
15667460,France,Male,31,0.0,2,15,0.03,237.53,0.0,0.0,240.3,0.0,0.0,Low Value,High Risk
15654760,France,Male,40,101514.89,1,1,0.03,318.59,0.01,0.02,382.18,6.09,30.47,High Value,High Risk
15632669,Spain,Female,32,0.0,2,6,0.03,215.03,0.0,0.0,221.45,0.0,0.0,Below Average,High Risk
15613673,France,Male,28,0.0,1,3,0.03,200.93,0.0,0.0,213.34,0.0,0.0,Below Average,High Risk
15698522,Germany,Male,39,134599.33,2,3,0.03,275.17,0.0,0.0,291.65,0.0,0.0,Average,High Risk
15741633,Spain,Male,32,147511.26,1,14,0.03,247.58,0.0,0.0,250.65,0.0,0.0,Low Value,High Risk
15665374,Spain,Female,31,0.0,2,2,0.03,181.43,0.0,0.0,198.92,0.0,0.01,Average,High Risk
15588854,France,Female,31,110581.29,1,4,0.03,290.36,0.0,0.0,303.17,0.0,0.0,Average,High Risk
15810716,Germany,Male,42,151836.36,2,3,0.03,302.97,0.0,0.0,320.98,0.0,0.0,Average,High Risk
15776921,Germany,Male,45,83624.55,2,2,0.03,203.29,0.0,0.0,222.63,0.0,0.01,Above Average,High Risk
15788215,Spain,Female,30,122924.75,1,1,1.97,237.06,0.34,0.1,285.57,28.76,169.23,High Value,Medium Risk
15641007,France,Female,38,72594.0,1,5,0.03,257.25,0.0,0.0,266.35,0.0,0.0,Below Average,High Risk
15594651,France,Male,38,115221.36,1,5,0.03,300.53,0.0,0.0,311.03,0.0,0.0,Below Average,High Risk
15575146,Germany,Male,51,117808.74,2,13,0.03,225.13,0.0,0.0,228.17,0.0,0.0,Low Value,High Risk
15608916,France,Male,40,147754.68,1,10,0.03,249.69,0.0,0.0,254.05,0.0,0.0,Low Value,High Risk
15666297,Spain,Female,53,0.0,3,1,1.18,213.98,0.34,0.16,258.22,41.86,246.03,High Value,Medium Risk
15598586,France,Male,31,113292.17,1,14,0.03,280.02,0.0,0.0,283.46,0.0,0.0,Low Value,High Risk
15665014,Spain,Male,36,0.0,2,2,0.03,135.83,0.0,0.0,149.46,0.0,0.0,Average,High Risk
15701738,Germany,Male,44,115163.38,1,2,0.79,259.73,0.23,0.25,283.85,70.74,465.74,High Value,High Risk
15650591,Germany,Male,50,118098.62,1,14,3.94,319.0,0.0,0.0,322.88,0.01,0.04,Above Average,High Risk
15652667,France,Male,39,0.0,2,15,0.03,175.43,0.0,0.0,177.54,0.0,0.0,Low Value,High Risk
15679622,France,Male,35,0.0,1,11,0.03,179.03,0.0,0.0,181.97,0.0,0.0,Low Value,High Risk
15813192,France,Male,25,0.0,2,10,0.03,146.63,0.0,0.0,149.36,0.0,0.0,Low Value,High Risk
15606554,France,Male,29,0.0,1,1,0.03,237.53,0.01,0.02,286.13,4.56,22.81,High Value,High Risk
15611794,Germany,Male,61,133845.28,2,10,0.03,248.68,0.0,0.0,253.02,0.0,0.0,Low Value,High Risk
15672357,Spain,Male,38,0.0,2,3,0.03,187.73,0.0,0.0,199.42,0.0,0.0,Average,High Risk
15711759,France,Female,29,108541.04,1,7,0.03,248.53,0.0,0.0,254.78,0.0,0.0,Below Average,High Risk
15615296,France,Male,39,0.0,1,3,3.94,119.93,0.13,0.04,127.9,5.69,56.95,High Value,High Risk
15660871,France,Male,28,137300.23,1,2,0.03,276.8,0.0,0.0,302.37,0.0,0.0,Average,High Risk
15618258,Spain,Male,37,158024.38,1,1,0.03,270.24,0.0,0.0,324.89,0.1,0.51,Above Average,High Risk
15722535,France,Female,33,127837.54,1,10,0.03,213.92,0.0,0.0,217.71,0.0,0.0,Low Value,High Risk
15711977,France,Male,36,161533.0,1,1,0.03,286.88,0.0,0.0,344.61,0.19,0.94,Above Average,High Risk
15690169,France,Male,31,161171.7,2,3,2.76,271.87,0.13,0.06,288.17,18.07,180.73,High Value,High Risk
15790689,Spain,Male,32,80958.36,1,12,0.03,267.88,0.0,0.0,271.74,0.0,0.0,Low Value,High Risk
15665181,Spain,Male,25,0.0,2,12,0.03,240.83,0.0,0.0,244.34,0.0,0.0,Low Value,High Risk
15633608,France,Male,33,146193.6,2,3,0.79,270.02,0.13,0.2,286.22,56.56,465.74,High Value,High Risk
15805261,Spain,Male,29,0.0,2,13,0.03,208.43,0.0,0.0,211.27,0.0,0.0,Low Value,High Risk
15740356,Germany,Male,26,115021.76,1,5,0.03,274.12,0.0,0.0,283.76,0.0,0.0,Below Average,High Risk
15808223,Spain,Male,41,126773.43,1,1,0.03,261.27,0.01,0.02,314.26,5.01,25.06,High Value,High Risk
15769980,Germany,Female,40,92889.91,1,4,0.03,286.19,0.0,0.0,298.84,0.0,0.0,Average,High Risk
15675450,France,Male,48,0.0,2,15,0.03,213.83,0.0,0.0,216.35,0.0,0.0,Low Value,High Risk
15776494,France,Male,61,146622.35,1,7,1.97,317.69,0.01,0.01,325.51,3.12,15.61,Above Average,High Risk
15592412,Germany,Male,45,131038.14,1,1,1.57,290.89,0.34,0.12,349.36,43.4,255.25,High Value,Medium Risk
15777452,France,Female,46,88820.29,1,2,0.03,250.5,0.0,0.0,273.83,0.0,0.0,Average,High Risk
15791045,France,Female,38,132951.92,1,4,0.03,247.48,0.0,0.0,258.56,0.0,0.0,Average,High Risk
15807889,Germany,Male,74,108891.7,1,1,0.03,295.95,0.0,0.0,355.36,0.11,0.55,Above Average,High Risk
15602043,Germany,Female,46,141788.63,2,2,0.03,308.51,0.0,0.0,336.77,0.0,0.01,Above Average,High Risk
15807335,Spain,Female,64,116954.32,1,5,0.03,296.53,0.0,0.0,306.9,0.0,0.0,Below Average,High Risk
15629985,Germany,Female,47,90450.0,2,4,3.94,291.42,0.07,0.03,304.27,8.99,44.97,High Value,High Risk
15679453,Germany,Female,39,125997.22,1,11,3.15,260.93,0.0,0.0,265.05,0.09,0.45,Above Average,High Risk
15637315,Spain,Female,41,0.0,2,1,0.03,178.73,0.0,0.0,216.45,0.24,1.21,Above Average,High Risk
15691513,France,Male,60,0.0,4,20,3.54,188.53,0.0,0.0,190.21,0.0,0.0,Average,High Risk
15622289,Spain,Female,36,0.0,2,15,0.03,179.93,0.0,0.0,182.09,0.0,0.0,Low Value,High Risk
15715184,Spain,Female,31,144637.86,2,1,0.03,303.25,0.0,0.0,364.01,0.2,0.99,Above Average,High Risk
15702801,France,Female,29,86616.35,1,1,1.18,277.33,0.34,0.16,333.29,54.02,317.55,High Value,Medium Risk
15719931,France,Male,31,0.0,2,3,0.03,253.43,0.0,0.0,268.73,0.0,0.0,Average,High Risk
15796336,Spain,Female,34,0.0,2,3,0.03,234.23,0.0,0.0,248.47,0.0,0.0,Below Average,High Risk
15647306,France,Female,29,131240.61,1,12,3.54,310.1,0.0,0.0,314.52,0.04,0.22,Above Average,High Risk
15742369,Spain,Male,31,0.0,2,8,0.03,198.53,0.0,0.0,202.98,0.0,0.0,Below Average,High Risk
15655859,Spain,Male,35,120046.74,2,2,0.03,330.8,0.0,0.0,360.94,0.0,0.01,Above Average,High Risk
15675650,France,Female,39,97819.36,1,11,0.03,220.84,0.0,0.0,224.38,0.0,0.0,Low Value,High Risk
15574119,Spain,Female,64,62979.93,1,1,0.03,269.0,0.01,0.02,323.43,5.16,25.79,High Value,High Risk
15754168,France,Female,40,0.0,1,4,0.03,150.23,0.0,0.0,157.35,0.0,0.0,Average,High Risk
15763029,Germany,Male,46,161450.03,1,12,3.54,261.98,0.0,0.0,265.76,0.04,0.18,Above Average,High Risk
15765048,France,Male,30,0.0,2,1,0.03,161.93,0.0,0.0,196.54,0.22,1.1,Above Average,High Risk
15786215,France,Male,56,119496.25,2,3,0.03,321.77,0.0,0.0,340.82,0.0,0.0,Average,High Risk
15707559,France,Female,30,0.0,2,15,0.03,203.03,0.0,0.0,205.43,0.0,0.0,Low Value,High Risk
15687540,France,Male,32,100249.41,2,15,0.03,280.4,0.0,0.0,283.62,0.0,0.0,Low Value,High Risk
15787196,Spain,Male,46,0.0,2,3,0.03,206.03,0.0,0.0,218.72,0.0,0.01,Average,High Risk
15670898,France,Female,60,108028.08,2,2,1.97,310.2,0.23,0.11,338.6,36.67,325.93,High Value,High Risk
15775433,Germany,Male,71,53013.29,2,1,0.03,297.01,0.01,0.02,356.61,5.69,28.43,High Value,High Risk
15700693,France,Male,68,0.0,2,3,0.03,228.83,0.0,0.0,242.78,0.0,0.01,Average,High Risk
15570086,Germany,Male,18,90544.0,1,12,0.03,279.72,0.0,0.0,283.74,0.0,0.0,Low Value,High Risk
15794875,Spain,Male,35,0.0,2,10,0.03,205.73,0.0,0.0,209.39,0.0,0.0,Low Value,High Risk
15673591,France,Male,44,141252.18,4,6,1.18,330.09,0.02,0.03,339.58,10.02,50.08,High Value,High Risk
15631756,France,Female,35,147813.05,2,2,0.03,222.39,0.0,0.0,243.35,0.0,0.01,Above Average,High Risk
15757617,France,Male,55,134140.68,1,2,0.03,303.89,0.0,0.0,331.76,0.0,0.0,Average,High Risk
15612729,France,Female,63,0.0,2,12,0.03,218.98,0.0,0.0,222.2,0.0,0.0,Low Value,High Risk
15637857,France,Female,31,0.0,1,11,0.03,183.23,0.0,0.0,186.23,0.0,0.0,Low Value,High Risk
15681007,France,Female,35,128548.49,4,1,0.79,331.86,0.34,0.23,397.91,92.89,465.74,High Value,Medium Risk
15593622,France,Male,43,122198.21,2,17,0.03,267.02,0.0,0.0,269.73,0.0,0.0,Low Value,High Risk
15629273,Germany,Male,42,145177.84,1,2,3.15,269.07,0.22,0.07,293.98,20.36,181.16,High Value,High Risk
15722473,France,Male,41,0.0,2,1,0.03,212.33,0.0,0.0,256.27,0.29,1.43,Above Average,High Risk
15774936,Germany,Male,41,143350.41,1,8,2.36,240.49,0.0,0.0,245.77,1.0,4.98,Above Average,High Risk
15685640,France,Female,41,130931.83,1,4,0.03,271.68,0.0,0.0,283.74,0.0,0.0,Average,High Risk
15566563,France,Female,30,137851.31,1,1,1.57,310.43,0.34,0.12,372.51,46.28,272.17,High Value,Medium Risk
15768746,France,Male,33,0.0,2,2,0.03,166.73,0.0,0.0,182.98,0.0,0.0,Average,High Risk
15689952,Spain,Male,41,0.0,1,7,0.03,215.63,0.0,0.0,221.13,0.0,0.0,Below Average,High Risk
15725906,Spain,Female,51,0.0,1,11,3.15,199.18,0.0,0.0,202.41,0.07,0.34,Above Average,High Risk
15634501,France,Male,60,140614.15,1,1,0.03,222.26,0.01,0.02,268.03,4.27,21.37,High Value,High Risk
15571940,Spain,Male,22,118680.57,1,4,0.03,250.03,0.0,0.0,261.2,0.0,0.0,Average,High Risk
15741643,Germany,Male,35,122917.69,1,10,0.03,309.66,0.0,0.0,314.97,0.0,0.0,Low Value,High Risk
15701166,France,Male,40,131754.11,2,8,0.03,275.02,0.0,0.0,281.0,0.0,0.0,Below Average,High Risk
15718531,France,Female,35,0.0,2,13,0.03,164.63,0.0,0.0,166.94,0.0,0.0,Low Value,High Risk
15628308,France,Female,24,0.0,2,10,0.03,253.43,0.0,0.0,257.85,0.0,0.0,Low Value,High Risk
15585287,Germany,Female,35,119948.09,1,3,3.54,329.0,0.13,0.05,348.44,17.17,171.75,High Value,High Risk
15588535,Spain,Female,39,0.0,2,2,0.03,223.43,0.0,0.0,244.48,0.0,0.0,Average,High Risk
15775307,Spain,Female,38,97266.1,1,4,0.03,222.0,0.0,0.0,232.04,0.0,0.0,Average,High Risk
15777616,Germany,Male,28,113690.83,1,3,0.03,257.54,0.0,0.0,273.06,0.0,0.0,Below Average,High Risk
15692291,Spain,Female,42,99056.22,2,2,2.36,244.02,0.22,0.09,266.81,24.33,216.29,High Value,High Risk
15680843,France,Male,34,0.0,2,13,0.03,200.93,0.0,0.0,203.68,0.0,0.0,Low Value,High Risk
15606232,Spain,Female,36,116338.68,1,10,0.03,262.49,0.0,0.0,267.06,0.0,0.0,Low Value,High Risk
15641585,France,Male,40,97339.99,1,8,0.03,330.01,0.0,0.0,337.08,0.0,0.0,Below Average,High Risk
15684358,France,Male,41,0.0,2,5,0.03,211.73,0.0,0.0,219.37,0.0,0.0,Below Average,High Risk
15806389,Germany,Female,55,137592.31,2,1,0.39,248.26,0.34,0.42,298.85,125.44,465.74,High Value,Medium Risk
15641860,Germany,Male,34,108760.27,2,2,2.36,304.95,0.22,0.09,332.9,30.35,269.86,High Value,High Risk
15814237,Germany,Male,30,128770.88,2,5,0.03,264.97,0.0,0.0,274.32,0.0,0.0,Below Average,High Risk
15767064,Spain,Female,36,44054.84,1,1,0.03,253.92,0.01,0.02,305.55,4.87,24.36,High Value,High Risk
15613427,Germany,Female,49,108797.63,2,3,0.03,280.65,0.0,0.0,297.44,0.0,0.0,Average,High Risk
15726695,Spain,Female,20,122446.61,2,3,0.03,256.84,0.0,0.0,272.32,0.0,0.0,Average,High Risk
15757473,France,Female,27,158786.67,2,12,0.03,308.07,0.0,0.0,312.46,0.0,0.0,Low Value,High Risk
15809509,France,Male,29,125689.29,1,4,0.03,286.41,0.0,0.0,299.06,0.0,0.0,Average,High Risk
15715512,Germany,Male,29,154640.41,1,1,0.03,333.09,0.01,0.02,399.37,6.37,31.84,High Value,High Risk
15614168,Germany,Female,50,146710.76,1,1,1.57,315.34,0.34,0.12,378.34,47.0,276.42,High Value,Medium Risk
15679818,Germany,Male,67,136709.35,1,10,2.76,289.32,0.0,0.0,294.31,0.24,1.2,Above Average,High Risk
15609928,Germany,Male,43,129305.09,2,8,0.03,331.9,0.0,0.0,339.01,0.0,0.0,Below Average,High Risk
15731246,Spain,Male,40,0.0,2,4,0.03,186.83,0.0,0.0,195.44,0.0,0.0,Below Average,High Risk
15685243,France,Female,63,0.0,2,17,0.03,235.48,0.0,0.0,237.9,0.0,0.0,Low Value,High Risk
15697034,Spain,Female,22,0.0,2,3,0.03,173.33,0.0,0.0,184.23,0.0,0.0,Average,High Risk
15677387,Germany,Female,33,76692.22,1,14,0.03,298.12,0.0,0.0,301.76,0.0,0.0,Low Value,High Risk
15759184,France,Male,34,117715.84,1,2,0.03,287.77,0.0,0.0,314.27,0.0,0.0,Average,High Risk
15595991,France,Male,54,87105.32,1,11,0.03,254.77,0.0,0.0,258.8,0.0,0.0,Low Value,High Risk
15681332,France,Female,43,0.0,1,2,2.36,129.53,0.22,0.09,142.63,13.0,115.62,High Value,High Risk
15756299,France,Female,64,69311.16,1,2,0.03,312.54,0.0,0.0,341.14,0.05,0.23,Above Average,High Risk
15750547,France,Male,26,0.0,2,15,0.03,219.83,0.0,0.0,222.41,0.0,0.0,Low Value,High Risk
15566380,Spain,Female,33,66948.67,2,17,0.03,248.31,0.0,0.0,250.85,0.0,0.0,Low Value,High Risk
15675963,France,Female,57,0.0,2,15,0.03,195.28,0.0,0.0,197.6,0.0,0.0,Low Value,High Risk
15674671,Spain,Male,76,128410.71,2,3,0.03,274.65,0.0,0.0,291.11,0.0,0.01,Above Average,High Risk
15621466,Germany,Male,38,99897.53,1,1,0.03,256.98,0.0,0.0,309.18,0.35,1.73,Above Average,High Risk
15607176,France,Male,22,0.0,1,4,0.03,200.63,0.0,0.0,209.8,0.0,0.0,Average,High Risk
15570299,Germany,Female,31,152622.34,1,2,0.03,253.2,0.0,0.0,276.77,0.0,0.0,Average,High Risk
15613197,France,Male,40,0.0,2,3,0.03,175.43,0.0,0.0,186.44,0.0,0.0,Average,High Risk
15798885,France,Male,56,138227.19,2,6,0.03,260.34,0.0,0.0,267.97,0.0,0.0,Below Average,High Risk
15714883,France,Female,25,111395.53,1,2,0.03,228.31,0.0,0.0,249.76,0.03,0.17,Above Average,High Risk
15604497,Germany,Male,44,84386.57,1,2,0.03,211.45,0.0,0.0,231.49,0.0,0.0,Average,High Risk
15773949,France,Female,36,0.0,2,5,0.03,206.03,0.0,0.0,213.48,0.0,0.0,Below Average,High Risk
15774164,Germany,Male,33,174673.65,2,2,0.03,229.5,0.0,0.0,251.06,0.0,0.01,Above Average,High Risk
15774127,France,Male,46,0.0,2,1,0.03,153.83,0.0,0.0,186.94,0.21,1.04,Above Average,High Risk
15619016,Germany,Male,46,109019.65,2,8,0.03,273.76,0.0,0.0,279.71,0.0,0.0,Below Average,High Risk
15798844,France,Male,54,128914.97,1,2,2.76,285.28,0.22,0.08,311.56,24.53,218.15,High Value,High Risk
15717962,Spain,Male,63,111179.83,1,12,0.03,324.04,0.0,0.0,328.65,0.0,0.0,Low Value,High Risk
15691504,Germany,Female,52,124099.13,1,2,0.03,264.83,0.0,0.0,289.38,0.0,0.0,Average,High Risk
15693893,Germany,Male,59,122471.09,1,12,0.03,292.99,0.0,0.0,297.18,0.0,0.0,Low Value,High Risk
15672499,France,Male,34,134692.4,2,5,0.03,267.67,0.0,0.0,277.11,0.0,0.0,Below Average,High Risk
15750410,France,Female,25,123816.5,1,5,0.03,280.61,0.0,0.0,290.47,0.0,0.0,Below Average,High Risk
15568904,Germany,Male,34,106288.54,1,4,0.03,257.99,0.0,0.0,269.49,0.0,0.0,Average,High Risk
15649033,Germany,Female,55,127723.25,2,3,2.76,263.97,0.13,0.06,279.84,17.55,175.5,High Value,High Risk
15780989,Spain,Male,43,145843.82,1,2,0.79,251.4,0.23,0.25,274.82,68.49,465.74,High Value,High Risk
15695280,Germany,Male,24,142755.25,1,2,0.03,237.16,0.0,0.0,259.37,0.0,0.0,Average,High Risk
15592751,Germany,Female,63,81245.79,1,1,1.18,295.25,0.34,0.16,354.53,57.47,337.79,High Value,Medium Risk
15598338,Germany,Female,33,168560.46,2,1,0.03,272.77,0.0,0.0,327.88,0.37,1.83,Above Average,High Risk
15735784,France,Male,38,0.0,1,2,0.03,173.33,0.0,0.0,190.14,0.0,0.0,Average,High Risk
15629128,Germany,Male,42,132193.94,2,3,0.03,309.25,0.0,0.0,327.6,0.0,0.01,Above Average,High Risk
15642870,France,Male,58,0.0,1,12,0.03,211.53,0.0,0.0,214.65,0.0,0.0,Low Value,High Risk
15637977,Germany,Male,25,139330.1,1,2,0.03,240.0,0.0,0.0,262.45,0.0,0.0,Average,High Risk
15576131,France,Male,40,0.0,2,2,0.03,198.23,0.0,0.0,217.15,0.0,0.01,Above Average,High Risk
15686588,France,Female,28,134571.5,1,2,0.03,310.27,0.0,0.0,338.67,0.05,0.23,Above Average,High Risk
15616029,France,Male,32,0.0,2,3,0.03,209.93,0.0,0.0,222.84,0.0,0.0,Average,High Risk
15761149,France,Female,44,133444.97,1,11,0.03,279.01,0.0,0.0,283.39,0.0,0.0,Low Value,High Risk
15802758,Germany,Female,23,104753.84,2,1,1.57,253.7,0.34,0.12,305.28,37.92,223.05,High Value,Medium Risk
15735968,France,Male,41,0.0,2,17,0.03,179.93,0.0,0.0,181.83,0.0,0.0,Low Value,High Risk
15581286,France,Female,40,176914.8,1,12,0.03,299.19,0.0,0.0,303.46,0.0,0.0,Low Value,High Risk
15625445,France,Female,36,68348.18,2,13,0.03,244.25,0.0,0.0,247.52,0.0,0.0,Low Value,High Risk
15600173,France,Female,33,0.0,2,15,0.03,176.93,0.0,0.0,179.06,0.0,0.0,Low Value,High Risk
15635143,France,Male,42,56726.83,2,3,0.03,296.11,0.0,0.0,313.74,0.0,0.01,Above Average,High Risk
15664849,Spain,Male,46,65269.23,1,4,1.18,244.24,0.07,0.09,255.18,23.33,116.66,High Value,High Risk
15762455,Spain,Male,33,66220.17,1,8,0.03,259.64,0.0,0.0,265.31,0.0,0.0,Below Average,High Risk
15797165,France,Male,56,0.0,1,3,3.54,216.83,0.13,0.05,230.12,11.34,113.42,High Value,High Risk
15788189,France,Female,41,96147.55,1,2,0.03,274.42,0.0,0.0,299.79,0.0,0.0,Average,High Risk
15780492,France,Male,42,0.0,2,1,0.03,192.83,0.0,0.0,233.16,0.13,0.64,Above Average,High Risk
15588560,Germany,Female,32,145330.43,1,11,0.03,248.38,0.0,0.0,252.32,0.0,0.0,Low Value,High Risk
15606003,France,Female,21,0.0,2,5,0.03,168.23,0.0,0.0,174.46,0.0,0.0,Below Average,High Risk
15611756,Germany,Female,47,124192.28,2,6,0.03,237.73,0.0,0.0,244.75,0.0,0.0,Below Average,High Risk
15789563,Germany,Female,46,111288.18,1,10,2.76,287.7,0.0,0.0,292.66,0.24,1.19,Above Average,High Risk
15702416,France,Male,43,107805.67,1,2,0.03,295.89,0.0,0.0,323.07,0.0,0.0,Average,High Risk
15766288,Germany,Female,36,103700.69,1,1,1.97,251.23,0.34,0.1,302.36,30.46,179.18,High Value,Medium Risk
15667633,France,Female,38,0.0,2,1,0.03,182.03,0.01,0.02,220.36,3.51,17.57,High Value,High Risk
15755416,France,Female,27,87739.08,1,4,0.03,241.41,0.0,0.0,252.24,0.0,0.0,Average,High Risk
15643908,France,Female,49,0.0,1,14,0.03,128.33,0.0,0.0,130.06,0.0,0.0,Low Value,High Risk
15627395,Germany,Male,41,154902.66,1,10,0.03,271.0,0.0,0.0,275.7,0.0,0.0,Low Value,High Risk
15651581,Germany,Male,68,112595.85,1,2,2.36,325.88,0.22,0.09,355.6,32.42,288.27,High Value,High Risk
15596379,Germany,Male,39,119695.75,1,4,0.03,299.28,0.0,0.0,312.46,0.0,0.0,Average,High Risk
15746674,France,Female,47,0.0,1,2,2.76,217.43,0.22,0.08,237.97,18.73,166.62,High Value,High Risk
15801256,Spain,Male,49,0.0,2,12,0.03,222.23,0.0,0.0,225.49,0.0,0.0,Low Value,High Risk
15663808,Germany,Female,59,152614.51,2,13,0.03,289.05,0.0,0.0,292.87,0.0,0.0,Low Value,High Risk
15598521,Germany,Female,33,131647.01,2,3,0.03,251.02,0.0,0.0,266.18,0.0,0.0,Average,High Risk
15621457,France,Male,27,96654.72,2,2,0.03,329.96,0.0,0.0,360.03,0.0,0.01,Average,High Risk
15764726,France,Male,22,137583.04,1,4,0.03,246.21,0.0,0.0,257.23,0.0,0.0,Average,High Risk
15646374,Germany,Female,28,62717.84,2,5,0.03,301.88,0.0,0.0,312.42,0.0,0.0,Below Average,High Risk
15716501,France,Male,32,95377.13,1,12,0.03,272.57,0.0,0.0,276.49,0.0,0.0,Low Value,High Risk
15589948,Spain,Male,28,135936.1,2,1,0.03,259.33,0.01,0.02,311.96,4.97,24.87,High Value,High Risk
15811343,Germany,Male,35,161591.11,3,10,0.03,271.59,0.0,0.0,276.29,0.0,0.0,Below Average,High Risk
15659677,France,Male,47,142382.03,1,11,0.03,301.34,0.0,0.0,306.04,0.0,0.0,Low Value,High Risk
15594436,Spain,Male,33,0.0,2,3,0.03,174.83,0.0,0.0,185.81,0.0,0.0,Average,High Risk
15748995,Spain,Male,30,0.0,2,15,0.03,205.73,0.0,0.0,208.16,0.0,0.0,Low Value,High Risk
15677062,France,Female,38,127043.09,1,8,0.03,276.58,0.0,0.0,282.59,0.0,0.0,Below Average,High Risk
15697201,Spain,Female,46,0.0,1,4,0.03,190.43,0.0,0.0,199.19,0.0,0.0,Average,High Risk
15666453,Germany,Female,29,78885.88,2,6,0.03,256.91,0.0,0.0,264.44,0.0,0.0,Below Average,High Risk
15693771,Spain,Female,45,95922.9,1,2,3.15,270.21,0.22,0.07,295.22,20.45,181.92,High Value,High Risk
15569867,France,Female,29,0.0,2,3,0.03,157.13,0.0,0.0,167.14,0.0,0.0,Average,High Risk
15711602,France,Female,36,91711.59,1,4,0.03,277.41,0.0,0.0,289.7,0.0,0.0,Average,High Risk
15717736,Germany,Female,46,110031.09,2,17,0.03,267.52,0.0,0.0,270.24,0.0,0.0,Low Value,High Risk
15750441,France,Male,36,81210.72,2,8,0.03,308.4,0.0,0.0,315.04,0.0,0.0,Below Average,High Risk
15732791,Germany,Male,32,122947.92,1,7,0.03,268.86,0.0,0.0,275.57,0.0,0.0,Below Average,High Risk
15760456,France,Female,38,123711.73,2,4,3.94,295.9,0.07,0.03,308.94,9.13,45.66,High Value,High Risk
15665385,France,Male,44,76495.04,1,2,0.03,270.5,0.0,0.0,295.53,0.0,0.0,Average,High Risk
15612418,France,Female,38,0.0,2,3,0.03,221.63,0.0,0.0,235.18,0.0,0.0,Below Average,High Risk
15727138,Spain,Male,46,0.0,2,15,0.03,230.63,0.0,0.0,233.32,0.0,0.0,Low Value,High Risk
15776051,France,Female,45,0.0,2,10,0.03,163.73,0.0,0.0,166.73,0.0,0.0,Low Value,High Risk
15616530,France,Male,36,188455.19,1,2,2.36,270.81,0.22,0.09,295.87,26.98,239.85,High Value,High Risk
15744979,France,Female,36,0.0,1,11,0.03,198.23,0.0,0.0,201.45,0.0,0.0,Low Value,High Risk
15718572,Germany,Male,57,138456.03,2,15,0.03,266.11,0.0,0.0,269.17,0.0,0.0,Low Value,High Risk
15665783,France,Male,49,0.0,2,12,0.03,167.93,0.0,0.0,170.48,0.0,0.0,Low Value,High Risk
15652782,Germany,Male,48,101099.9,2,3,0.03,278.66,0.0,0.0,295.34,0.0,0.01,Above Average,High Risk
15707025,Spain,Female,31,0.0,2,8,0.03,192.83,0.0,0.0,197.17,0.0,0.0,Below Average,High Risk
15647807,France,Male,40,109219.83,1,2,0.03,268.37,0.0,0.0,293.23,0.0,0.0,Average,High Risk
15718281,Germany,Male,67,123276.69,2,1,0.39,309.63,0.34,0.42,371.57,155.97,465.74,High Value,Medium Risk
15660571,Spain,Male,43,113034.31,1,14,0.03,276.4,0.0,0.0,279.8,0.0,0.0,Low Value,High Risk
15639252,Spain,Male,30,129548.5,2,10,0.03,257.81,0.0,0.0,262.3,0.0,0.0,Low Value,High Risk
15628144,France,Female,72,74812.84,1,5,0.03,291.25,0.0,0.0,301.45,0.0,0.0,Below Average,High Risk
15683560,France,Female,40,0.0,2,3,0.03,191.03,0.0,0.0,202.9,0.0,0.0,Average,High Risk
15622182,Germany,Female,28,153538.13,2,1,0.03,266.44,0.0,0.0,320.39,0.36,1.79,Above Average,High Risk
15613962,France,Female,38,0.0,2,15,0.03,148.13,0.0,0.0,149.96,0.0,0.0,Low Value,High Risk
15618437,Spain,Male,34,0.0,2,17,0.03,168.53,0.0,0.0,170.33,0.0,0.0,Low Value,High Risk
15764491,Spain,Male,35,159693.9,2,17,0.03,288.61,0.0,0.0,291.51,0.0,0.0,Low Value,High Risk
15712960,Spain,Male,37,171653.17,1,4,0.03,262.69,0.0,0.0,274.38,0.0,0.0,Average,High Risk
15688157,Germany,Female,39,47685.47,2,3,0.03,275.15,0.0,0.0,291.63,0.0,0.01,Above Average,High Risk
15579287,France,Male,35,0.0,2,6,0.03,172.73,0.0,0.0,178.02,0.0,0.0,Below Average,High Risk
15570931,France,Male,61,0.0,1,1,1.97,198.18,0.34,0.1,239.5,24.12,141.93,High Value,Medium Risk
15615177,Spain,Male,28,123692.0,1,8,0.03,244.9,0.0,0.0,250.28,0.0,0.0,Below Average,High Risk
15809906,Germany,Male,26,148853.29,2,1,0.03,245.24,0.01,0.02,295.26,4.71,23.54,High Value,High Risk
15652169,France,Male,35,133161.95,1,2,0.03,269.7,0.0,0.0,294.66,0.04,0.2,Above Average,High Risk
15649450,Germany,Male,24,143221.35,2,2,0.03,319.08,0.0,0.0,348.23,0.0,0.01,Average,High Risk
15777179,France,Male,35,0.0,2,15,0.03,204.53,0.0,0.0,206.95,0.0,0.0,Low Value,High Risk
15610936,France,Male,33,0.0,2,2,0.03,167.03,0.0,0.0,183.3,0.0,0.0,Average,High Risk
15590094,Germany,Male,38,126265.88,2,3,0.03,260.64,0.0,0.0,276.33,0.0,0.0,Average,High Risk
15572706,France,Male,37,0.0,1,1,0.03,175.13,0.0,0.0,212.18,0.07,0.33,Above Average,High Risk
15634564,Spain,Male,31,112713.34,1,11,0.03,253.88,0.0,0.0,257.9,0.0,0.0,Low Value,High Risk
15684296,France,Male,34,141173.03,1,7,0.03,291.68,0.0,0.0,298.91,0.0,0.0,Below Average,High Risk
15702293,Spain,Female,35,0.0,2,12,0.03,174.83,0.0,0.0,177.47,0.0,0.0,Low Value,High Risk
15642099,Spain,Male,39,0.0,2,2,0.03,202.13,0.0,0.0,221.38,0.0,0.0,Average,High Risk
15773273,Spain,Male,38,118866.36,1,7,0.03,295.34,0.0,0.0,302.65,0.0,0.0,Below Average,High Risk
15613337,France,Male,47,0.0,2,3,0.03,248.33,0.0,0.0,263.35,0.0,0.01,Above Average,High Risk
15800482,Spain,Female,33,0.0,2,12,0.03,174.23,0.0,0.0,176.86,0.0,0.0,Low Value,High Risk
15732644,Spain,Female,54,92316.31,2,2,1.97,249.75,0.23,0.11,273.03,29.57,262.82,High Value,High Risk
15640789,France,Male,38,123345.85,1,1,0.03,289.88,0.0,0.0,348.17,0.19,0.95,Above Average,High Risk
15598892,France,Male,30,73070.18,2,1,0.03,321.49,0.0,0.0,385.63,0.21,1.05,Above Average,High Risk
15606436,Spain,Male,38,0.0,2,3,0.03,148.43,0.0,0.0,157.96,0.0,0.0,Average,High Risk
15812365,France,Male,40,102800.65,1,2,0.03,330.37,0.0,0.0,360.47,0.0,0.0,Average,High Risk
15616088,France,Female,70,97072.42,1,10,0.03,334.59,0.0,0.0,340.29,0.0,0.0,Low Value,High Risk
15803886,Spain,Male,31,132876.55,1,8,0.03,265.78,0.0,0.0,271.57,0.0,0.0,Below Average,High Risk
15587311,Spain,Male,33,0.0,2,10,0.03,173.03,0.0,0.0,176.18,0.0,0.0,Low Value,High Risk
15775886,France,Male,36,0.0,1,1,1.18,199.43,0.34,0.16,240.98,39.06,229.6,High Value,Medium Risk
15761717,France,Male,26,51962.91,2,4,0.03,286.82,0.0,0.0,299.49,0.0,0.0,Below Average,High Risk
15628008,Spain,Female,29,98759.89,1,2,0.03,309.4,0.0,0.0,337.73,0.0,0.0,Average,High Risk
15583755,Germany,Male,33,156570.86,1,2,0.03,255.78,0.0,0.0,279.56,0.04,0.19,Above Average,High Risk
15661409,France,Female,42,0.0,1,1,0.39,161.03,0.34,0.42,195.47,82.05,465.74,High Value,Medium Risk
15681476,France,Female,39,73493.17,1,1,0.39,229.13,0.34,0.42,276.18,115.93,465.74,High Value,Medium Risk
15654870,France,Female,45,0.0,2,13,0.03,226.13,0.0,0.0,229.19,0.0,0.0,Low Value,High Risk
15790448,France,Female,35,69617.36,1,2,0.03,214.67,0.0,0.0,234.98,0.0,0.0,Average,High Risk
15785326,Spain,Female,35,136526.26,2,2,0.03,268.96,0.0,0.0,293.86,0.0,0.01,Above Average,High Risk
15592854,France,Male,25,113736.27,1,4,0.03,287.54,0.0,0.0,300.24,0.0,0.0,Average,High Risk
15806796,Germany,Female,33,138847.9,1,14,0.03,232.17,0.0,0.0,235.08,0.0,0.0,Low Value,High Risk
15622305,Germany,Female,33,107868.14,2,3,0.03,299.49,0.0,0.0,317.31,0.0,0.01,Above Average,High Risk
15608209,Germany,Male,33,96926.12,2,1,0.03,261.58,0.0,0.0,314.63,0.35,1.76,Above Average,High Risk
15626898,France,Male,30,77599.23,1,2,0.03,296.4,0.0,0.0,323.62,0.0,0.0,Average,High Risk
15644297,Germany,Male,38,178787.54,1,7,0.03,298.66,0.0,0.0,306.05,0.0,0.0,Below Average,High Risk
15731569,France,Male,81,0.0,2,8,0.03,292.18,0.0,0.0,298.5,0.0,0.0,Below Average,High Risk
15582149,Germany,Female,34,129668.43,2,5,0.03,331.92,0.0,0.0,343.43,0.0,0.0,Below Average,High Risk
15802483,France,Male,34,146178.13,2,10,0.03,283.52,0.0,0.0,288.41,0.0,0.0,Below Average,High Risk
15686999,France,Female,40,0.0,2,3,0.03,165.23,0.0,0.0,175.68,0.0,0.0,Average,High Risk
15772479,France,Male,37,0.0,2,1,0.03,200.33,0.0,0.0,242.05,0.13,0.66,Above Average,High Risk
15778884,France,Female,38,154763.21,2,3,0.03,320.8,0.0,0.0,339.79,0.0,0.01,Above Average,High Risk
15623630,Germany,Female,56,116251.24,1,4,1.18,273.89,0.07,0.09,286.04,26.15,130.77,High Value,High Risk
15774316,France,Male,37,0.0,2,10,0.03,187.43,0.0,0.0,190.8,0.0,0.0,Low Value,High Risk
15645404,France,Female,51,124620.01,2,1,1.57,265.4,0.34,0.12,319.16,39.65,233.19,High Value,Medium Risk
15750574,Spain,Female,34,0.0,2,6,0.03,201.53,0.0,0.0,207.59,0.0,0.0,Below Average,High Risk
15636812,France,Male,40,112701.04,1,3,0.03,250.88,0.0,0.0,266.04,0.0,0.0,Below Average,High Risk
15712068,Spain,Male,45,84692.5,1,11,0.03,251.68,0.0,0.0,255.66,0.0,0.0,Low Value,High Risk
15577398,France,Male,30,86449.39,1,8,0.03,329.22,0.0,0.0,336.27,0.0,0.0,Below Average,High Risk
15756848,Spain,Male,42,0.0,1,14,0.03,188.33,0.0,0.0,190.74,0.0,0.0,Low Value,High Risk
15806929,Germany,Male,36,73194.99,1,7,0.03,298.41,0.0,0.0,305.79,0.0,0.0,Below Average,High Risk
15656005,Germany,Male,31,124593.23,1,2,0.03,254.25,0.0,0.0,277.91,0.0,0.0,Average,High Risk
15722632,Germany,Male,50,119655.77,1,2,0.79,291.18,0.23,0.25,317.97,79.24,465.74,High Value,High Risk
15794356,Germany,Male,42,121765.37,2,5,0.03,268.8,0.0,0.0,278.27,0.0,0.0,Below Average,High Risk
15659656,France,Male,35,110837.73,1,1,0.03,330.57,0.0,0.0,396.39,0.22,1.08,Above Average,High Risk
15588341,Spain,Male,47,99835.17,1,14,0.03,269.28,0.0,0.0,272.6,0.0,0.0,Low Value,High Risk
15627042,France,Female,26,0.0,2,3,0.03,164.93,0.0,0.0,175.37,0.0,0.0,Average,High Risk
15627517,Spain,Male,27,149400.27,1,2,0.03,226.96,0.0,0.0,248.31,0.0,0.0,Average,High Risk
15803032,Germany,Male,38,89111.63,1,3,0.03,254.12,0.0,0.0,269.45,0.0,0.0,Average,High Risk
15665129,Germany,Male,33,132527.9,2,1,0.03,240.56,0.01,0.02,289.72,4.62,23.1,High Value,High Risk
15628272,France,Female,36,114997.42,1,3,0.03,308.32,0.0,0.0,326.62,0.0,0.0,Average,High Risk
15678206,France,Male,46,161798.53,1,2,0.03,217.59,0.0,0.0,238.15,0.0,0.0,Average,High Risk
15678427,Germany,Female,27,96129.32,2,3,0.03,283.72,0.0,0.0,300.68,0.0,0.01,Above Average,High Risk
15678067,Spain,Male,45,0.0,2,1,0.03,198.53,0.0,0.0,239.91,0.27,1.34,Above Average,High Risk
15793331,France,Male,32,133050.97,2,2,0.03,320.69,0.0,0.0,349.97,0.0,0.01,Above Average,High Risk
15699532,France,Male,51,120124.35,2,13,0.03,232.46,0.0,0.0,235.59,0.0,0.0,Low Value,High Risk
15605827,France,Male,39,0.0,2,3,0.03,191.93,0.0,0.0,203.85,0.0,0.0,Average,High Risk
15643635,Spain,Male,32,133705.74,1,1,0.03,276.32,0.0,0.0,332.1,0.1,0.52,Above Average,High Risk
15787710,Spain,Female,39,0.0,2,3,0.03,126.53,0.0,0.0,134.86,0.0,0.0,Below Average,High Risk
15614137,France,Female,40,0.0,2,3,0.03,203.93,0.0,0.0,216.51,0.0,0.0,Average,High Risk
15754494,France,Female,33,152805.05,1,1,0.03,253.51,0.0,0.0,305.07,0.17,0.83,Above Average,High Risk
15713440,Germany,Female,21,151701.45,3,2,0.39,233.66,0.23,0.44,255.58,113.54,465.74,High Value,High Risk
15803479,France,Female,67,0.0,2,1,0.03,232.08,0.01,0.02,279.67,4.46,22.3,High Value,High Risk
15709639,France,Female,22,112465.06,1,7,0.03,291.07,0.0,0.0,298.28,0.0,0.0,Below Average,High Risk
15601719,Germany,Male,24,156007.09,1,2,0.03,217.65,0.0,0.0,238.21,0.0,0.0,Average,High Risk
15772482,Germany,Male,28,132405.52,3,1,1.18,325.76,0.34,0.16,390.68,63.33,372.23,High Value,Medium Risk
15591489,France,Male,26,142662.68,1,1,0.03,325.35,0.0,0.0,390.21,0.12,0.61,Above Average,High Risk
15629002,Germany,Male,36,102603.3,2,13,0.03,299.46,0.0,0.0,303.4,0.0,0.0,Low Value,High Risk
15798053,Spain,Male,32,0.0,2,3,0.03,210.53,0.0,0.0,223.47,0.0,0.0,Below Average,High Risk
15595426,Spain,Male,57,105000.85,2,10,2.36,265.16,0.0,0.0,269.77,0.25,1.27,Above Average,High Risk
15645815,France,Male,45,0.0,2,8,0.03,182.93,0.0,0.0,187.07,0.0,0.0,Below Average,High Risk
15703068,Germany,Male,41,126145.54,2,13,0.03,291.53,0.0,0.0,295.38,0.0,0.0,Low Value,High Risk
15791513,France,Male,41,138937.35,1,5,1.57,271.48,0.03,0.04,281.04,11.67,58.33,High Value,High Risk
15587210,Germany,Female,44,113581.98,1,3,0.03,253.34,0.0,0.0,268.62,0.0,0.0,Below Average,High Risk
15787756,Germany,Male,51,114514.71,2,4,3.94,217.44,0.07,0.03,227.29,6.72,33.59,High Value,High Risk
15723437,France,Female,35,0.0,2,3,0.03,208.73,0.0,0.0,221.57,0.0,0.01,Average,High Risk
15702715,France,Female,34,0.0,2,17,0.03,222.53,0.0,0.0,224.83,0.0,0.0,Low Value,High Risk
15644295,Spain,Female,39,126816.18,1,2,0.03,296.07,0.0,0.0,323.27,0.04,0.22,Above Average,High Risk
15778694,Germany,Female,26,105249.76,2,1,0.03,266.93,0.01,0.02,320.96,5.12,25.59,High Value,High Risk
15631406,Germany,Male,50,109387.9,1,1,0.03,213.48,0.0,0.0,257.63,0.08,0.4,Above Average,High Risk
15616676,Germany,Male,23,122478.51,1,1,1.18,266.14,0.34,0.16,320.03,51.87,304.91,High Value,Medium Risk
15771154,France,Female,73,137732.23,2,13,0.03,310.97,0.0,0.0,315.06,0.0,0.0,Low Value,High Risk
15669491,France,Female,46,157866.77,1,2,0.03,333.23,0.0,0.0,363.58,0.05,0.24,Above Average,High Risk
15697691,France,Female,41,0.0,1,8,0.03,152.03,0.0,0.0,155.56,0.0,0.0,Below Average,High Risk
15665180,France,Female,31,136789.14,1,1,1.18,262.07,0.34,0.16,315.21,51.09,300.33,High Value,Medium Risk
15752588,France,Male,36,0.0,2,1,0.03,197.63,0.01,0.02,238.85,3.81,19.04,High Value,High Risk
15743051,France,Male,30,144684.03,1,14,0.03,285.85,0.0,0.0,289.36,0.0,0.0,Low Value,High Risk
15571873,France,Male,24,107065.31,1,12,0.03,272.14,0.0,0.0,276.06,0.0,0.0,Low Value,High Risk
15679743,France,Female,33,91301.72,1,11,0.03,256.68,0.0,0.0,260.74,0.0,0.0,Low Value,High Risk
15769412,Spain,Male,39,207034.96,2,1,1.57,285.24,0.34,0.12,342.66,42.57,250.36,High Value,Medium Risk
15775124,Spain,Male,37,0.0,2,13,0.03,227.33,0.0,0.0,230.4,0.0,0.0,Low Value,High Risk
15732113,Spain,Male,50,0.0,1,11,0.03,199.73,0.0,0.0,202.97,0.0,0.0,Low Value,High Risk
15578141,Spain,Male,38,0.0,1,4,1.18,176.03,0.07,0.09,184.2,16.84,84.21,High Value,High Risk
15595874,Spain,Female,36,0.0,2,2,0.03,198.23,0.0,0.0,217.15,0.0,0.0,Average,High Risk
15755642,France,Male,34,0.0,2,8,0.03,198.53,0.0,0.0,202.98,0.0,0.0,Below Average,High Risk
15576526,Spain,Male,36,0.0,2,10,0.03,253.43,0.0,0.0,257.85,0.0,0.0,Low Value,High Risk
15792489,Spain,Male,42,0.0,2,3,0.03,185.03,0.0,0.0,196.57,0.0,0.0,Below Average,High Risk
15733705,France,Female,30,92472.1,2,13,0.03,247.76,0.0,0.0,251.08,0.0,0.0,Low Value,High Risk
15573045,France,Male,62,127738.75,2,17,0.03,255.92,0.0,0.0,258.52,0.0,0.0,Low Value,High Risk
15756824,Germany,Female,50,101242.98,2,2,0.03,259.17,0.0,0.0,283.24,0.0,0.01,Above Average,High Risk
15773520,France,Female,43,92599.55,2,6,0.03,276.27,0.0,0.0,284.33,0.0,0.0,Below Average,High Risk
15627439,Spain,Female,36,0.0,2,17,0.03,185.63,0.0,0.0,187.59,0.0,0.0,Low Value,High Risk
15785352,France,Male,37,82373.94,1,2,2.36,255.69,0.22,0.09,279.47,25.48,226.56,High Value,High Risk
15616525,Spain,Male,31,141356.47,1,1,0.03,293.49,0.0,0.0,352.45,0.19,0.96,Above Average,High Risk
15717489,France,Male,23,0.0,1,3,3.54,248.93,0.13,0.05,263.98,13.01,130.12,High Value,High Risk
15795737,Spain,Female,47,72664.0,2,5,0.03,304.36,0.0,0.0,314.98,0.0,0.0,Below Average,High Risk
15693877,France,Female,47,123365.34,2,1,0.03,319.89,0.0,0.0,383.72,0.43,2.14,Above Average,High Risk
15576111,Germany,Male,33,121898.58,1,1,0.03,296.71,0.0,0.0,356.25,0.11,0.56,Above Average,High Risk
15595713,Spain,Male,33,0.0,1,8,0.03,162.83,0.0,0.0,166.57,0.0,0.0,Below Average,High Risk
15808868,France,Female,31,103696.97,3,1,1.18,271.03,0.34,0.16,325.82,52.81,310.44,High Value,Medium Risk
15697801,Germany,Female,56,74129.18,2,1,0.39,262.19,0.34,0.42,315.35,132.37,465.74,High Value,Medium Risk
15770121,France,Female,34,0.0,1,3,0.03,185.33,0.0,0.0,196.89,0.0,0.0,Below Average,High Risk
15800524,Germany,Male,29,185379.02,1,1,0.03,285.1,0.0,0.0,342.5,0.38,1.91,Above Average,High Risk
15659807,Spain,Male,41,109402.13,1,11,0.03,272.89,0.0,0.0,277.18,0.0,0.0,Low Value,High Risk
15736078,Germany,Female,33,130367.87,1,2,2.76,295.95,0.22,0.08,323.14,25.44,226.26,High Value,High Risk
15717643,France,Female,34,90425.15,2,10,0.03,292.92,0.0,0.0,297.96,0.0,0.0,Below Average,High Risk
15776596,Spain,Female,39,140094.59,1,2,2.36,296.43,0.22,0.09,323.66,29.51,262.38,High Value,High Risk
15814757,Spain,Male,31,0.0,2,15,0.03,141.53,0.0,0.0,143.29,0.0,0.0,Low Value,High Risk
15812607,Germany,Female,46,95439.4,1,8,2.36,273.77,0.0,0.0,279.72,1.13,5.66,Above Average,High Risk
15663888,Germany,Male,34,204017.4,2,2,0.03,244.64,0.0,0.0,267.48,0.0,0.0,Average,High Risk
15748882,Spain,Male,29,0.0,2,3,0.03,212.63,0.0,0.0,225.69,0.0,0.0,Below Average,High Risk
15690829,Germany,Male,49,137115.16,1,1,1.18,206.29,0.34,0.16,249.11,40.38,237.34,High Value,Medium Risk
15695819,Germany,Male,43,134740.19,2,2,0.03,228.37,0.0,0.0,249.84,0.0,0.01,Above Average,High Risk
15696834,France,Female,29,0.0,2,2,0.03,157.43,0.0,0.0,172.89,0.0,0.0,Average,High Risk
15797710,Germany,Male,29,98955.87,1,5,0.03,260.82,0.0,0.0,270.03,0.0,0.0,Below Average,High Risk
15700654,Germany,Male,44,49157.09,2,3,0.03,255.55,0.0,0.0,270.96,0.0,0.0,Average,High Risk
15688849,France,Male,48,108019.27,3,2,0.39,258.4,0.23,0.44,282.41,125.46,465.74,High Value,High Risk
15661473,Germany,Male,51,126725.25,1,1,1.57,312.02,0.34,0.12,374.4,46.51,273.54,High Value,Medium Risk
15601030,Germany,Female,34,96693.66,1,7,0.03,308.06,0.0,0.0,315.66,0.0,0.0,Below Average,High Risk
15789557,Germany,Female,27,129810.6,1,10,0.03,322.03,0.0,0.0,327.53,0.0,0.0,Low Value,High Risk
15745250,France,Male,58,156652.13,1,2,3.15,343.18,0.22,0.07,374.37,25.93,230.69,High Value,High Risk
15590349,France,Female,36,0.0,1,3,3.54,218.03,0.13,0.05,231.38,11.4,114.05,High Value,High Risk
15741693,France,Male,40,130661.96,1,5,0.03,284.87,0.0,0.0,294.86,0.0,0.0,Below Average,High Risk
15618446,France,Female,50,0.0,2,13,0.03,171.23,0.0,0.0,173.62,0.0,0.0,Low Value,High Risk
15766552,France,Male,37,0.0,2,2,0.03,191.33,0.0,0.0,209.66,0.0,0.0,Average,High Risk
15668775,France,Male,47,130747.1,1,1,0.03,304.07,0.0,0.0,364.99,0.41,2.04,Above Average,High Risk
15757895,Germany,Male,30,106629.49,1,8,0.03,246.31,0.0,0.0,251.72,0.0,0.0,Below Average,High Risk
15774551,Spain,Male,36,112029.83,1,4,0.03,307.54,0.0,0.0,321.06,0.0,0.0,Average,High Risk
15684011,Germany,Male,29,130575.26,1,10,0.03,249.76,0.0,0.0,254.12,0.0,0.0,Low Value,High Risk
15736146,Germany,Male,28,96679.71,1,5,0.03,257.36,0.0,0.0,266.47,0.0,0.0,Below Average,High Risk
15774847,France,Male,50,171740.69,1,2,0.03,256.69,0.0,0.0,280.55,0.0,0.0,Average,High Risk
15815656,Germany,Female,39,100116.67,1,12,3.54,237.49,0.0,0.0,240.96,0.03,0.17,Above Average,High Risk
15623357,Germany,Male,24,120596.93,1,2,0.03,284.03,0.0,0.0,310.21,0.04,0.21,Above Average,High Risk
15601324,France,Female,48,0.0,2,1,0.03,207.53,0.01,0.02,250.58,4.0,19.98,High Value,High Risk
15715510,France,Male,29,95984.69,2,3,0.03,305.31,0.0,0.0,323.45,0.0,0.01,Above Average,High Risk
15663770,France,Male,38,142557.11,1,1,0.03,318.15,0.01,0.02,381.67,6.09,30.43,High Value,High Risk
15779267,France,Male,47,0.0,2,2,0.03,173.63,0.0,0.0,190.46,0.0,0.01,Average,High Risk
15597957,Spain,Male,66,0.0,2,3,0.03,202.63,0.0,0.0,215.14,0.0,0.0,Average,High Risk
15584620,Germany,Female,36,143644.16,1,2,2.36,332.6,0.22,0.09,362.89,33.09,294.18,High Value,High Risk
15750772,France,Female,38,132129.72,1,8,0.03,278.34,0.0,0.0,284.38,0.0,0.0,Below Average,High Risk
15661656,France,Male,38,91902.56,2,3,0.03,264.52,0.0,0.0,280.43,0.0,0.01,Above Average,High Risk
15631217,France,Male,40,156218.19,1,8,0.03,277.06,0.0,0.0,283.07,0.0,0.0,Below Average,High Risk
15588955,Germany,Female,43,93259.57,3,2,1.97,249.02,0.23,0.11,272.23,29.49,262.05,High Value,High Risk
15758252,Germany,Female,45,168085.38,2,3,0.03,246.95,0.0,0.0,261.89,0.0,0.01,Above Average,High Risk
15805413,France,Female,31,117852.26,2,2,0.03,306.98,0.0,0.0,335.1,0.0,0.0,Average,High Risk
15764892,Spain,Female,51,84474.62,2,17,0.03,252.31,0.0,0.0,254.88,0.0,0.0,Low Value,High Risk
15795936,France,Male,50,0.0,2,1,0.03,166.43,0.0,0.0,201.87,0.23,1.13,Above Average,High Risk
15655232,Germany,Male,35,126803.34,2,10,0.03,207.87,0.0,0.0,211.56,0.0,0.0,Low Value,High Risk
15751524,Germany,Female,36,68806.84,1,3,0.03,275.79,0.0,0.0,292.31,0.0,0.0,Below Average,High Risk
15670552,France,Female,31,115141.18,1,1,0.03,244.13,0.0,0.0,293.94,0.33,1.64,Above Average,High Risk
15623966,France,Female,35,0.0,2,3,0.03,171.83,0.0,0.0,182.65,0.0,0.0,Average,High Risk
15752193,Spain,Male,34,90723.36,1,8,0.03,200.84,0.0,0.0,205.33,0.0,0.0,Below Average,High Risk
15607269,Germany,Female,49,151249.45,2,3,0.03,225.54,0.0,0.0,239.31,0.0,0.01,Average,High Risk
15700752,France,Female,32,0.0,2,10,0.03,161.93,0.0,0.0,164.9,0.0,0.0,Low Value,High Risk
15777901,Germany,Female,43,94752.49,1,3,3.54,266.83,0.13,0.05,282.86,13.94,139.42,High Value,High Risk
15639117,Spain,Female,34,0.0,1,2,2.36,185.63,0.22,0.09,203.48,18.55,164.95,High Value,High Risk
15720203,Spain,Male,28,0.0,1,2,0.03,171.53,0.0,0.0,188.18,0.0,0.0,Average,High Risk
15586236,France,Male,31,132084.66,3,10,1.97,288.24,0.0,0.0,293.21,0.33,1.64,Above Average,High Risk
15676645,France,Male,45,0.0,2,8,0.03,155.33,0.0,0.0,158.92,0.0,0.0,Below Average,High Risk
15715988,France,Male,35,0.0,2,3,0.03,236.33,0.0,0.0,250.69,0.0,0.01,Average,High Risk
15603749,France,Female,53,45472.28,1,2,0.79,242.88,0.23,0.25,265.58,66.19,465.74,High Value,High Risk
15733872,Germany,Female,33,130229.71,2,4,3.94,314.25,0.07,0.03,328.03,9.7,48.48,High Value,High Risk
15666982,Germany,Female,38,123948.85,1,3,0.03,265.32,0.0,0.0,281.26,0.0,0.0,Average,High Risk
15602647,Germany,Male,39,127415.85,1,8,2.36,295.5,0.0,0.0,301.88,1.22,6.11,Above Average,High Risk
15623063,Germany,Male,35,110067.71,1,2,3.15,271.13,0.22,0.07,296.21,20.52,182.53,High Value,High Risk
15682928,Spain,Male,39,65521.2,1,5,0.03,280.87,0.0,0.0,290.73,0.0,0.0,Below Average,High Risk
15729246,Spain,Male,31,0.0,2,8,0.03,252.53,0.0,0.0,258.06,0.0,0.0,Below Average,High Risk
15588928,France,Male,47,0.0,2,8,0.03,209.63,0.0,0.0,214.31,0.0,0.0,Below Average,High Risk
15803352,Germany,Male,33,155736.42,2,5,0.03,262.04,0.0,0.0,271.3,0.0,0.0,Below Average,High Risk
15607485,Spain,Female,29,0.0,2,1,0.03,206.03,0.0,0.0,248.8,0.14,0.68,Above Average,High Risk
15656249,France,Female,34,118307.57,2,5,0.03,292.31,0.0,0.0,302.54,0.0,0.0,Below Average,High Risk
15761783,France,Male,41,0.0,1,8,0.03,171.53,0.0,0.0,175.45,0.0,0.0,Below Average,High Risk
15716605,Germany,Female,24,103099.17,2,3,0.03,288.39,0.0,0.0,305.6,0.0,0.0,Average,High Risk
15757425,France,Female,38,0.0,2,1,0.03,213.23,0.01,0.02,257.33,4.1,20.52,High Value,High Risk
15603096,France,Male,33,125789.69,1,2,2.36,199.72,0.22,0.09,218.75,19.94,177.33,High Value,High Risk
15588580,Germany,Female,36,109646.83,1,5,0.03,251.0,0.0,0.0,259.9,0.0,0.0,Below Average,High Risk
15770539,France,Male,30,127187.86,1,1,0.03,314.39,0.01,0.02,377.21,6.01,30.07,High Value,High Risk
15572022,France,Female,36,0.0,1,8,0.03,179.93,0.0,0.0,184.01,0.0,0.0,Below Average,High Risk
15752502,France,Male,41,130385.82,1,5,0.03,261.45,0.0,0.0,270.69,0.0,0.0,Below Average,High Risk
15609058,France,Male,23,107787.47,1,1,0.03,278.49,0.01,0.02,334.66,5.34,26.68,High Value,High Risk
15775108,France,Male,34,99325.04,2,1,0.03,246.44,0.01,0.02,296.69,4.73,23.65,High Value,High Risk
15708904,France,Female,37,0.0,1,3,0.03,253.43,0.0,0.0,268.73,0.0,0.0,Average,High Risk
15600086,France,Male,48,123764.95,1,10,0.03,291.71,0.0,0.0,296.73,0.0,0.0,Low Value,High Risk
15814675,Germany,Female,39,128264.03,1,2,3.15,269.45,0.22,0.07,294.39,20.39,181.41,High Value,High Risk
15572777,Spain,Male,47,86006.21,1,10,0.03,308.18,0.0,0.0,313.47,0.0,0.0,Low Value,High Risk
15585106,Germany,Female,38,57068.43,2,3,0.03,219.05,0.0,0.0,232.45,0.0,0.0,Average,High Risk
15738936,Germany,Male,29,103607.24,2,8,0.03,303.42,0.0,0.0,309.96,0.0,0.0,Below Average,High Risk
15750970,Spain,Male,40,99004.24,1,1,0.03,225.12,0.01,0.02,271.42,4.33,21.64,High Value,High Risk
15725772,Spain,Female,36,0.0,2,3,0.03,194.63,0.0,0.0,206.7,0.0,0.0,Average,High Risk
15692106,Spain,Female,25,147386.72,3,1,1.18,259.57,0.34,0.16,312.25,50.61,297.5,High Value,Medium Risk
15791533,Spain,Male,42,93608.28,1,2,2.36,184.85,0.22,0.09,202.62,18.47,164.26,High Value,High Risk
15715715,Spain,Male,38,0.0,2,3,0.03,238.13,0.0,0.0,252.59,0.0,0.01,Average,High Risk
15785576,Germany,Male,71,119496.87,1,3,0.03,232.82,0.0,0.0,246.98,0.0,0.0,Below Average,High Risk
15798834,Spain,Female,32,0.0,1,2,0.03,214.13,0.0,0.0,234.39,0.0,0.0,Average,High Risk
15637427,Spain,Female,25,0.0,2,10,0.03,136.73,0.0,0.0,139.3,0.0,0.0,Low Value,High Risk
15576990,Germany,Female,25,152885.77,1,1,0.03,315.02,0.0,0.0,377.95,0.12,0.59,Above Average,High Risk
15615352,France,Male,31,99607.37,2,6,0.03,251.56,0.0,0.0,258.95,0.0,0.0,Below Average,High Risk
15647333,France,Male,27,137003.68,1,1,0.03,263.59,0.0,0.0,317.0,0.17,0.87,Above Average,High Risk
15572050,Germany,Male,48,122831.58,1,4,1.18,306.96,0.07,0.09,320.45,29.3,146.5,High Value,High Risk
15813503,Spain,Male,37,154712.58,2,3,0.03,259.9,0.0,0.0,275.54,0.0,0.0,Average,High Risk
15769783,Spain,Male,37,0.0,1,11,0.03,161.03,0.0,0.0,163.71,0.0,0.0,Low Value,High Risk
15793135,Germany,Female,24,147687.24,1,10,0.03,291.69,0.0,0.0,296.71,0.0,0.0,Low Value,High Risk
15599182,Spain,Female,33,0.0,2,3,0.03,177.53,0.0,0.0,188.66,0.0,0.0,Average,High Risk
15689517,France,Male,27,127009.83,1,1,0.03,267.28,0.0,0.0,321.38,0.36,1.8,Above Average,High Risk
15641366,Germany,Male,61,124737.96,1,1,0.39,270.11,0.34,0.42,324.74,136.31,465.74,High Value,Medium Risk
15732293,Spain,Male,31,0.0,2,13,0.03,226.13,0.0,0.0,229.19,0.0,0.0,Low Value,High Risk
15606601,France,Female,22,186788.96,2,2,0.03,247.65,0.0,0.0,270.75,0.0,0.0,Average,High Risk
15800811,France,Male,40,148556.74,1,4,0.03,288.42,0.0,0.0,301.16,0.0,0.0,Average,High Risk
15610711,Germany,Female,40,128644.46,1,2,0.03,280.27,0.0,0.0,306.13,0.0,0.0,Average,High Risk
15809654,France,Female,46,127476.73,2,12,0.03,288.9,0.0,0.0,293.04,0.0,0.0,Low Value,High Risk
15576077,France,Female,27,159561.93,1,12,0.03,261.3,0.0,0.0,265.08,0.0,0.0,Low Value,High Risk
15643378,France,Male,42,112419.92,1,1,0.03,299.17,0.01,0.02,359.17,5.73,28.64,High Value,High Risk
15566790,France,Male,28,129991.76,2,13,0.03,256.33,0.0,0.0,259.76,0.0,0.0,Low Value,High Risk
15774402,Spain,Male,36,0.0,1,7,0.03,167.03,0.0,0.0,171.42,0.0,0.0,Below Average,High Risk
15694641,Spain,Female,59,0.0,2,3,0.03,195.98,0.0,0.0,208.12,0.0,0.0,Average,High Risk
15605916,France,Female,50,0.0,1,1,1.18,196.13,0.34,0.16,237.07,38.43,225.87,High Value,Medium Risk
15812356,Germany,Female,40,89175.06,2,10,0.03,291.02,0.0,0.0,296.04,0.0,0.0,Below Average,High Risk
15644179,France,Female,39,0.0,2,1,1.18,180.23,0.34,0.16,218.23,35.37,207.92,High Value,Medium Risk
15771674,Spain,Female,39,162390.52,2,2,0.03,259.32,0.0,0.0,283.4,0.0,0.01,Above Average,High Risk
15623314,Germany,Female,59,190353.08,1,1,0.03,242.53,0.0,0.0,292.05,0.33,1.63,Above Average,High Risk
15613292,France,Male,21,0.0,2,3,0.03,212.93,0.0,0.0,226.0,0.0,0.0,Average,High Risk
15759480,France,Female,40,139180.97,1,14,0.03,270.59,0.0,0.0,273.93,0.0,0.0,Low Value,High Risk
15587712,France,Male,36,114435.47,1,2,0.03,252.79,0.0,0.0,276.32,0.0,0.0,Average,High Risk
15671165,France,Female,66,149950.19,1,7,0.03,275.49,0.0,0.0,282.34,0.0,0.0,Below Average,High Risk
15620746,France,Male,42,126115.6,1,1,0.03,266.33,0.0,0.0,320.26,0.17,0.87,Above Average,High Risk
15706537,Germany,Female,59,111396.97,1,10,0.03,260.26,0.0,0.0,264.78,0.0,0.0,Low Value,High Risk
15589312,France,Male,30,115007.08,1,1,0.03,252.52,0.0,0.0,303.89,0.34,1.7,Above Average,High Risk
15741180,France,Male,54,102141.9,1,8,0.03,265.43,0.0,0.0,271.21,0.0,0.0,Below Average,High Risk
15733888,Spain,Female,36,133686.52,1,1,1.18,277.52,0.34,0.16,333.52,54.06,317.77,High Value,Medium Risk
15798532,France,Male,32,120879.73,2,15,0.03,319.45,0.0,0.0,323.07,0.0,0.0,Low Value,High Risk
15577359,Spain,Male,47,0.0,1,1,1.97,228.53,0.34,0.1,275.46,27.75,163.24,High Value,Medium Risk
15614936,Spain,Female,49,82321.88,1,14,0.03,289.29,0.0,0.0,292.84,0.0,0.0,Low Value,High Risk
15747647,Spain,Female,27,0.0,2,1,0.03,175.13,0.0,0.0,212.18,0.12,0.58,Above Average,High Risk
15588566,Spain,Male,33,116474.28,2,8,0.03,309.6,0.0,0.0,316.27,0.0,0.0,Below Average,High Risk
15570141,France,Female,34,132352.69,1,1,0.03,294.25,0.0,0.0,353.35,0.39,1.97,Above Average,High Risk
15800793,Germany,Female,39,182491.57,1,1,0.03,222.3,0.0,0.0,268.07,0.15,0.73,Above Average,High Risk
15572415,France,Male,34,0.0,2,10,0.03,172.43,0.0,0.0,175.57,0.0,0.0,Low Value,High Risk
15635125,Spain,Male,63,120787.18,2,3,0.03,262.5,0.0,0.0,278.29,0.0,0.01,Above Average,High Risk
15636551,France,Female,29,130181.47,2,1,0.03,290.24,0.0,0.0,348.6,0.39,1.95,Above Average,High Risk
15600912,Germany,Male,32,88348.43,2,8,0.03,286.16,0.0,0.0,292.36,0.0,0.0,Below Average,High Risk
15768476,Spain,Male,31,0.0,2,10,0.03,209.33,0.0,0.0,213.05,0.0,0.0,Low Value,High Risk
15650266,Germany,Male,39,146186.28,2,3,0.03,281.42,0.0,0.0,298.25,0.0,0.01,Above Average,High Risk
15621004,France,Male,32,0.0,1,2,2.76,179.33,0.22,0.08,196.64,15.48,137.69,High Value,High Risk
15788920,Germany,Female,32,109196.67,2,1,0.03,326.57,0.0,0.0,391.65,0.21,1.07,Above Average,High Risk
15743236,France,Female,61,80538.56,1,2,2.76,293.59,0.22,0.08,320.58,25.24,224.46,High Value,High Risk
15637717,Germany,Male,41,109026.8,2,6,0.03,286.96,0.0,0.0,295.3,0.0,0.0,Below Average,High Risk
15635500,Germany,Male,75,61319.63,1,2,0.03,284.68,0.0,0.0,310.91,0.04,0.21,Above Average,High Risk
15634792,France,Female,40,0.0,2,15,0.03,153.23,0.0,0.0,155.11,0.0,0.0,Low Value,High Risk
15607560,France,Female,39,0.0,2,3,0.03,170.03,0.0,0.0,180.75,0.0,0.0,Average,High Risk
15727177,France,Male,42,177822.03,1,2,2.36,246.12,0.22,0.09,269.09,24.53,218.14,High Value,High Risk
15774358,Germany,Male,59,110939.3,1,1,1.57,220.03,0.34,0.12,265.39,32.97,193.9,High Value,Medium Risk
15791304,Germany,Male,25,165413.43,1,10,0.03,259.74,0.0,0.0,264.26,0.0,0.0,Low Value,High Risk
15603328,France,Male,27,77805.66,1,1,0.03,218.41,0.01,0.02,263.47,4.2,21.01,High Value,High Risk
15804937,France,Male,50,0.0,2,1,0.03,209.03,0.0,0.0,252.36,0.28,1.41,Above Average,High Risk
15804142,Spain,Female,57,175575.95,2,1,1.18,288.69,0.34,0.16,346.75,56.21,330.38,High Value,Medium Risk
15608845,Spain,Female,38,124197.22,1,1,0.03,317.83,0.0,0.0,381.29,0.43,2.13,Above Average,High Risk
15702434,France,Female,30,0.0,2,1,0.03,253.43,0.0,0.0,304.97,0.34,1.7,Above Average,High Risk
15632609,France,Female,39,160132.75,1,3,0.03,244.52,0.0,0.0,259.33,0.0,0.0,Below Average,High Risk
15603550,Germany,Female,37,70258.88,2,3,0.03,249.23,0.0,0.0,264.3,0.0,0.0,Average,High Risk
15755239,Germany,Male,32,162657.64,2,6,0.03,305.83,0.0,0.0,314.67,0.0,0.0,Below Average,High Risk
15732704,Spain,Male,25,148042.97,2,3,0.03,252.4,0.0,0.0,267.64,0.0,0.0,Below Average,High Risk
15589019,Spain,Female,33,92855.02,1,5,0.03,264.59,0.0,0.0,273.93,0.0,0.0,Below Average,High Risk
15677796,Germany,Male,47,129289.98,1,3,3.54,306.7,0.13,0.05,324.92,16.02,160.15,High Value,High Risk
15760177,Spain,Male,37,100252.18,1,12,0.03,244.4,0.0,0.0,247.96,0.0,0.0,Low Value,High Risk
15636595,Spain,Male,37,107592.89,2,5,0.03,256.27,0.0,0.0,265.34,0.0,0.0,Below Average,High Risk
15737275,France,Male,39,113096.41,1,4,0.03,270.71,0.0,0.0,282.72,0.0,0.0,Average,High Risk
15672905,Spain,Female,40,0.0,2,12,0.03,202.13,0.0,0.0,205.13,0.0,0.0,Low Value,High Risk
15753955,Spain,Male,34,149940.04,2,3,0.03,269.59,0.0,0.0,285.77,0.0,0.0,Average,High Risk
15708504,Germany,Male,50,121438.58,1,11,3.15,313.48,0.0,0.0,318.36,0.11,0.54,Above Average,High Risk
15592451,France,Male,32,0.0,2,3,0.03,167.93,0.0,0.0,178.53,0.0,0.0,Below Average,High Risk
15790455,France,Female,50,0.0,1,2,0.79,141.83,0.23,0.25,155.97,38.87,344.04,High Value,High Risk
15572174,France,Male,29,148874.01,2,5,0.03,325.34,0.0,0.0,336.64,0.0,0.0,Below Average,High Risk
15569626,Spain,Male,35,110080.3,1,7,0.03,248.93,0.0,0.0,255.18,0.0,0.0,Below Average,High Risk
15608726,France,Male,24,0.0,2,12,0.03,197.33,0.0,0.0,200.27,0.0,0.0,Low Value,High Risk
15637366,Germany,Female,25,114268.85,2,8,0.03,227.58,0.0,0.0,232.61,0.0,0.0,Below Average,High Risk
15778049,Germany,Male,29,117412.35,1,2,0.03,266.16,0.0,0.0,290.82,0.0,0.0,Average,High Risk
15727421,France,Female,38,0.0,2,10,0.03,174.23,0.0,0.0,177.39,0.0,0.0,Low Value,High Risk
15688865,France,Female,35,0.0,2,3,0.03,253.43,0.0,0.0,268.73,0.0,0.0,Average,High Risk
15734737,France,Male,56,0.0,2,15,0.03,229.13,0.0,0.0,231.81,0.0,0.0,Low Value,High Risk
15746515,France,Male,36,136492.92,3,14,2.76,302.26,0.0,0.0,305.95,0.01,0.06,Above Average,High Risk
15664311,Germany,Male,28,123675.69,1,4,0.03,267.7,0.0,0.0,279.6,0.0,0.0,Average,High Risk
15768574,Spain,Male,58,178713.98,1,1,0.03,290.36,0.01,0.02,348.73,5.56,27.8,High Value,High Risk
15738018,France,Male,40,0.0,2,2,0.03,169.73,0.0,0.0,186.23,0.0,0.01,Average,High Risk
15703199,Spain,Male,38,96143.47,1,1,0.03,260.62,0.0,0.0,313.49,0.35,1.75,Above Average,High Risk
15627830,Germany,Female,30,32197.64,1,7,0.03,259.63,0.0,0.0,266.13,0.0,0.0,Below Average,High Risk
15570855,France,Male,38,0.0,2,12,0.03,199.43,0.0,0.0,202.39,0.0,0.0,Low Value,High Risk
15772503,France,Female,33,0.0,2,1,0.03,219.53,0.0,0.0,264.8,0.14,0.72,Above Average,High Risk
15584453,Spain,Male,32,0.0,2,17,0.03,164.93,0.0,0.0,166.69,0.0,0.0,Low Value,High Risk
15710111,France,Male,33,0.0,2,2,0.03,221.03,0.0,0.0,241.88,0.0,0.0,Average,High Risk
15798737,France,Male,38,0.0,2,3,0.03,194.63,0.0,0.0,206.7,0.0,0.0,Average,High Risk
15712608,Germany,Female,42,74483.97,2,3,0.03,309.32,0.0,0.0,327.68,0.0,0.01,Above Average,High Risk
15636736,France,Female,53,0.0,2,12,2.76,185.48,0.0,0.0,188.26,0.03,0.17,Above Average,High Risk
15815645,France,Male,37,152303.66,2,13,0.03,222.29,0.0,0.0,225.3,0.0,0.0,Low Value,High Risk
15705739,Germany,Male,32,159904.79,1,1,0.03,304.22,0.0,0.0,365.15,0.11,0.57,Above Average,High Risk
15737489,Spain,Female,46,116886.59,1,1,0.03,259.23,0.0,0.0,311.84,0.1,0.49,Above Average,High Risk
15775131,Spain,Male,32,142188.2,2,15,0.03,251.53,0.0,0.0,254.44,0.0,0.0,Low Value,High Risk
15765283,Germany,Female,40,149961.99,2,1,0.03,265.09,0.0,0.0,318.78,0.36,1.78,Above Average,High Risk
15628715,France,Female,36,0.0,2,13,0.03,211.13,0.0,0.0,214.0,0.0,0.0,Low Value,High Risk
15745716,Spain,Male,53,0.0,2,12,0.03,213.98,0.0,0.0,217.14,0.0,0.0,Low Value,High Risk
15598485,Spain,Male,40,28649.64,1,11,0.03,236.95,0.0,0.0,240.73,0.0,0.0,Low Value,High Risk
15696552,France,Female,21,81025.6,2,1,0.03,297.88,0.0,0.0,357.65,0.2,0.98,Above Average,High Risk
15754569,France,Male,57,0.0,2,1,0.03,206.38,0.01,0.02,249.22,3.97,19.87,High Value,High Risk
15701741,France,Female,39,152462.79,1,1,0.03,291.3,0.0,0.0,349.85,0.39,1.96,Above Average,High Risk
15572631,France,Male,25,0.0,1,14,0.03,181.13,0.0,0.0,183.46,0.0,0.0,Low Value,High Risk
15636069,Spain,Male,28,155519.59,1,2,0.03,267.73,0.0,0.0,292.53,0.0,0.0,Average,High Risk
15682467,France,Female,36,118851.05,1,1,0.03,293.84,0.01,0.02,352.86,5.63,28.13,High Value,High Risk
15790744,France,Female,34,92899.27,2,3,0.03,329.7,0.0,0.0,349.18,0.0,0.0,Average,High Risk
15625023,France,Male,40,0.0,1,5,0.03,203.03,0.0,0.0,210.39,0.0,0.0,Below Average,High Risk
15731267,France,Male,37,75263.7,1,1,0.03,312.39,0.0,0.0,374.84,0.2,1.02,Above Average,High Risk
15742879,Spain,Male,38,147904.31,1,1,0.03,278.2,0.01,0.02,334.32,5.33,26.65,High Value,High Risk
15757015,Germany,Female,41,106640.5,1,1,0.03,310.51,0.0,0.0,372.62,0.12,0.58,Above Average,High Risk
15770711,Germany,Female,28,90696.78,1,5,0.03,304.34,0.0,0.0,314.95,0.0,0.0,Below Average,High Risk
15617304,France,Male,40,0.0,2,10,0.03,215.03,0.0,0.0,218.84,0.0,0.0,Low Value,High Risk
15704466,France,Female,34,0.0,2,3,0.03,206.03,0.0,0.0,218.72,0.0,0.0,Average,High Risk
15605534,Germany,Female,51,95560.04,1,1,1.57,269.33,0.34,0.12,323.82,40.23,236.59,High Value,Medium Risk
15792473,Germany,Female,50,88379.81,3,10,1.97,253.76,0.0,0.0,258.19,0.29,1.44,Above Average,High Risk
15802625,Germany,Male,48,85915.52,1,10,0.03,294.07,0.0,0.0,299.14,0.0,0.0,Low Value,High Risk
15766017,Germany,Male,58,72309.3,1,4,1.18,267.52,0.07,0.09,279.41,25.55,127.74,High Value,High Risk
15728333,France,Male,43,0.0,1,11,0.03,154.73,0.0,0.0,157.32,0.0,0.0,Low Value,High Risk
15605698,France,Male,58,0.0,3,6,1.18,232.23,0.02,0.03,239.11,7.05,35.27,High Value,High Risk
15777060,France,Female,33,0.0,1,1,1.57,229.43,0.34,0.12,276.53,34.35,202.04,High Value,Medium Risk
15626243,France,Male,30,133844.22,1,4,0.03,262.53,0.0,0.0,274.21,0.0,0.0,Average,High Risk
15719898,France,Male,36,154872.08,2,12,0.03,244.9,0.0,0.0,248.46,0.0,0.0,Low Value,High Risk
15599976,France,Female,27,0.0,2,3,0.03,223.13,0.0,0.0,236.76,0.0,0.0,Below Average,High Risk
15752809,Spain,Male,43,116121.67,1,2,0.03,286.78,0.0,0.0,313.19,0.0,0.0,Average,High Risk
15589698,Germany,Male,42,107104.5,1,8,2.36,242.14,0.0,0.0,247.46,1.0,5.01,Above Average,High Risk
15609977,France,Male,47,71026.77,1,2,0.03,249.01,0.0,0.0,272.22,0.0,0.0,Average,High Risk
15750121,France,Male,38,0.0,1,1,0.03,190.13,0.0,0.0,229.96,0.26,1.29,Above Average,High Risk
15734177,France,Male,33,0.0,2,6,0.03,191.33,0.0,0.0,197.12,0.0,0.0,Below Average,High Risk
15781347,France,Female,41,0.0,2,1,0.03,178.43,0.01,0.02,216.09,3.45,17.23,High Value,High Risk
15592025,France,Male,53,0.0,2,12,0.03,197.48,0.0,0.0,200.42,0.0,0.0,Low Value,High Risk
15670163,France,Female,27,0.0,2,1,0.03,198.23,0.0,0.0,239.56,0.13,0.65,Above Average,High Risk
15765402,France,Female,39,145644.05,1,2,0.03,233.69,0.0,0.0,255.61,0.0,0.0,Average,High Risk
15624343,Spain,Female,50,129667.77,1,2,0.03,271.92,0.0,0.0,297.07,0.0,0.0,Average,High Risk
15602354,Germany,Male,33,109341.87,1,1,0.03,244.98,0.0,0.0,294.96,0.33,1.65,Above Average,High Risk
15579183,France,Male,64,0.0,2,1,0.03,191.73,0.01,0.02,231.85,3.7,18.49,High Value,High Risk
15584899,France,Female,35,0.0,2,8,0.03,183.53,0.0,0.0,187.69,0.0,0.0,Below Average,High Risk
15723658,Spain,Female,30,0.0,2,2,0.03,212.03,0.0,0.0,232.11,0.0,0.0,Average,High Risk
15803965,France,Male,55,87485.67,1,4,0.03,276.74,0.0,0.0,289.01,0.0,0.0,Average,High Risk
15682489,France,Male,27,0.0,2,3,0.03,179.93,0.0,0.0,191.19,0.0,0.0,Below Average,High Risk
15766787,France,Female,35,0.0,2,15,0.03,210.53,0.0,0.0,213.01,0.0,0.0,Low Value,High Risk
15687171,Spain,Male,34,146679.77,1,1,0.03,269.14,0.0,0.0,323.59,0.1,0.51,Above Average,High Risk
15673084,Spain,Male,38,68079.8,1,1,0.03,266.12,0.01,0.02,320.01,5.1,25.51,High Value,High Risk
15814772,Germany,Male,49,160133.88,1,5,0.03,271.83,0.0,0.0,281.4,0.0,0.0,Below Average,High Risk
15743709,France,Male,30,66190.33,1,5,0.03,277.34,0.0,0.0,287.08,0.0,0.0,Below Average,High Risk
15610343,France,Female,37,0.0,2,17,3.94,209.93,0.0,0.0,212.11,0.0,0.0,Average,High Risk
15737414,France,Male,35,123761.68,1,1,0.03,270.71,0.0,0.0,325.44,0.18,0.89,Above Average,High Risk
15568519,France,Male,41,0.0,2,3,0.03,158.63,0.0,0.0,168.72,0.0,0.0,Below Average,High Risk
15792453,Spain,Female,42,138912.17,1,1,0.03,257.98,0.01,0.02,310.36,4.95,24.74,High Value,High Risk
15695197,Germany,Female,25,128524.19,2,3,0.03,242.76,0.0,0.0,257.47,0.0,0.0,Average,High Risk
15749807,Spain,Female,31,0.0,2,1,0.03,153.23,0.0,0.0,186.23,0.21,1.04,Above Average,High Risk
15773876,France,Female,34,0.0,2,1,0.03,194.93,0.0,0.0,235.65,0.26,1.32,Above Average,High Risk
15591698,Germany,Female,49,132934.89,1,3,3.54,331.78,0.13,0.05,351.38,17.32,173.2,High Value,High Risk
15712813,Germany,Male,43,150805.17,3,6,1.18,233.92,0.02,0.03,240.85,7.1,35.52,High Value,High Risk
15763898,Spain,Female,46,0.0,2,5,0.03,168.83,0.0,0.0,175.08,0.0,0.0,Below Average,High Risk
15793324,Spain,Male,32,0.0,3,18,0.03,206.93,0.0,0.0,208.96,0.0,0.0,Low Value,High Risk
15757759,Spain,Female,28,165969.26,3,3,2.76,320.66,0.13,0.06,339.65,21.3,213.01,High Value,High Risk
15796230,Germany,Female,36,124495.98,3,4,0.79,269.25,0.07,0.13,281.2,36.78,183.9,High Value,High Risk
15611729,Germany,Male,39,141559.5,1,1,0.39,288.4,0.34,0.42,346.41,145.41,465.74,High Value,Medium Risk
15650751,France,Female,30,0.0,2,10,0.03,173.93,0.0,0.0,177.09,0.0,0.0,Low Value,High Risk
15641413,Germany,Female,49,155393.98,2,3,2.76,254.22,0.13,0.06,269.56,16.91,169.05,High Value,High Risk
15753840,Spain,Female,32,0.0,1,8,2.36,155.63,0.0,0.0,159.23,0.64,3.22,Above Average,High Risk
15695301,Spain,Male,44,113522.64,1,5,0.03,227.23,0.0,0.0,235.37,0.0,0.0,Below Average,High Risk
15792004,Spain,Female,26,0.0,2,1,0.03,217.73,0.0,0.0,262.67,0.29,1.47,Above Average,High Risk
15603035,France,Male,34,0.0,2,5,0.03,193.73,0.0,0.0,200.79,0.0,0.0,Below Average,High Risk
15717286,Spain,Female,40,79035.95,1,2,3.15,276.12,0.22,0.07,301.63,20.89,185.87,High Value,High Risk
15577107,Spain,Female,22,0.0,3,12,2.36,195.53,0.0,0.0,198.44,0.04,0.2,Above Average,High Risk
15754747,Germany,Male,33,141918.09,2,15,0.03,283.32,0.0,0.0,286.56,0.0,0.0,Low Value,High Risk
15705676,France,Female,35,107944.33,2,3,0.03,282.7,0.0,0.0,299.6,0.0,0.0,Average,High Risk
15751912,France,Male,36,0.0,2,12,0.03,168.53,0.0,0.0,171.09,0.0,0.0,Low Value,High Risk
15684395,Spain,Female,45,125191.69,1,14,3.94,210.48,0.0,0.0,213.14,0.01,0.03,Above Average,High Risk
15812422,France,Male,41,0.0,2,3,0.03,189.53,0.0,0.0,201.32,0.0,0.0,Average,High Risk
15806941,France,Male,60,76961.6,2,12,0.03,235.64,0.0,0.0,239.08,0.0,0.0,Low Value,High Risk
15637690,Germany,Female,34,98675.74,1,2,2.76,261.7,0.22,0.08,285.98,22.51,200.24,High Value,High Risk
15632882,Germany,Male,37,126817.13,2,1,0.39,281.97,0.34,0.42,338.79,142.21,465.74,High Value,Medium Risk
15807107,France,Male,32,121394.42,1,1,0.03,260.08,0.0,0.0,312.85,0.35,1.75,Above Average,High Risk
15661034,Germany,Female,29,106059.4,1,1,1.97,319.48,0.34,0.1,383.24,38.6,227.11,High Value,Medium Risk
15785167,Spain,Male,29,0.0,2,1,0.03,236.93,0.0,0.0,285.42,0.16,0.78,Above Average,High Risk
15646720,Spain,Female,55,0.0,3,3,2.76,193.08,0.13,0.06,205.06,12.86,128.6,High Value,High Risk
15658614,Germany,Female,38,145400.69,2,12,0.03,247.18,0.0,0.0,250.77,0.0,0.0,Low Value,High Risk
15704657,France,Male,39,72647.64,1,1,1.18,253.36,0.34,0.16,304.88,49.42,290.48,High Value,Medium Risk
15567147,Spain,Male,40,0.0,2,6,0.03,239.03,0.0,0.0,246.09,0.0,0.0,Below Average,High Risk
15701319,Germany,Female,37,96340.81,2,10,2.36,259.14,0.0,0.0,263.65,0.25,1.24,Above Average,High Risk
15745266,Spain,Male,55,0.0,1,8,2.36,134.88,0.0,0.0,138.07,0.56,2.8,Above Average,High Risk
15650437,Germany,Male,32,124450.36,2,13,0.03,233.24,0.0,0.0,236.38,0.0,0.0,Low Value,High Risk
15612594,Spain,Male,25,0.0,2,5,0.03,178.13,0.0,0.0,184.68,0.0,0.0,Below Average,High Risk
15593501,France,Female,36,148667.81,2,2,0.03,225.73,0.0,0.0,246.97,0.0,0.01,Above Average,High Risk
15804150,France,Male,34,0.0,2,5,0.03,224.93,0.0,0.0,232.99,0.0,0.0,Below Average,High Risk
15649297,France,Female,62,111065.93,2,6,0.03,272.39,0.0,0.0,280.33,0.0,0.0,Below Average,High Risk
15660608,France,Male,44,158697.61,1,2,0.03,287.96,0.0,0.0,314.48,0.0,0.0,Average,High Risk
15806570,France,Female,53,0.0,1,1,1.57,231.08,0.34,0.12,278.49,34.6,203.47,High Value,Medium Risk
15715345,Spain,Male,25,0.0,2,2,0.03,221.33,0.0,0.0,242.2,0.0,0.0,Average,High Risk
15579074,Germany,Male,38,84651.79,1,14,0.03,259.78,0.0,0.0,262.99,0.0,0.0,Low Value,High Risk
15641158,Germany,Male,32,102128.27,1,1,1.18,297.03,0.34,0.16,356.63,57.81,339.79,High Value,Medium Risk
15752507,Germany,Male,60,148846.39,1,3,3.54,321.04,0.13,0.05,340.04,16.76,167.61,High Value,High Risk
15597983,France,Male,69,154953.94,1,14,0.03,309.46,0.0,0.0,313.23,0.0,0.0,Low Value,High Risk
15655082,France,Female,48,112070.86,3,2,1.57,258.05,0.23,0.13,282.02,37.62,334.14,High Value,High Risk
15720155,Germany,Male,29,131354.39,1,8,2.36,266.0,0.0,0.0,271.8,1.1,5.5,Above Average,High Risk
15582116,Germany,Female,45,132746.2,2,3,2.76,307.17,0.13,0.06,325.42,20.41,204.08,High Value,High Risk
15749365,France,Female,34,0.0,2,13,0.03,161.33,0.0,0.0,163.6,0.0,0.0,Low Value,High Risk
15632069,France,Male,39,125211.55,2,3,0.03,309.48,0.0,0.0,327.86,0.0,0.0,Average,High Risk
15663134,Spain,Male,58,0.0,2,1,0.39,168.93,0.34,0.42,204.83,85.98,465.74,High Value,Medium Risk
15766683,Germany,Male,36,139422.37,1,2,2.36,242.1,0.22,0.09,264.73,24.14,214.6,High Value,High Risk
15707219,France,Female,28,0.0,2,6,0.03,251.63,0.0,0.0,259.03,0.0,0.0,Below Average,High Risk
15709232,Germany,Female,47,157099.47,2,8,0.03,254.0,0.0,0.0,259.55,0.0,0.0,Below Average,High Risk
15801351,France,Male,40,0.0,2,1,0.03,173.33,0.0,0.0,210.05,0.23,1.17,Above Average,High Risk
15578747,Spain,Male,26,83600.24,1,7,0.03,284.29,0.0,0.0,291.35,0.0,0.0,Below Average,High Risk
15583736,Germany,Male,36,81795.74,2,1,0.03,322.55,0.0,0.0,386.88,0.21,1.06,Above Average,High Risk
15590011,Spain,Male,38,129378.32,1,12,0.03,301.6,0.0,0.0,305.91,0.0,0.0,Low Value,High Risk
15609913,France,Female,46,0.0,1,3,0.03,221.33,0.0,0.0,234.86,0.0,0.0,Below Average,High Risk
15719479,Spain,Female,56,0.0,2,12,0.03,191.63,0.0,0.0,194.49,0.0,0.0,Low Value,High Risk
15575147,France,Male,22,99339.0,1,3,3.54,284.84,0.13,0.05,301.86,14.88,148.79,High Value,High Risk
15597309,Spain,Male,36,0.0,2,3,0.03,223.13,0.0,0.0,236.76,0.0,0.0,Average,High Risk
15648367,Germany,Female,29,74430.1,2,10,0.03,253.22,0.0,0.0,257.63,0.0,0.0,Low Value,High Risk
15758031,Spain,Male,38,91241.85,1,4,0.03,302.58,0.0,0.0,315.89,0.0,0.0,Average,High Risk
15751771,Germany,Male,32,99092.45,1,2,0.03,233.53,0.0,0.0,255.43,0.03,0.17,Above Average,High Risk
15689288,France,Female,26,0.0,2,2,0.03,187.43,0.0,0.0,205.43,0.0,0.01,Average,High Risk
15775809,Germany,Female,26,98723.67,1,8,0.03,278.2,0.0,0.0,284.24,0.0,0.0,Below Average,High Risk
15743076,Spain,Male,29,0.0,1,12,0.03,199.13,0.0,0.0,202.09,0.0,0.0,Low Value,High Risk
15658258,France,Male,43,128760.32,1,2,0.03,284.77,0.0,0.0,311.01,0.0,0.0,Average,High Risk
15756321,Spain,Female,52,144772.69,1,1,1.97,263.75,0.34,0.1,317.2,31.95,187.98,High Value,Medium Risk
15706799,Spain,Male,44,0.0,1,1,1.57,214.13,0.34,0.12,258.4,32.1,188.79,High Value,Medium Risk
15775703,France,Male,26,71281.29,1,2,0.79,283.53,0.23,0.25,309.67,77.18,465.74,High Value,High Risk
15642636,France,Male,29,117035.89,1,12,0.03,302.73,0.0,0.0,307.06,0.0,0.0,Low Value,High Risk
15566735,Germany,Female,36,108913.84,2,3,0.03,240.16,0.0,0.0,254.72,0.0,0.01,Average,High Risk
15681671,Germany,Male,28,101100.22,2,3,0.03,330.26,0.0,0.0,349.77,0.0,0.01,Above Average,High Risk
15775949,France,Female,38,110615.47,1,10,0.03,259.46,0.0,0.0,263.97,0.0,0.0,Low Value,High Risk
15586752,Germany,Male,33,152143.89,1,11,0.03,266.38,0.0,0.0,270.58,0.0,0.0,Low Value,High Risk
15582519,France,Male,47,121797.09,1,8,2.36,220.2,0.0,0.0,225.08,0.91,4.56,Above Average,High Risk
15658233,France,Female,41,109798.25,1,7,0.03,293.01,0.0,0.0,300.27,0.0,0.0,Below Average,High Risk
15755330,Germany,Male,41,122403.24,1,10,2.76,230.13,0.0,0.0,234.18,0.19,0.95,Above Average,High Risk
15605072,France,Female,43,145860.98,1,4,1.18,269.1,0.07,0.09,281.05,25.7,128.49,High Value,High Risk
15617538,Spain,Male,40,0.0,2,3,0.03,248.63,0.0,0.0,263.66,0.0,0.0,Average,High Risk
15591428,France,Male,29,0.0,2,3,0.03,232.73,0.0,0.0,246.89,0.0,0.0,Below Average,High Risk
15692142,Germany,Female,48,105086.74,1,10,2.76,287.62,0.0,0.0,292.58,0.24,1.19,Above Average,High Risk
15692931,France,Male,22,114991.45,1,2,0.03,277.12,0.0,0.0,302.71,0.04,0.2,Above Average,High Risk
15781127,Spain,Female,33,96769.04,1,11,0.03,273.87,0.0,0.0,278.17,0.0,0.0,Low Value,High Risk
15677136,France,Female,23,0.0,2,2,0.03,185.63,0.0,0.0,203.48,0.0,0.01,Average,High Risk
15677828,France,Female,34,0.0,2,1,0.03,177.83,0.0,0.0,215.38,0.12,0.59,Above Average,High Risk
15567897,Germany,Male,23,132725.1,1,7,0.03,262.77,0.0,0.0,269.34,0.0,0.0,Below Average,High Risk
15793641,France,Female,70,0.0,2,5,0.03,261.03,0.0,0.0,270.26,0.0,0.0,Below Average,High Risk
15678333,France,Female,26,0.0,2,3,0.03,203.33,0.0,0.0,215.87,0.0,0.0,Average,High Risk
15630511,France,Female,33,0.0,2,2,0.03,205.73,0.0,0.0,225.28,0.0,0.0,Average,High Risk
15792627,Spain,Female,33,84557.82,1,7,0.03,303.57,0.0,0.0,311.07,0.0,0.0,Below Average,High Risk
15717191,France,Male,49,93817.41,2,1,0.39,227.16,0.34,0.42,273.84,114.95,465.74,High Value,Medium Risk
15625716,France,Female,33,113913.53,1,12,0.03,267.15,0.0,0.0,271.01,0.0,0.0,Low Value,High Risk
15710053,Germany,Female,44,140406.68,2,8,0.03,277.55,0.0,0.0,283.57,0.0,0.0,Below Average,High Risk
15580043,Spain,Female,22,105229.34,1,11,0.03,248.03,0.0,0.0,251.96,0.0,0.0,Low Value,High Risk
15601410,Spain,Female,46,0.0,3,2,0.39,221.63,0.23,0.44,242.53,107.75,465.74,High Value,High Risk
15684669,France,Female,41,137891.35,1,3,3.54,247.43,0.13,0.05,262.39,12.93,129.33,High Value,High Risk
15619083,France,Female,35,0.0,2,10,0.03,149.03,0.0,0.0,151.79,0.0,0.0,Low Value,High Risk
15692207,France,Female,53,0.0,2,10,0.03,184.88,0.0,0.0,188.21,0.0,0.0,Low Value,High Risk
15730705,France,Male,37,165252.52,1,3,0.03,293.03,0.0,0.0,310.5,0.0,0.0,Average,High Risk
15749688,France,Male,32,0.0,2,3,0.03,160.73,0.0,0.0,170.94,0.0,0.0,Average,High Risk
15728542,France,Female,71,0.0,2,6,0.03,279.68,0.0,0.0,287.83,0.0,0.0,Below Average,High Risk
15760063,Spain,Male,23,0.0,2,12,0.03,176.93,0.0,0.0,179.6,0.0,0.0,Low Value,High Risk
15658982,Germany,Female,28,122034.4,3,10,1.97,271.51,0.0,0.0,276.22,0.31,1.55,Above Average,High Risk
15758769,France,Female,44,0.0,1,2,0.03,185.93,0.0,0.0,203.8,0.0,0.0,Average,High Risk
15778481,France,Male,59,118962.58,1,1,0.03,332.69,0.01,0.02,398.9,6.36,31.8,High Value,High Risk
15568164,France,Female,34,71379.53,2,6,0.03,327.94,0.0,0.0,337.37,0.0,0.0,Below Average,High Risk
15772383,France,Male,36,131307.11,1,3,0.03,260.9,0.0,0.0,276.61,0.0,0.0,Average,High Risk
15667456,Spain,Male,62,0.0,2,5,0.03,226.13,0.0,0.0,234.23,0.0,0.0,Below Average,High Risk
15672983,Spain,Female,27,87099.85,2,2,0.03,277.67,0.0,0.0,303.31,0.0,0.01,Above Average,High Risk
15799534,France,Male,71,183135.39,2,8,0.03,321.47,0.0,0.0,328.37,0.0,0.0,Below Average,High Risk
15612478,France,Male,51,0.0,3,5,3.94,157.18,0.03,0.02,163.06,2.85,14.23,Above Average,High Risk
15709621,France,Male,31,0.0,2,5,0.03,197.03,0.0,0.0,204.19,0.0,0.0,Below Average,High Risk
15802009,France,Female,33,0.0,2,10,0.03,229.43,0.0,0.0,233.47,0.0,0.0,Low Value,High Risk
15698816,Spain,Female,33,72535.45,1,5,0.03,289.35,0.0,0.0,299.48,0.0,0.0,Below Average,High Risk
15603082,France,Male,51,0.0,2,3,0.03,209.98,0.0,0.0,222.89,0.0,0.0,Below Average,High Risk
15597591,France,Male,29,107000.49,1,7,0.03,212.44,0.0,0.0,217.86,0.0,0.0,Below Average,High Risk
15747558,Spain,Female,38,0.0,2,4,0.03,217.13,0.0,0.0,226.97,0.0,0.0,Below Average,High Risk
15589949,Spain,Male,34,152806.74,1,3,0.03,207.91,0.0,0.0,220.71,0.0,0.0,Below Average,High Risk
15601012,France,Female,60,92887.06,1,1,1.18,327.79,0.34,0.16,393.1,63.72,374.53,High Value,Medium Risk
15724269,France,Male,25,0.0,2,12,0.03,199.43,0.0,0.0,202.39,0.0,0.0,Low Value,High Risk
15567506,Germany,Female,40,114940.67,2,10,2.36,297.51,0.0,0.0,302.63,0.29,1.43,Above Average,High Risk
15794360,Germany,Female,70,71816.74,2,2,1.97,275.58,0.23,0.11,301.04,32.61,289.78,High Value,High Risk
15686538,France,Female,41,0.0,2,12,0.03,155.03,0.0,0.0,157.41,0.0,0.0,Low Value,High Risk
15585985,France,Male,48,165282.42,1,1,1.97,302.34,0.34,0.1,362.93,36.56,215.07,High Value,Medium Risk
15804104,France,Male,28,114731.76,2,15,0.03,224.3,0.0,0.0,226.93,0.0,0.0,Low Value,High Risk
15727619,Germany,Female,46,113909.69,3,4,3.54,301.95,0.07,0.03,315.24,10.31,51.57,High Value,High Risk
15801436,France,Male,42,0.0,1,1,1.57,207.23,0.34,0.12,250.22,31.08,182.82,High Value,Medium Risk
15705735,Spain,Male,43,0.0,2,5,0.03,171.53,0.0,0.0,177.87,0.0,0.0,Below Average,High Risk
15649359,France,Male,36,0.0,2,1,0.03,174.53,0.01,0.02,211.47,3.37,16.86,Above Average,High Risk
15624892,Germany,Male,37,93978.96,2,3,0.03,288.37,0.0,0.0,305.58,0.0,0.0,Average,High Risk
15784918,Germany,Male,35,121968.11,2,3,0.03,225.91,0.0,0.0,239.69,0.0,0.01,Average,High Risk
15797197,Spain,Male,29,0.0,2,2,0.03,201.83,0.0,0.0,221.05,0.0,0.0,Average,High Risk
15574858,France,Male,37,0.0,2,13,0.03,157.43,0.0,0.0,159.65,0.0,0.0,Low Value,High Risk
15794101,France,Female,48,0.0,2,3,0.03,166.13,0.0,0.0,176.63,0.0,0.0,Average,High Risk
15743245,France,Male,42,145155.37,1,1,1.18,264.87,0.34,0.16,318.53,51.63,303.48,High Value,Medium Risk
15791535,France,Male,28,137222.77,1,1,0.03,254.9,0.0,0.0,306.71,0.1,0.48,Above Average,High Risk
15605215,France,Male,48,0.0,2,15,0.03,228.53,0.0,0.0,231.2,0.0,0.0,Low Value,High Risk
15771749,Germany,Female,38,114268.22,2,8,0.03,271.98,0.0,0.0,277.89,0.0,0.0,Below Average,High Risk
15616833,Spain,Male,27,0.0,2,3,0.03,201.83,0.0,0.0,214.29,0.0,0.0,Average,High Risk
15769353,France,Female,40,150490.32,1,2,3.15,242.91,0.22,0.07,265.61,18.4,163.67,High Value,High Risk
15770091,Germany,Male,28,160858.13,2,3,0.03,271.26,0.0,0.0,287.53,0.0,0.0,Average,High Risk
15716420,Spain,Male,39,170288.38,1,7,0.03,262.33,0.0,0.0,268.89,0.0,0.0,Below Average,High Risk
15740602,Germany,Female,27,111568.01,1,5,0.03,278.12,0.0,0.0,287.89,0.0,0.0,Below Average,High Risk
15796071,Spain,Male,29,83889.03,1,2,0.03,271.11,0.0,0.0,296.2,0.0,0.0,Average,High Risk
15783875,France,Female,34,0.0,2,1,0.03,148.43,0.0,0.0,180.54,0.1,0.49,Above Average,High Risk
15671800,France,Male,20,137624.4,2,13,0.03,283.72,0.0,0.0,287.47,0.0,0.0,Low Value,High Risk
15677288,France,Male,50,121159.65,1,1,1.18,256.17,0.34,0.16,308.21,49.96,293.65,High Value,Medium Risk
15633525,France,Male,29,0.0,2,12,0.03,187.73,0.0,0.0,190.54,0.0,0.0,Low Value,High Risk
15634606,Spain,Male,52,0.0,2,1,0.03,191.13,0.01,0.02,231.14,3.69,18.43,High Value,High Risk
15579207,France,Male,37,91184.01,1,1,0.03,238.07,0.0,0.0,286.77,0.32,1.6,Above Average,High Risk
15619892,Spain,Male,18,0.0,2,3,0.03,191.63,0.0,0.0,203.53,0.0,0.0,Average,High Risk
15567778,Germany,Female,54,144027.8,1,1,0.39,289.62,0.34,0.42,347.86,146.02,465.74,High Value,Medium Risk
15711750,France,Female,34,0.0,2,10,0.03,211.73,0.0,0.0,215.49,0.0,0.0,Low Value,High Risk
15751084,France,Female,29,140170.61,1,11,0.03,291.04,0.0,0.0,295.59,0.0,0.0,Low Value,High Risk
15768945,France,Male,27,62092.9,1,1,0.03,260.11,0.01,0.02,312.88,4.99,24.95,High Value,High Risk
15586931,Spain,Male,39,0.0,1,4,0.03,206.63,0.0,0.0,216.05,0.0,0.0,Average,High Risk
15636353,Spain,Male,35,0.0,2,1,0.03,158.63,0.0,0.0,192.63,0.11,0.53,Above Average,High Risk
15623858,France,Male,45,0.0,1,3,0.03,179.33,0.0,0.0,190.56,0.0,0.0,Below Average,High Risk
15768566,France,Male,34,0.0,2,13,0.03,210.23,0.0,0.0,213.09,0.0,0.0,Low Value,High Risk
15643229,France,Female,31,0.0,2,10,0.03,199.73,0.0,0.0,203.3,0.0,0.0,Low Value,High Risk
15754940,Spain,Male,43,85162.26,1,2,0.79,253.22,0.23,0.25,276.78,68.98,465.74,High Value,High Risk
15676576,France,Female,43,143061.88,1,2,0.03,271.37,0.0,0.0,296.48,0.0,0.0,Average,High Risk
15800068,Spain,Female,46,0.0,2,10,0.03,238.73,0.0,0.0,242.92,0.0,0.0,Low Value,High Risk
15648030,Spain,Female,33,137388.01,2,2,0.03,296.6,0.0,0.0,323.85,0.0,0.01,Above Average,High Risk
15668594,Germany,Female,25,137712.01,1,1,0.03,263.32,0.01,0.02,316.69,5.05,25.25,High Value,High Risk
15728709,Germany,Male,40,106901.42,2,3,0.03,220.83,0.0,0.0,234.33,0.0,0.0,Average,High Risk
15724181,Spain,Male,47,105603.21,2,8,0.03,269.65,0.0,0.0,275.52,0.0,0.0,Below Average,High Risk
15647546,Germany,Female,40,150679.71,2,13,0.03,284.32,0.0,0.0,288.08,0.0,0.0,Low Value,High Risk
15702601,Germany,Male,30,108300.27,2,6,1.57,279.72,0.02,0.02,287.86,6.54,32.68,High Value,High Risk
15567725,France,Female,46,52016.08,2,12,0.03,277.53,0.0,0.0,281.52,0.0,0.0,Low Value,High Risk
15674179,Germany,Male,34,60515.13,1,2,0.03,225.74,0.0,0.0,246.98,0.0,0.0,Average,High Risk
15806546,Spain,Male,46,0.0,1,1,0.03,153.53,0.0,0.0,186.58,0.1,0.51,Above Average,High Risk
15632850,France,Male,37,0.0,2,13,0.03,217.73,0.0,0.0,220.69,0.0,0.0,Low Value,High Risk
15638068,Spain,Male,32,0.0,2,3,0.03,150.53,0.0,0.0,160.18,0.0,0.0,Average,High Risk
15749345,France,Female,22,76318.64,1,1,0.03,213.78,0.01,0.02,257.99,4.11,20.57,High Value,High Risk
15791321,Spain,Female,58,0.0,1,1,0.03,213.03,0.0,0.0,257.1,0.14,0.7,Above Average,High Risk
15699095,France,Female,24,0.0,1,4,1.18,179.33,0.07,0.09,187.64,17.16,85.78,High Value,High Risk
15638329,Germany,Male,25,111432.13,1,1,0.03,232.51,0.01,0.02,280.17,4.47,22.34,High Value,High Risk
15575445,Spain,Male,41,150148.51,1,3,0.03,266.6,0.0,0.0,282.61,0.0,0.0,Below Average,High Risk
15752622,France,Female,32,38550.06,1,10,0.03,287.53,0.0,0.0,292.49,0.0,0.0,Low Value,High Risk
15774507,France,Female,39,119013.86,1,1,0.03,248.55,0.0,0.0,299.18,0.09,0.47,Above Average,High Risk
15599386,Germany,Male,28,71097.23,1,7,0.03,261.01,0.0,0.0,267.54,0.0,0.0,Below Average,High Risk
15744913,Spain,Male,36,109632.85,1,14,0.03,312.2,0.0,0.0,316.0,0.0,0.0,Low Value,High Risk
15647292,France,Male,63,148368.02,1,2,2.76,303.17,0.22,0.08,330.97,26.06,231.73,High Value,High Risk
15584704,France,Male,48,71083.98,1,3,0.03,228.61,0.0,0.0,242.54,0.0,0.0,Below Average,High Risk
15749068,France,Female,40,139625.34,1,3,3.54,267.01,0.13,0.05,283.05,13.95,139.52,High Value,High Risk
15622985,France,Female,39,0.0,1,1,1.57,202.13,0.34,0.12,244.18,30.33,178.4,High Value,Medium Risk
15587676,France,Male,30,0.0,1,12,0.03,208.13,0.0,0.0,211.21,0.0,0.0,Low Value,High Risk
15733460,Spain,Male,36,0.0,2,15,0.03,185.03,0.0,0.0,187.24,0.0,0.0,Low Value,High Risk
15711457,France,Female,28,124540.28,1,10,0.03,303.15,0.0,0.0,308.36,0.0,0.0,Low Value,High Risk
15611223,Germany,Female,38,101648.5,2,4,0.03,300.9,0.0,0.0,314.14,0.0,0.0,Below Average,High Risk
15794159,France,Female,26,124281.84,1,11,0.03,266.54,0.0,0.0,270.73,0.0,0.0,Low Value,High Risk
15780677,France,Female,59,0.0,2,6,0.03,224.78,0.0,0.0,231.46,0.0,0.0,Below Average,High Risk
15722599,France,Female,37,183613.66,2,3,0.03,304.54,0.0,0.0,322.64,0.0,0.0,Average,High Risk
15569976,Germany,Male,65,136186.44,1,1,0.39,322.2,0.34,0.42,386.46,162.22,465.74,High Value,Medium Risk
15707011,France,Male,47,137682.68,1,3,0.03,225.82,0.0,0.0,239.59,0.0,0.0,Below Average,High Risk
15702277,France,Male,34,106005.54,1,5,0.03,270.57,0.0,0.0,280.11,0.0,0.0,Below Average,High Risk
15801915,France,Female,31,152310.55,1,2,0.03,236.69,0.0,0.0,258.86,0.0,0.0,Average,High Risk
15637947,Spain,Male,32,134446.04,1,1,0.03,277.56,0.01,0.02,333.56,5.32,26.59,High Value,High Risk
15715888,France,Female,38,142289.28,1,2,0.03,254.84,0.0,0.0,278.54,0.04,0.19,Above Average,High Risk
15732967,France,Male,19,0.0,2,10,0.03,217.73,0.0,0.0,221.58,0.0,0.0,Low Value,High Risk
15737047,France,Female,45,0.0,1,2,2.36,224.63,0.22,0.09,245.78,22.41,199.24,High Value,High Risk
15694039,Germany,Female,46,149003.76,2,3,0.03,272.84,0.0,0.0,289.2,0.0,0.0,Average,High Risk
15649457,Germany,Male,41,131341.46,2,3,0.03,253.4,0.0,0.0,268.7,0.0,0.01,Above Average,High Risk
15742809,Spain,Female,29,77919.78,1,2,0.03,287.12,0.0,0.0,313.56,0.0,0.0,Average,High Risk
15637829,France,Female,34,0.0,2,12,0.03,205.73,0.0,0.0,208.78,0.0,0.0,Low Value,High Risk
15633194,France,Female,41,108309.0,4,22,3.94,307.02,0.0,0.0,309.39,0.0,0.0,Average,High Risk
15611635,Spain,Female,39,0.0,1,8,0.03,201.83,0.0,0.0,206.35,0.0,0.0,Below Average,High Risk
15638774,Spain,Female,40,0.0,2,3,0.03,214.13,0.0,0.0,227.27,0.0,0.0,Below Average,High Risk
15722037,Germany,Male,36,115462.02,1,10,0.03,259.14,0.0,0.0,263.65,0.0,0.0,Low Value,High Risk
15672930,Spain,Male,37,0.0,2,3,0.03,215.03,0.0,0.0,228.22,0.0,0.0,Below Average,High Risk
15668774,Germany,Female,23,122739.1,1,1,1.97,303.95,0.34,0.1,364.84,36.75,216.21,High Value,Medium Risk
15659694,Germany,Female,53,113781.5,2,5,1.18,270.0,0.03,0.05,279.51,15.08,75.38,High Value,High Risk
15624424,Spain,Female,49,0.0,2,1,0.03,201.83,0.01,0.02,243.82,3.89,19.44,High Value,High Risk
15708713,France,Male,35,0.0,2,5,0.03,188.33,0.0,0.0,195.21,0.0,0.0,Below Average,High Risk
15755405,France,Male,43,128284.45,1,3,3.54,289.85,0.13,0.05,307.14,15.14,151.39,High Value,High Risk
15647570,Germany,Male,45,120591.19,1,2,0.03,268.43,0.0,0.0,293.29,0.0,0.0,Average,High Risk
15684348,France,Male,63,0.0,2,13,0.03,211.48,0.0,0.0,214.36,0.0,0.0,Low Value,High Risk
15646942,Spain,Female,39,0.0,2,3,0.03,234.23,0.0,0.0,248.47,0.0,0.0,Average,High Risk
15748920,France,Female,49,0.0,2,13,0.03,166.73,0.0,0.0,169.07,0.0,0.0,Low Value,High Risk
15694581,Spain,Male,42,0.0,2,8,0.03,240.53,0.0,0.0,245.82,0.0,0.0,Below Average,High Risk
15649060,Germany,Female,31,82729.47,2,1,0.03,292.02,0.0,0.0,350.7,0.39,1.96,Above Average,High Risk
15774258,France,Male,40,0.0,2,1,0.03,201.83,0.01,0.02,243.82,3.89,19.44,High Value,High Risk
15731553,France,Male,23,0.0,2,3,0.03,217.43,0.0,0.0,230.75,0.0,0.0,Average,High Risk
15780716,Germany,Male,39,129626.19,2,5,0.03,282.72,0.0,0.0,292.64,0.0,0.0,Below Average,High Risk
15789924,France,Female,39,0.0,1,5,0.03,195.83,0.0,0.0,202.95,0.0,0.0,Below Average,High Risk
15725076,Spain,Female,27,107751.68,2,10,0.03,271.58,0.0,0.0,276.29,0.0,0.0,Low Value,High Risk
15672481,France,Male,37,0.0,2,2,0.03,190.73,0.0,0.0,209.01,0.0,0.0,Average,High Risk
15574115,Spain,Female,41,101179.23,2,10,0.03,272.06,0.0,0.0,276.78,0.0,0.0,Low Value,High Risk
15661830,Spain,Female,36,0.0,2,10,0.03,223.43,0.0,0.0,227.38,0.0,0.0,Low Value,High Risk
15665879,France,Female,40,0.0,2,13,0.03,228.83,0.0,0.0,231.92,0.0,0.0,Low Value,High Risk
15673820,France,Male,33,0.0,2,3,0.03,168.83,0.0,0.0,179.48,0.0,0.0,Average,High Risk
15747772,Germany,Male,36,58571.18,2,3,0.03,283.42,0.0,0.0,300.36,0.0,0.0,Average,High Risk
15666197,Germany,Female,38,153058.64,1,2,0.03,207.02,0.0,0.0,226.68,0.0,0.0,Average,High Risk
15773639,Germany,Male,35,98270.34,1,1,0.03,298.57,0.0,0.0,358.46,0.2,0.98,Above Average,High Risk
15581893,France,Male,43,130788.71,1,1,0.39,301.08,0.34,0.42,361.43,151.71,465.74,High Value,Medium Risk
15672447,Germany,Male,40,99165.84,1,10,2.76,272.23,0.0,0.0,276.95,0.23,1.13,Above Average,High Risk
15777830,France,Female,42,0.0,2,1,0.03,190.13,0.0,0.0,229.96,0.13,0.63,Above Average,High Risk
15713890,France,Male,44,0.0,2,5,0.03,209.63,0.0,0.0,217.2,0.0,0.0,Below Average,High Risk
15577598,Spain,Male,23,115636.05,2,1,0.03,271.45,0.0,0.0,326.33,0.18,0.89,Above Average,High Risk
15753462,Germany,Male,30,72549.0,2,3,0.03,262.65,0.0,0.0,278.45,0.0,0.01,Above Average,High Risk
15759690,France,Male,42,0.0,2,6,0.03,223.73,0.0,0.0,230.38,0.0,0.0,Below Average,High Risk
15656141,France,Male,39,0.0,1,7,0.03,220.73,0.0,0.0,226.34,0.0,0.0,Below Average,High Risk
15608701,Germany,Male,29,121890.06,1,1,1.18,271.81,0.34,0.16,326.75,52.96,311.31,High Value,Medium Risk
15582892,France,Male,46,99786.07,1,2,0.79,255.47,0.23,0.25,279.23,69.59,465.74,High Value,High Risk
15632967,France,Male,34,0.0,2,5,0.03,154.43,0.0,0.0,160.22,0.0,0.0,Below Average,High Risk
15587573,Germany,Male,27,115084.53,2,6,0.03,263.92,0.0,0.0,271.65,0.0,0.0,Below Average,High Risk
15654891,France,Male,30,0.0,2,10,0.03,241.73,0.0,0.0,245.97,0.0,0.0,Low Value,High Risk
15611365,France,Female,32,127661.69,1,3,0.03,295.81,0.0,0.0,313.43,0.0,0.0,Average,High Risk
15749103,Germany,Female,47,118907.6,1,5,1.57,257.54,0.03,0.04,266.65,11.07,55.34,High Value,High Risk
15810203,Germany,Female,44,77627.33,2,2,0.03,223.2,0.0,0.0,244.22,0.0,0.0,Average,High Risk
15813660,Spain,Male,40,160625.17,1,2,0.03,304.55,0.0,0.0,332.46,0.04,0.22,Above Average,High Risk
15605673,Spain,Female,29,0.0,2,3,0.03,213.23,0.0,0.0,226.32,0.0,0.0,Average,High Risk
15669282,France,Female,20,124266.86,1,3,0.03,267.43,0.0,0.0,283.5,0.0,0.0,Below Average,High Risk
15792726,France,Female,25,127974.06,2,13,0.03,217.83,0.0,0.0,220.78,0.0,0.0,Low Value,High Risk
15593241,France,Male,43,0.0,2,5,0.03,131.63,0.0,0.0,136.68,0.0,0.0,Below Average,High Risk
15632736,Germany,Female,30,104911.35,2,5,0.03,330.51,0.0,0.0,341.97,0.0,0.0,Below Average,High Risk
15760450,France,Male,43,0.0,2,1,0.03,152.03,0.01,0.02,184.81,2.95,14.73,Above Average,High Risk
15650454,France,Male,57,0.0,2,8,0.03,199.48,0.0,0.0,203.95,0.0,0.0,Below Average,High Risk
15573730,Germany,Male,42,126704.49,2,2,0.03,252.56,0.0,0.0,276.08,0.0,0.0,Average,High Risk
15705050,France,Male,30,0.0,2,15,0.03,181.73,0.0,0.0,183.91,0.0,0.0,Low Value,High Risk
15791342,Spain,Male,31,84560.04,1,1,0.03,272.07,0.01,0.02,327.06,5.22,26.08,High Value,High Risk
15684316,France,Male,43,0.0,2,3,3.54,158.03,0.13,0.05,168.09,8.29,82.85,High Value,High Risk
15770631,Spain,Male,25,167385.81,1,7,0.03,297.62,0.0,0.0,304.98,0.0,0.0,Below Average,High Risk
15790594,France,Female,27,0.0,2,10,0.03,158.93,0.0,0.0,161.85,0.0,0.0,Low Value,High Risk
15604020,Germany,Female,36,105858.71,1,5,0.03,307.47,0.0,0.0,318.19,0.0,0.0,Below Average,High Risk
15637599,Germany,Female,44,123070.89,1,1,1.57,229.57,0.34,0.12,276.69,34.37,202.16,High Value,Medium Risk
15736578,France,Male,39,0.0,1,1,0.03,160.13,0.01,0.02,194.41,3.1,15.5,Above Average,High Risk
15666332,Spain,Female,48,0.0,2,3,0.03,205.43,0.0,0.0,218.09,0.0,0.01,Average,High Risk
15785920,Germany,Male,35,125141.24,2,1,0.03,282.78,0.01,0.02,339.75,5.42,27.09,High Value,High Risk
15658987,France,Female,46,96173.17,2,6,0.03,242.03,0.0,0.0,249.16,0.0,0.0,Below Average,High Risk
15687719,Spain,Female,37,0.0,2,8,0.03,158.03,0.0,0.0,161.68,0.0,0.0,Below Average,High Risk
15758702,France,Female,55,0.0,2,13,0.03,216.18,0.0,0.0,219.12,0.0,0.0,Low Value,High Risk
15689526,Germany,Female,35,127543.11,2,3,3.54,239.41,0.13,0.05,253.93,12.52,125.16,High Value,High Risk
15719426,France,Male,67,103101.56,2,13,3.15,255.34,0.0,0.0,258.75,0.02,0.09,Above Average,High Risk
15639265,France,Male,54,126113.28,1,2,0.03,295.93,0.0,0.0,323.12,0.0,0.0,Average,High Risk
15757829,Germany,Female,40,137389.77,2,4,0.03,260.0,0.0,0.0,271.59,0.0,0.0,Below Average,High Risk
15633227,France,Female,28,85146.36,1,3,0.03,229.51,0.0,0.0,243.49,0.0,0.0,Below Average,High Risk
15753092,Germany,Male,35,129828.58,1,7,1.97,314.23,0.01,0.01,321.97,3.09,15.44,Above Average,High Risk
15782939,France,Male,42,80214.36,1,1,1.57,297.82,0.34,0.12,357.57,44.42,261.25,High Value,Medium Risk
15746338,France,Female,40,0.0,2,3,0.03,167.93,0.0,0.0,178.53,0.0,0.0,Average,High Risk
15599329,France,Female,49,195238.29,4,16,2.76,288.75,0.0,0.0,291.84,0.0,0.01,Above Average,High Risk
15783097,Germany,Male,27,111348.15,1,2,0.03,319.8,0.0,0.0,349.01,0.0,0.01,Average,High Risk
15597885,France,Male,43,0.0,2,10,0.03,230.03,0.0,0.0,234.08,0.0,0.0,Low Value,High Risk
15597467,France,Female,71,0.0,2,13,0.03,206.48,0.0,0.0,209.3,0.0,0.0,Low Value,High Risk
15724764,Germany,Female,42,64404.26,2,4,0.03,272.35,0.0,0.0,284.44,0.0,0.0,Below Average,High Risk
15778418,Germany,Male,40,154309.67,1,12,3.54,269.18,0.0,0.0,273.06,0.04,0.19,Above Average,High Risk
15684769,France,Male,67,129431.36,1,14,0.03,260.76,0.0,0.0,263.98,0.0,0.0,Low Value,High Risk
15756167,Spain,Female,43,134204.67,1,7,0.03,305.75,0.0,0.0,313.3,0.0,0.0,Below Average,High Risk
15632439,France,Female,39,0.0,2,6,0.03,207.83,0.0,0.0,214.06,0.0,0.0,Below Average,High Risk
15755138,France,Female,32,0.0,2,13,0.03,253.43,0.0,0.0,256.82,0.0,0.0,Low Value,High Risk
15659092,France,Female,50,0.0,2,2,1.97,184.73,0.23,0.11,202.5,21.93,194.93,High Value,High Risk
15742116,Germany,Female,48,116711.06,2,3,0.03,277.52,0.0,0.0,294.13,0.0,0.0,Average,High Risk
15801994,France,Male,31,0.0,2,3,0.03,230.93,0.0,0.0,244.99,0.0,0.0,Below Average,High Risk
15644551,Spain,Female,37,99773.85,2,1,0.03,300.47,0.0,0.0,360.72,0.4,2.02,Above Average,High Risk
15709135,Germany,Male,30,101231.77,2,3,0.03,282.57,0.0,0.0,299.46,0.0,0.0,Average,High Risk
15627637,Germany,Male,23,73314.04,2,3,0.03,285.82,0.0,0.0,302.89,0.0,0.0,Average,High Risk
15667093,France,Male,37,0.0,1,2,0.03,200.33,0.0,0.0,219.42,0.03,0.15,Above Average,High Risk
15690589,France,Male,37,212314.03,1,12,0.03,242.51,0.0,0.0,246.03,0.0,0.0,Low Value,High Risk
15595350,France,Female,31,136067.82,2,1,0.03,275.54,0.0,0.0,331.17,0.37,1.85,Above Average,High Risk
15804064,France,Female,35,79126.17,1,2,0.03,296.23,0.0,0.0,323.44,0.04,0.22,Above Average,High Risk
15717770,Spain,Female,55,0.0,1,2,2.76,259.68,0.22,0.08,283.8,22.34,198.71,High Value,High Risk
15754443,France,Female,35,108308.0,1,3,3.54,208.62,0.13,0.05,221.45,10.92,109.15,High Value,High Risk
15776939,Germany,Female,48,102290.56,2,1,0.03,308.74,0.0,0.0,370.51,0.41,2.07,Above Average,High Risk
15713517,France,Male,39,102025.08,2,2,0.03,234.02,0.0,0.0,255.96,0.0,0.0,Average,High Risk
15683522,Germany,Female,37,113383.07,1,2,0.03,279.42,0.0,0.0,305.21,0.04,0.2,Above Average,High Risk
15673995,Spain,Female,65,102541.1,1,3,0.03,248.9,0.0,0.0,263.95,0.0,0.0,Below Average,High Risk
15771054,Spain,Male,35,0.0,2,2,0.03,139.13,0.0,0.0,153.04,0.0,0.0,Average,High Risk
15578788,Spain,Male,40,0.0,2,2,0.03,234.23,0.0,0.0,256.19,0.0,0.0,Average,High Risk
15737408,France,Female,41,109941.51,1,2,0.03,286.72,0.0,0.0,313.12,0.0,0.0,Average,High Risk
15576022,France,Male,38,0.0,2,8,0.03,167.93,0.0,0.0,171.78,0.0,0.0,Below Average,High Risk
15627298,France,Male,37,85146.48,2,3,2.76,250.81,0.13,0.06,265.96,16.68,166.8,High Value,High Risk
15811415,France,Female,44,134066.1,2,10,0.03,284.44,0.0,0.0,289.35,0.0,0.0,Below Average,High Risk
15645059,France,Female,28,0.0,2,3,0.03,211.73,0.0,0.0,224.74,0.0,0.0,Average,High Risk
15689671,Spain,Male,27,0.0,1,5,0.03,230.93,0.0,0.0,239.19,0.0,0.0,Below Average,High Risk
15718667,France,Male,35,87619.29,1,2,0.03,260.6,0.0,0.0,284.8,0.0,0.0,Average,High Risk
15803202,France,Male,51,0.0,1,14,3.94,104.68,0.0,0.0,106.15,0.0,0.01,Above Average,High Risk
15593683,Spain,Female,30,0.0,2,3,0.03,198.83,0.0,0.0,211.13,0.0,0.0,Average,High Risk
15703394,Spain,Male,27,0.0,2,1,0.03,188.33,0.0,0.0,227.82,0.25,1.27,Above Average,High Risk
15570289,Germany,Male,43,103409.16,1,2,3.15,284.51,0.22,0.07,310.73,21.52,191.48,High Value,High Risk
15567437,Germany,Female,30,123040.38,1,10,0.03,296.77,0.0,0.0,301.87,0.0,0.0,Low Value,High Risk
15711687,France,Male,41,108128.52,1,5,0.03,205.91,0.0,0.0,213.35,0.0,0.0,Below Average,High Risk
15656592,Germany,Male,48,169023.33,2,13,0.03,272.49,0.0,0.0,276.1,0.0,0.0,Low Value,High Risk
15634373,France,Male,30,0.0,2,8,0.03,227.63,0.0,0.0,232.66,0.0,0.0,Below Average,High Risk
15769125,Spain,Female,41,0.0,2,17,0.03,216.53,0.0,0.0,218.77,0.0,0.0,Low Value,High Risk
15711386,France,Female,29,0.0,2,10,0.03,215.63,0.0,0.0,219.45,0.0,0.0,Low Value,High Risk
15714241,Spain,Male,42,222267.63,1,3,3.54,305.21,0.13,0.05,323.35,15.94,159.38,High Value,High Risk
15642530,Germany,Female,47,144090.42,1,3,3.94,289.42,0.13,0.04,306.69,13.66,136.56,High Value,High Risk
15713599,France,Male,30,114835.43,1,14,0.03,294.51,0.0,0.0,298.11,0.0,0.0,Low Value,High Risk
15780498,France,Male,34,145030.92,1,4,0.03,267.86,0.0,0.0,279.77,0.0,0.0,Average,High Risk
15624397,France,Male,43,71240.3,1,11,0.03,261.03,0.0,0.0,265.15,0.0,0.0,Low Value,High Risk
15615219,France,Male,59,138772.15,1,7,0.03,244.02,0.0,0.0,250.16,0.0,0.0,Below Average,High Risk
15570908,Spain,Female,29,93617.07,1,10,0.03,280.85,0.0,0.0,285.7,0.0,0.0,Low Value,High Risk
15762855,Spain,Female,23,0.0,2,13,0.03,185.03,0.0,0.0,187.59,0.0,0.0,Low Value,High Risk
15661827,Spain,Female,45,0.0,2,6,0.03,206.33,0.0,0.0,212.52,0.0,0.0,Below Average,High Risk
15746035,Spain,Male,25,74237.2,2,15,0.03,208.2,0.0,0.0,210.65,0.0,0.0,Low Value,High Risk
15691906,Germany,Female,49,127421.78,2,2,1.97,276.0,0.23,0.11,301.5,32.66,290.22,High Value,High Risk
15793424,Spain,Female,28,61274.7,2,3,0.03,270.82,0.0,0.0,287.07,0.0,0.0,Average,High Risk
15577905,France,Male,34,106486.66,2,13,0.03,273.61,0.0,0.0,277.24,0.0,0.0,Low Value,High Risk
15667216,France,Female,29,73194.52,2,17,0.03,246.81,0.0,0.0,249.33,0.0,0.0,Low Value,High Risk
15673971,Germany,Female,44,146498.76,1,2,2.36,274.23,0.22,0.09,299.58,27.31,242.86,High Value,High Risk
15644849,France,Female,32,0.0,1,2,0.03,194.93,0.0,0.0,213.57,0.03,0.14,Above Average,High Risk
15635531,Spain,Female,30,0.0,2,3,0.03,170.93,0.0,0.0,181.7,0.0,0.0,Average,High Risk
15632263,Spain,Male,30,120355.0,1,1,0.03,248.62,0.0,0.0,299.27,0.09,0.47,Above Average,High Risk
15720110,France,Male,32,117265.21,1,2,0.03,314.75,0.0,0.0,343.53,0.05,0.23,Above Average,High Risk
15619045,France,Female,43,0.0,2,6,0.03,231.23,0.0,0.0,238.08,0.0,0.0,Below Average,High Risk
15697510,Spain,Female,52,0.0,1,2,2.76,213.03,0.22,0.08,233.2,18.36,163.28,High Value,High Risk
15784923,Germany,Female,37,109974.22,1,4,1.18,287.32,0.07,0.09,300.01,27.43,137.15,High Value,High Risk
15567383,Germany,Female,44,98009.13,2,3,0.03,278.45,0.0,0.0,295.12,0.0,0.01,Above Average,High Risk
15732621,France,Male,34,0.0,1,14,0.03,197.33,0.0,0.0,199.84,0.0,0.0,Low Value,High Risk
15757981,France,Male,66,0.0,1,11,0.03,242.83,0.0,0.0,246.69,0.0,0.0,Low Value,High Risk
15727819,Spain,Female,34,171671.9,1,14,0.03,281.89,0.0,0.0,285.35,0.0,0.0,Low Value,High Risk
15738088,Spain,Male,63,0.0,2,4,3.94,204.88,0.07,0.03,214.23,6.33,31.66,High Value,High Risk
15765173,France,Female,60,0.0,1,1,1.18,115.93,0.34,0.16,142.03,23.02,135.32,High Value,Medium Risk
15618203,Germany,Male,51,116197.65,2,13,0.03,309.34,0.0,0.0,313.4,0.0,0.0,Low Value,High Risk
15638159,Spain,Female,36,86607.39,1,2,0.03,268.93,0.0,0.0,293.83,0.0,0.0,Average,High Risk
15585466,France,Male,29,0.0,2,4,0.03,164.03,0.0,0.0,171.72,0.0,0.0,Below Average,High Risk
15677310,Germany,Male,62,98854.34,1,1,1.97,318.41,0.34,0.1,381.97,38.47,226.36,High Value,Medium Risk
15646262,France,Male,31,0.0,1,2,0.03,185.03,0.0,0.0,202.83,0.0,0.0,Average,High Risk
15656901,France,Male,59,0.0,2,13,0.03,194.18,0.0,0.0,196.85,0.0,0.0,Low Value,High Risk
15621093,Germany,Male,31,97338.19,2,1,0.03,279.31,0.0,0.0,335.63,0.18,0.92,Above Average,High Risk
15592123,France,Male,30,0.0,2,10,0.03,228.83,0.0,0.0,232.86,0.0,0.0,Low Value,High Risk
15589200,Spain,Male,34,0.0,2,3,0.03,183.53,0.0,0.0,194.99,0.0,0.0,Below Average,High Risk
15602934,France,Female,33,131698.57,2,2,0.03,212.62,0.0,0.0,232.75,0.0,0.0,Average,High Risk
15812720,Germany,Male,37,130110.45,2,17,0.03,319.04,0.0,0.0,322.23,0.0,0.0,Low Value,High Risk
15695383,Spain,Male,44,0.0,2,3,0.03,168.53,0.0,0.0,179.16,0.0,0.0,Below Average,High Risk
15761606,Spain,Female,37,101707.8,1,3,0.03,260.4,0.0,0.0,276.07,0.0,0.0,Average,High Risk
15650322,France,Female,34,105588.66,1,4,0.03,285.85,0.0,0.0,298.48,0.0,0.0,Average,High Risk
15669782,Germany,Male,39,111336.89,1,3,3.54,321.9,0.13,0.05,340.96,16.81,168.06,High Value,High Risk
15751628,France,Male,60,78391.17,1,10,0.03,217.46,0.0,0.0,221.31,0.0,0.0,Low Value,High Risk
15809057,Spain,Female,27,0.0,2,10,0.03,178.43,0.0,0.0,181.66,0.0,0.0,Low Value,High Risk
15617052,France,Male,34,0.0,1,3,3.54,233.03,0.13,0.05,247.21,12.18,121.85,High Value,High Risk
15590810,Germany,Female,41,144326.09,1,3,3.54,269.03,0.13,0.05,285.18,14.06,140.57,High Value,High Risk
15801293,Germany,Male,27,101278.25,2,1,0.03,330.27,0.01,0.02,396.03,6.31,31.57,High Value,High Risk
15770968,Germany,Female,19,108711.57,2,3,0.03,298.04,0.0,0.0,315.79,0.0,0.0,Average,High Risk
15572356,Spain,Male,73,108555.07,1,1,0.03,311.18,0.01,0.02,373.41,5.95,29.77,High Value,High Risk
15619116,France,Female,36,0.0,2,3,0.03,146.33,0.0,0.0,155.74,0.0,0.0,Average,High Risk
15691792,Spain,Male,35,0.0,1,2,0.03,123.23,0.0,0.0,135.79,0.0,0.0,Average,High Risk
15783276,France,Female,25,0.0,2,15,0.03,215.93,0.0,0.0,218.47,0.0,0.0,Low Value,High Risk
15766137,France,Male,34,0.0,2,3,0.03,147.53,0.0,0.0,157.01,0.0,0.0,Average,High Risk
15574554,Germany,Male,66,103291.25,2,13,0.03,256.5,0.0,0.0,259.93,0.0,0.0,Low Value,High Risk
15578671,Spain,Female,29,209490.21,1,1,0.39,291.92,0.34,0.42,350.58,147.16,465.74,High Value,Medium Risk
15716608,Spain,Male,38,0.0,3,1,0.79,193.73,0.34,0.23,234.22,54.68,321.0,High Value,Medium Risk
15690670,France,Male,33,0.0,2,3,0.03,214.43,0.0,0.0,227.58,0.0,0.01,Average,High Risk
15630466,France,Male,45,0.0,1,2,0.03,237.53,0.0,0.0,259.77,0.0,0.0,Average,High Risk
15630349,Spain,Male,23,0.0,2,2,0.03,161.33,0.0,0.0,177.12,0.0,0.0,Average,High Risk
15803801,France,Male,34,0.0,2,1,0.03,134.63,0.0,0.0,164.19,0.09,0.45,Above Average,High Risk
15647890,France,Male,37,149405.18,1,12,0.03,285.16,0.0,0.0,289.25,0.0,0.0,Low Value,High Risk
15606115,France,Female,52,191665.21,1,8,2.36,235.02,0.0,0.0,240.2,0.97,4.86,Above Average,High Risk
15714642,Spain,Female,40,0.0,1,2,0.03,236.03,0.0,0.0,258.15,0.0,0.0,Average,High Risk
15741181,France,Male,41,135071.12,1,8,0.03,293.49,0.0,0.0,299.83,0.0,0.0,Below Average,High Risk
15773973,France,Male,41,0.0,2,3,0.03,227.93,0.0,0.0,241.83,0.0,0.01,Average,High Risk
15758546,Spain,Male,39,0.0,2,13,0.03,253.43,0.0,0.0,256.82,0.0,0.0,Low Value,High Risk
15598940,Germany,Male,38,181804.34,2,10,0.03,283.47,0.0,0.0,288.37,0.0,0.0,Below Average,High Risk
15669783,France,Female,60,47020.65,2,5,1.18,258.46,0.03,0.05,267.6,14.43,72.17,High Value,High Risk
15624993,France,Female,36,128518.98,1,10,2.76,302.76,0.0,0.0,307.96,0.25,1.25,Above Average,High Risk
15760568,Germany,Female,38,142658.04,2,8,0.03,255.45,0.0,0.0,261.04,0.0,0.0,Below Average,High Risk
15699047,France,Female,21,120150.39,2,15,0.03,278.61,0.0,0.0,281.8,0.0,0.0,Low Value,High Risk
15616168,France,Female,35,81905.95,1,10,0.03,256.86,0.0,0.0,261.33,0.0,0.0,Low Value,High Risk
15773146,France,Male,26,137998.2,2,5,0.03,272.93,0.0,0.0,282.54,0.0,0.0,Below Average,High Risk
15770375,Germany,Female,26,123126.29,1,2,0.03,331.57,0.0,0.0,361.78,0.0,0.0,Average,High Risk
15589725,France,Female,51,0.0,2,6,0.03,221.68,0.0,0.0,228.28,0.0,0.0,Below Average,High Risk
15710034,Germany,Male,43,135645.29,2,1,0.39,268.32,0.34,0.42,322.61,135.42,465.74,High Value,Medium Risk
15800806,Spain,Male,31,122449.31,2,12,0.03,282.04,0.0,0.0,286.09,0.0,0.0,Low Value,High Risk
15570485,Spain,Male,40,161766.87,1,1,0.03,245.79,0.0,0.0,295.92,0.16,0.81,Above Average,High Risk
15575391,France,Female,37,0.0,2,5,0.03,201.53,0.0,0.0,208.84,0.0,0.0,Below Average,High Risk
15790750,Germany,Male,36,123187.51,1,14,0.03,254.18,0.0,0.0,257.33,0.0,0.0,Low Value,High Risk
15714832,Germany,Male,36,150956.71,1,3,0.03,273.53,0.0,0.0,289.93,0.0,0.0,Average,High Risk
15619953,Spain,Female,42,105021.28,1,2,0.03,274.11,0.0,0.0,299.45,0.0,0.0,Average,High Risk
15673929,France,Male,64,0.0,2,6,0.03,178.83,0.0,0.0,184.28,0.0,0.0,Below Average,High Risk
15578835,Spain,Female,50,133204.91,1,1,0.03,279.6,0.01,0.02,335.98,5.36,26.79,High Value,High Risk
15752388,Spain,Female,35,0.0,2,10,0.03,191.33,0.0,0.0,194.77,0.0,0.0,Low Value,High Risk
15797081,Germany,Female,49,115488.52,2,15,3.54,259.45,0.0,0.0,262.44,0.0,0.02,Above Average,High Risk
15570194,France,Male,29,0.0,2,2,0.03,122.03,0.0,0.0,134.49,0.0,0.0,Average,High Risk
15580149,Spain,Male,41,0.0,2,3,0.03,189.83,0.0,0.0,201.63,0.0,0.0,Average,High Risk
15777708,Spain,Female,38,0.0,2,1,0.03,245.63,0.0,0.0,295.73,0.33,1.65,Above Average,High Risk
15810444,Germany,Female,39,130565.02,1,2,2.36,245.56,0.22,0.09,268.48,24.48,217.65,High Value,High Risk
15765345,France,Male,35,0.0,2,6,0.03,224.33,0.0,0.0,231.0,0.0,0.0,Below Average,High Risk
15760873,France,Male,50,81310.34,1,10,0.03,252.01,0.0,0.0,256.4,0.0,0.0,Low Value,High Risk
15794178,France,Male,34,107136.6,1,1,0.03,272.75,0.0,0.0,327.86,0.37,1.83,Above Average,High Risk
15589361,Spain,Male,34,0.0,1,12,0.03,213.23,0.0,0.0,216.38,0.0,0.0,Low Value,High Risk
15662483,France,Male,43,0.0,2,12,0.03,253.43,0.0,0.0,257.11,0.0,0.0,Low Value,High Risk
15809736,France,Male,46,0.0,1,2,0.79,197.63,0.23,0.25,216.49,53.96,465.74,High Value,High Risk
15774328,Germany,Male,40,144757.97,2,1,0.03,259.45,0.01,0.02,312.11,4.98,24.88,High Value,High Risk
15646969,Spain,Male,33,0.0,2,3,0.03,231.23,0.0,0.0,245.31,0.0,0.01,Average,High Risk
15610226,France,Female,27,106414.57,2,3,0.03,259.8,0.0,0.0,275.44,0.0,0.0,Average,High Risk
15616270,Spain,Male,42,106920.91,1,5,0.03,261.63,0.0,0.0,270.88,0.0,0.0,Below Average,High Risk
15790717,Spain,Male,35,0.0,2,3,0.03,206.93,0.0,0.0,219.67,0.0,0.0,Average,High Risk
15635703,Germany,Female,39,131513.26,1,1,0.03,295.71,0.01,0.02,355.08,5.66,28.31,High Value,High Risk
15630244,France,Male,40,134320.23,2,4,0.03,214.25,0.0,0.0,223.98,0.0,0.0,Below Average,High Risk
15734714,France,Female,29,79715.36,1,1,0.03,241.37,0.0,0.0,290.68,0.32,1.62,Above Average,High Risk
15721433,France,Female,38,74306.19,2,1,0.03,272.41,0.0,0.0,327.46,0.18,0.89,Above Average,High Risk
15590201,Spain,Female,50,0.0,4,11,1.97,148.43,0.0,0.0,150.93,0.08,0.4,Above Average,High Risk
15590828,Germany,Male,42,126428.38,1,2,0.03,311.35,0.0,0.0,339.84,0.0,0.0,Average,High Risk
15752097,Spain,Male,38,99640.89,1,2,0.03,287.56,0.0,0.0,314.04,0.0,0.0,Average,High Risk
15800031,France,Male,43,66338.68,1,4,1.18,276.75,0.07,0.09,289.01,26.43,132.13,High Value,High Risk
15630857,Spain,Female,39,0.0,2,10,0.03,200.63,0.0,0.0,204.21,0.0,0.0,Low Value,High Risk
15689953,Spain,Male,43,128226.37,1,3,0.03,285.94,0.0,0.0,303.02,0.0,0.0,Below Average,High Risk
15759733,France,Female,26,0.0,2,8,0.03,230.63,0.0,0.0,235.72,0.0,0.0,Below Average,High Risk
15810826,France,Male,36,0.0,2,2,0.03,185.63,0.0,0.0,203.48,0.0,0.0,Average,High Risk
15668009,Spain,Male,37,0.0,2,1,0.03,222.53,0.01,0.02,268.35,4.28,21.4,High Value,High Risk
15743456,France,Female,32,0.0,2,4,0.03,212.93,0.0,0.0,222.6,0.0,0.0,Below Average,High Risk
15725762,France,Male,24,122168.65,1,1,0.03,318.92,0.0,0.0,382.58,0.21,1.04,Above Average,High Risk
15761713,France,Female,43,178074.33,1,2,0.03,282.43,0.0,0.0,308.48,0.0,0.0,Average,High Risk
15781129,Spain,Male,38,69434.4,2,13,3.15,278.85,0.0,0.0,282.55,0.02,0.1,Above Average,High Risk
15599124,France,Female,29,0.0,2,2,0.03,248.03,0.0,0.0,271.16,0.0,0.01,Above Average,High Risk
15639004,France,Male,72,0.0,2,3,0.03,226.33,0.0,0.0,240.14,0.0,0.01,Average,High Risk
15810995,Germany,Male,34,122726.56,1,4,0.03,234.35,0.0,0.0,244.89,0.0,0.0,Average,High Risk
15653773,France,Female,38,164496.99,1,10,0.03,215.6,0.0,0.0,219.42,0.0,0.0,Low Value,High Risk
15708357,Spain,Female,38,0.0,1,2,0.03,193.13,0.0,0.0,211.61,0.0,0.0,Average,High Risk
15789560,France,Male,42,187534.79,1,11,3.15,279.78,0.0,0.0,284.17,0.1,0.48,Above Average,High Risk
15699524,France,Female,30,0.0,1,1,0.03,138.23,0.0,0.0,168.45,0.19,0.94,Above Average,High Risk
15626475,France,Male,30,0.0,2,3,0.03,203.93,0.0,0.0,216.51,0.0,0.0,Average,High Risk
15684318,Germany,Female,50,96486.57,2,10,0.03,249.55,0.0,0.0,253.9,0.0,0.0,Low Value,High Risk
15768120,Germany,Male,36,90560.48,2,3,0.03,285.13,0.0,0.0,302.16,0.0,0.0,Average,High Risk
15712807,Spain,Male,46,131764.96,1,4,1.18,243.83,0.07,0.09,254.75,23.29,116.46,High Value,High Risk
15675794,Germany,Male,47,152076.93,1,3,3.54,271.48,0.13,0.05,287.77,14.18,141.84,High Value,High Risk
15774277,France,Male,43,0.0,2,3,0.03,241.13,0.0,0.0,255.75,0.0,0.01,Average,High Risk
15603764,France,Male,49,0.0,1,5,1.57,166.43,0.03,0.04,172.61,7.16,35.82,High Value,High Risk
15618647,France,Male,29,43504.42,1,1,0.03,292.84,0.01,0.02,351.67,5.61,28.04,High Value,High Risk
15707696,Spain,Female,28,0.0,2,8,0.03,139.73,0.0,0.0,143.01,0.0,0.0,Below Average,High Risk
15749583,Germany,Female,38,93569.86,3,1,0.79,280.54,0.34,0.23,337.1,78.69,461.99,High Value,Medium Risk
15815125,Spain,Male,45,102486.21,2,6,0.03,275.75,0.0,0.0,283.79,0.0,0.0,Below Average,High Risk
15779620,France,Male,36,0.0,1,1,0.03,170.93,0.01,0.02,207.2,3.3,16.52,Above Average,High Risk
15768233,Germany,Male,37,114346.3,1,11,3.15,206.58,0.0,0.0,209.92,0.07,0.35,Above Average,High Risk
15637788,France,Male,23,110203.77,1,1,0.03,298.73,0.0,0.0,358.66,0.4,2.0,Above Average,High Risk
15777046,France,Female,39,128362.59,1,3,0.03,250.85,0.0,0.0,266.0,0.0,0.0,Below Average,High Risk
15788723,Germany,Female,49,143888.22,2,17,3.94,257.31,0.0,0.0,259.93,0.0,0.0,Average,High Risk
15790489,Spain,Male,34,170600.78,1,7,0.03,238.95,0.0,0.0,244.97,0.0,0.0,Below Average,High Risk
15739476,France,Female,32,0.0,1,7,0.03,202.43,0.0,0.0,207.62,0.0,0.0,Below Average,High Risk
15612670,Spain,Female,46,0.0,2,17,0.03,187.73,0.0,0.0,189.71,0.0,0.0,Low Value,High Risk
15631222,France,Female,39,75339.64,1,2,0.03,218.8,0.0,0.0,239.45,0.03,0.16,Above Average,High Risk
15658972,France,Female,40,122038.34,1,2,0.03,286.21,0.0,0.0,312.58,0.0,0.0,Average,High Risk
15724691,France,Male,34,0.0,2,1,0.03,212.03,0.01,0.02,255.91,4.08,20.4,High Value,High Risk
15740442,France,Male,51,186825.57,1,2,3.15,261.5,0.22,0.07,285.77,19.79,176.1,High Value,High Risk
15760427,France,Male,40,124788.18,1,2,0.03,331.66,0.0,0.0,361.88,0.0,0.01,Average,High Risk
15677939,France,Female,41,0.0,2,5,0.03,173.63,0.0,0.0,180.04,0.0,0.0,Below Average,High Risk
15611599,France,Female,71,0.0,2,3,0.03,205.88,0.0,0.0,218.57,0.0,0.01,Average,High Risk
15633474,France,Male,51,138553.57,1,2,0.03,254.41,0.0,0.0,278.08,0.04,0.19,Above Average,High Risk
15671973,Spain,Male,39,0.0,2,8,0.03,138.53,0.0,0.0,141.79,0.0,0.0,Below Average,High Risk
15790019,France,Male,35,105387.89,1,12,0.03,231.54,0.0,0.0,234.92,0.0,0.0,Low Value,High Risk
15737735,Spain,Male,40,95053.1,1,5,1.57,279.75,0.03,0.04,289.57,12.02,60.1,High Value,High Risk
15661745,France,Male,36,0.0,1,4,0.03,165.53,0.0,0.0,173.28,0.0,0.0,Average,High Risk
15710671,France,Male,34,137361.96,1,1,0.03,313.1,0.0,0.0,375.69,0.42,2.1,Above Average,High Risk
15656522,Spain,Male,32,158537.42,1,3,0.03,256.16,0.0,0.0,271.6,0.0,0.0,Below Average,High Risk
15705085,Spain,Female,29,0.0,2,3,0.03,199.43,0.0,0.0,211.76,0.0,0.0,Below Average,High Risk
15744873,Germany,Female,48,143595.87,1,1,1.97,274.7,0.34,0.1,330.17,33.26,195.66,High Value,Medium Risk
15781914,Germany,Male,32,169947.41,2,15,0.03,294.12,0.0,0.0,297.48,0.0,0.0,Low Value,High Risk
15637354,France,Female,24,148167.83,2,12,0.03,264.71,0.0,0.0,268.53,0.0,0.0,Low Value,High Risk
15717307,France,Male,31,0.0,2,2,0.03,147.23,0.0,0.0,161.83,0.0,0.0,Average,High Risk
15746695,France,Female,39,48023.83,1,2,0.03,199.0,0.0,0.0,217.97,0.0,0.0,Average,High Risk
15804962,France,Male,36,155655.46,1,1,0.39,259.94,0.34,0.42,312.68,131.25,465.74,High Value,Medium Risk
15665378,France,Female,46,0.0,2,2,0.03,148.13,0.0,0.0,162.8,0.0,0.0,Average,High Risk
15757865,France,Male,62,0.0,2,12,0.03,206.03,0.0,0.0,209.08,0.0,0.0,Low Value,High Risk
15578787,France,Female,52,0.0,1,1,1.57,193.23,0.34,0.12,233.63,29.02,170.7,High Value,Medium Risk
15794323,France,Male,32,121240.76,1,2,0.03,278.37,0.0,0.0,304.07,0.0,0.0,Average,High Risk
15697546,France,Female,36,0.0,2,1,0.03,169.43,0.0,0.0,205.43,0.23,1.15,Above Average,High Risk
15629519,France,Female,37,0.0,2,1,0.03,140.03,0.01,0.02,170.59,2.72,13.6,Above Average,High Risk
15624703,Germany,Male,35,129847.75,2,3,0.03,241.93,0.0,0.0,256.59,0.0,0.0,Below Average,High Risk
15570002,Germany,Female,55,118772.71,4,4,3.15,270.08,0.07,0.04,282.07,10.33,51.67,High Value,High Risk
15808566,France,Male,46,0.0,2,3,0.03,153.23,0.0,0.0,163.02,0.0,0.0,Average,High Risk
15805463,Germany,Male,32,105163.88,2,3,0.03,280.12,0.0,0.0,296.88,0.0,0.01,Above Average,High Risk
15709136,France,Male,28,0.0,2,13,0.03,184.43,0.0,0.0,186.98,0.0,0.0,Low Value,High Risk
15675141,France,Female,35,93934.63,1,1,0.03,245.47,0.0,0.0,295.53,0.16,0.81,Above Average,High Risk
15665759,France,Female,69,117866.92,1,7,0.03,317.23,0.0,0.0,325.04,0.0,0.0,Below Average,High Risk
15761487,France,Female,55,0.0,1,7,1.97,208.08,0.01,0.01,213.4,2.05,10.23,Above Average,High Risk
15700394,Spain,Female,26,122857.46,2,1,1.57,290.46,0.34,0.12,348.85,43.34,254.88,High Value,Medium Risk
15631162,France,Male,32,0.0,2,17,0.03,187.73,0.0,0.0,189.71,0.0,0.0,Low Value,High Risk
15630641,France,Female,37,127103.97,1,8,0.03,330.58,0.0,0.0,337.67,0.0,0.0,Below Average,High Risk
15585066,France,Female,43,0.0,1,1,0.39,196.43,0.34,0.42,237.42,99.66,465.74,High Value,Medium Risk
15722991,France,Male,54,96402.96,1,3,3.54,250.04,0.13,0.05,265.15,13.07,130.69,High Value,High Risk
15737404,France,Male,31,132512.26,1,1,0.03,296.36,0.01,0.02,355.85,5.67,28.37,High Value,High Risk
15722409,Spain,Male,47,107604.66,1,11,0.03,283.57,0.0,0.0,288.02,0.0,0.0,Low Value,High Risk
15806420,France,Male,34,0.0,2,3,0.03,230.03,0.0,0.0,244.04,0.0,0.0,Below Average,High Risk
15658148,France,Male,38,0.0,2,3,0.03,195.53,0.0,0.0,207.65,0.0,0.0,Average,High Risk
15810660,Germany,Male,34,120875.23,2,6,0.03,308.65,0.0,0.0,317.57,0.0,0.0,Below Average,High Risk
15709780,France,Female,37,71786.9,2,15,0.03,273.08,0.0,0.0,276.21,0.0,0.0,Low Value,High Risk
15727350,France,Female,37,113143.12,1,2,0.03,230.81,0.0,0.0,252.48,0.0,0.0,Average,High Risk
15752312,Spain,Male,49,150777.72,2,1,0.03,243.22,0.01,0.02,292.87,4.67,23.35,High Value,High Risk
15616745,Spain,Male,35,174894.53,1,2,0.03,241.51,0.0,0.0,264.09,0.04,0.18,Above Average,High Risk
15572294,France,Male,28,0.0,1,2,0.03,185.33,0.0,0.0,203.15,0.0,0.0,Average,High Risk
15674110,France,Female,43,160416.56,1,2,0.03,288.64,0.0,0.0,315.21,0.04,0.21,Above Average,High Risk
15662501,France,Male,48,91246.53,1,1,1.18,249.48,0.34,0.16,300.28,48.67,286.1,High Value,Medium Risk
15649239,Spain,Male,46,0.0,2,4,0.03,217.73,0.0,0.0,227.6,0.0,0.0,Below Average,High Risk
15700424,France,Female,35,0.0,1,7,0.03,136.73,0.0,0.0,140.42,0.0,0.0,Below Average,High Risk
15636388,Germany,Female,23,98775.23,1,2,0.03,285.7,0.0,0.0,312.02,0.0,0.0,Average,High Risk
15713975,Germany,Female,47,139756.12,1,3,3.94,246.92,0.13,0.04,261.85,11.66,116.59,High Value,High Risk
15592925,Spain,Male,42,177626.77,3,6,1.18,292.32,0.02,0.03,300.8,8.87,44.36,High Value,High Risk
15581626,France,Male,54,0.0,1,11,3.15,202.63,0.0,0.0,205.91,0.07,0.35,Above Average,High Risk
15641319,Spain,Male,50,0.0,1,1,1.57,153.83,0.34,0.12,186.94,23.22,136.58,High Value,Medium Risk
15723481,Spain,Male,42,0.0,2,13,0.03,216.83,0.0,0.0,219.77,0.0,0.0,Low Value,High Risk
15787825,Germany,Male,37,152496.82,1,8,0.03,253.5,0.0,0.0,259.05,0.0,0.0,Below Average,High Risk
15710726,France,Male,52,0.0,2,13,0.03,172.83,0.0,0.0,175.24,0.0,0.0,Low Value,High Risk
15657957,Germany,Female,26,113674.2,1,2,3.15,256.64,0.22,0.07,280.5,19.43,172.85,High Value,High Risk
15676117,France,Male,44,0.0,1,3,0.03,179.33,0.0,0.0,190.56,0.0,0.0,Below Average,High Risk
15649858,Spain,Male,37,96776.49,1,12,0.03,215.67,0.0,0.0,218.84,0.0,0.0,Low Value,High Risk
15811032,Germany,Female,58,145984.92,1,11,0.03,230.81,0.0,0.0,234.49,0.0,0.0,Low Value,High Risk
15679963,Germany,Male,43,96353.8,1,2,0.03,296.04,0.0,0.0,323.23,0.0,0.0,Average,High Risk
15579131,France,Male,25,0.0,2,12,0.03,248.93,0.0,0.0,252.55,0.0,0.0,Low Value,High Risk
15622461,France,Female,51,122822.0,2,3,0.03,246.41,0.0,0.0,261.31,0.0,0.0,Average,High Risk
15636105,Spain,Male,61,0.0,2,3,0.03,239.58,0.0,0.0,254.12,0.0,0.01,Average,High Risk
15583849,France,Male,40,0.0,2,1,0.03,120.83,0.0,0.0,147.83,0.17,0.83,Above Average,High Risk
15718780,Spain,Female,32,79450.09,1,5,0.03,268.65,0.0,0.0,278.12,0.0,0.0,Below Average,High Risk
15739271,Germany,Male,33,122394.0,1,2,0.03,251.13,0.0,0.0,274.53,0.04,0.18,Above Average,High Risk
15742511,France,Male,35,121030.9,1,1,0.03,230.66,0.0,0.0,277.98,0.31,1.55,Above Average,High Risk
15786433,Germany,Female,35,165982.43,2,5,0.03,273.56,0.0,0.0,283.19,0.0,0.0,Below Average,High Risk
15685805,Spain,Female,35,0.0,2,2,0.03,200.33,0.0,0.0,219.42,0.0,0.0,Average,High Risk
15627971,France,Female,32,206663.75,1,2,0.03,231.23,0.0,0.0,252.93,0.0,0.0,Average,High Risk
15783025,Germany,Male,37,94661.53,2,1,0.03,291.72,0.0,0.0,350.35,0.39,1.96,Above Average,High Risk
15802118,Spain,Male,41,123428.69,1,10,0.03,275.79,0.0,0.0,280.56,0.0,0.0,Low Value,High Risk
15607990,Spain,Male,43,175735.5,1,8,0.03,306.94,0.0,0.0,313.55,0.0,0.0,Below Average,High Risk
15695932,Spain,Male,36,78381.13,1,7,0.03,303.36,0.0,0.0,310.86,0.0,0.0,Below Average,High Risk
15812279,France,Male,37,115345.86,2,2,0.03,266.34,0.0,0.0,291.02,0.0,0.01,Above Average,High Risk
15687558,Germany,Female,31,118613.34,1,3,0.03,268.32,0.0,0.0,284.43,0.0,0.0,Below Average,High Risk
15729065,Germany,Male,28,109960.06,2,3,0.03,311.02,0.0,0.0,329.47,0.0,0.01,Above Average,High Risk
15570192,Germany,Female,40,121729.42,1,2,0.03,258.9,0.0,0.0,282.95,0.0,0.0,Average,High Risk
15809265,France,Female,35,0.0,1,5,0.03,162.53,0.0,0.0,168.58,0.0,0.0,Below Average,High Risk
15745201,France,Female,43,139496.35,2,6,0.03,261.01,0.0,0.0,268.65,0.0,0.0,Below Average,High Risk
15580623,Spain,Male,28,0.0,2,3,0.03,170.33,0.0,0.0,181.06,0.0,0.0,Average,High Risk
15578156,Spain,Male,32,138521.83,1,7,0.03,261.86,0.0,0.0,268.41,0.0,0.0,Below Average,High Risk
15692577,Germany,Female,38,83727.68,1,3,0.03,276.2,0.0,0.0,292.75,0.0,0.0,Below Average,High Risk
15810910,Spain,Female,38,0.0,2,15,0.03,209.03,0.0,0.0,211.5,0.0,0.0,Low Value,High Risk
15723217,France,Male,37,0.0,1,3,0.03,183.23,0.0,0.0,194.67,0.0,0.0,Below Average,High Risk
15733111,Spain,Male,32,124179.3,1,8,0.03,283.03,0.0,0.0,289.16,0.0,0.0,Below Average,High Risk
15610727,France,Male,36,128829.25,1,2,0.03,258.37,0.0,0.0,282.38,0.0,0.0,Average,High Risk
15792720,France,Male,33,171490.78,1,2,0.03,281.58,0.0,0.0,307.55,0.0,0.0,Average,High Risk
15723153,Spain,Male,33,0.0,2,1,0.03,210.83,0.0,0.0,254.49,0.28,1.42,Above Average,High Risk
15802823,Spain,Female,38,0.0,2,12,0.03,221.93,0.0,0.0,225.19,0.0,0.0,Low Value,High Risk
15756118,Spain,Male,20,0.0,1,2,0.03,196.73,0.0,0.0,215.52,0.0,0.0,Average,High Risk
15684934,France,Male,31,0.0,2,15,0.03,216.23,0.0,0.0,218.77,0.0,0.0,Low Value,High Risk
15776936,France,Male,40,160818.08,1,10,2.76,220.85,0.0,0.0,224.75,0.18,0.92,Above Average,High Risk
15729087,Germany,Male,54,156367.6,2,15,0.03,308.47,0.0,0.0,311.98,0.0,0.0,Low Value,High Risk
15786463,Germany,Female,59,121669.93,2,3,3.15,281.24,0.13,0.06,298.06,16.45,164.52,High Value,High Risk
15717498,France,Male,42,133970.22,2,10,0.03,309.64,0.0,0.0,314.95,0.0,0.0,Below Average,High Risk
15718406,France,Male,41,0.0,2,1,0.03,160.43,0.0,0.0,194.76,0.22,1.09,Above Average,High Risk
15799468,France,Female,34,96127.27,1,1,0.03,252.22,0.0,0.0,303.54,0.34,1.7,Above Average,High Risk
15626383,Spain,Male,60,121907.97,1,10,0.03,267.81,0.0,0.0,272.45,0.0,0.0,Low Value,High Risk
15597385,Spain,Male,41,0.0,2,8,0.03,170.33,0.0,0.0,174.22,0.0,0.0,Below Average,High Risk
15570271,Spain,Male,31,0.0,1,8,0.03,171.53,0.0,0.0,175.45,0.0,0.0,Below Average,High Risk
15690330,Germany,Female,40,77701.64,1,11,0.03,322.5,0.0,0.0,327.51,0.0,0.0,Low Value,High Risk
15680611,France,Male,67,0.0,3,18,0.03,218.58,0.0,0.0,220.72,0.0,0.0,Low Value,High Risk
15810227,France,Male,34,0.0,2,3,0.03,124.73,0.0,0.0,132.96,0.0,0.0,Average,High Risk
15807194,Spain,Male,34,113922.44,2,2,0.03,291.46,0.0,0.0,318.26,0.0,0.01,Above Average,High Risk
15712199,Germany,Female,61,183997.7,2,3,0.03,289.5,0.0,0.0,306.77,0.0,0.01,Above Average,High Risk
15694995,France,Male,23,0.0,2,3,0.03,212.03,0.0,0.0,225.05,0.0,0.01,Average,High Risk
15723400,France,Male,28,0.0,2,6,0.03,197.33,0.0,0.0,203.28,0.0,0.0,Below Average,High Risk
15654772,France,Female,47,89799.46,2,10,2.36,266.47,0.0,0.0,271.09,0.26,1.28,Above Average,High Risk
15574743,Spain,Male,29,0.0,1,2,0.03,171.53,0.0,0.0,188.18,0.03,0.13,Above Average,High Risk
15807593,Spain,Female,36,85660.96,1,2,0.03,237.95,0.0,0.0,260.23,0.0,0.0,Average,High Risk
15686718,Germany,Male,37,115569.21,1,12,0.03,316.75,0.0,0.0,321.26,0.0,0.0,Low Value,High Risk
15742323,France,Male,39,0.0,2,3,0.03,160.73,0.0,0.0,170.94,0.0,0.0,Average,High Risk
15658435,France,Female,27,0.0,2,2,0.03,232.73,0.0,0.0,254.57,0.0,0.01,Above Average,High Risk
15603378,France,Female,36,141334.95,1,4,0.03,307.89,0.0,0.0,321.42,0.0,0.0,Average,High Risk
15657349,Germany,Female,50,98173.02,1,2,3.15,315.96,0.22,0.07,344.85,23.89,212.5,High Value,High Risk
15777614,Spain,Female,44,0.0,2,1,0.03,161.93,0.01,0.02,196.54,3.13,15.67,Above Average,High Risk
15653952,Germany,Female,38,135157.05,1,4,0.03,251.49,0.0,0.0,262.73,0.0,0.0,Average,High Risk
15724336,Germany,Female,49,171601.27,1,1,0.03,232.69,0.0,0.0,280.39,0.09,0.44,Above Average,High Risk
15689594,France,Male,29,179539.2,1,1,0.03,298.39,0.0,0.0,358.25,0.11,0.56,Above Average,High Risk
15801920,Germany,Male,39,80615.46,2,2,0.03,291.85,0.0,0.0,318.69,0.0,0.01,Above Average,High Risk
15749951,Germany,Male,27,126285.73,1,1,1.97,306.54,0.34,0.1,367.91,37.06,218.03,High Value,Medium Risk
15648178,Germany,Female,23,137964.51,1,5,0.03,266.33,0.0,0.0,275.73,0.0,0.0,Below Average,High Risk
15738662,Germany,Male,41,159434.03,1,3,0.03,273.9,0.0,0.0,290.31,0.0,0.0,Average,High Risk
15640855,Germany,Male,40,113574.61,2,2,0.03,294.73,0.0,0.0,321.82,0.0,0.01,Above Average,High Risk
15584288,France,Female,33,0.0,2,10,0.03,187.13,0.0,0.0,190.5,0.0,0.0,Low Value,High Risk
15760988,Germany,Male,33,124573.33,2,3,0.03,276.75,0.0,0.0,293.32,0.0,0.0,Average,High Risk
15569624,Germany,Female,31,105864.6,2,2,0.03,276.87,0.0,0.0,302.44,0.0,0.0,Average,High Risk
15597949,Germany,Female,47,104552.61,1,1,1.97,305.88,0.34,0.1,367.13,36.98,217.56,High Value,Medium Risk
15604551,France,Female,35,0.0,2,1,0.03,218.03,0.0,0.0,263.02,0.29,1.47,Above Average,High Risk
15617476,France,Female,30,0.0,2,8,0.03,162.23,0.0,0.0,165.96,0.0,0.0,Below Average,High Risk
15645323,France,Male,55,0.0,1,2,0.79,193.68,0.23,0.25,212.21,52.89,465.74,High Value,High Risk
15793311,Germany,Female,46,119492.88,2,13,3.15,305.87,0.0,0.0,309.9,0.02,0.11,Above Average,High Risk
15802560,Spain,Female,48,140576.11,1,8,0.03,218.46,0.0,0.0,223.3,0.0,0.0,Below Average,High Risk
15728608,Germany,Female,34,91025.58,2,15,0.03,280.96,0.0,0.0,284.18,0.0,0.0,Low Value,High Risk
15770474,France,Female,33,0.0,3,2,0.39,203.93,0.23,0.44,223.33,99.22,465.74,High Value,High Risk
15724444,France,Female,38,125877.65,2,1,0.03,246.82,0.01,0.02,297.14,4.74,23.69,High Value,High Risk
15753110,Spain,Male,64,45752.78,2,1,1.18,303.47,0.34,0.16,364.27,59.05,347.07,High Value,Medium Risk
15711521,France,Male,39,121778.71,1,4,0.03,259.2,0.0,0.0,270.75,0.0,0.0,Average,High Risk
15632816,Germany,Female,49,127948.57,1,2,0.03,233.13,0.0,0.0,255.0,0.03,0.17,Above Average,High Risk
15693637,France,Female,30,0.0,2,12,0.03,165.23,0.0,0.0,167.74,0.0,0.0,Low Value,High Risk
15725509,Germany,Male,30,115286.68,2,8,0.03,274.73,0.0,0.0,280.7,0.0,0.0,Below Average,High Risk
15684645,Germany,Male,41,62078.21,2,3,0.03,283.21,0.0,0.0,300.14,0.0,0.0,Average,High Risk
15777459,Spain,Female,32,175406.13,2,6,1.57,264.63,0.02,0.02,272.37,6.18,30.92,High Value,High Risk
15610643,Germany,Male,44,151739.65,1,1,0.03,208.47,0.0,0.0,251.68,0.28,1.41,Above Average,High Risk
15777315,France,Male,43,93616.35,2,2,0.03,233.45,0.0,0.0,255.34,0.0,0.0,Average,High Risk
15611058,Germany,Female,60,138597.54,2,8,1.97,300.46,0.0,0.0,306.94,1.48,7.38,Above Average,High Risk
15630413,France,Female,41,0.0,2,8,0.03,180.83,0.0,0.0,184.93,0.0,0.0,Below Average,High Risk
15635942,France,Male,40,0.0,2,3,3.54,171.23,0.13,0.05,182.01,8.97,89.71,High Value,High Risk
15648858,France,Female,27,85225.21,1,1,0.03,273.92,0.01,0.02,329.25,5.25,26.25,High Value,High Risk
15810732,France,Female,36,148749.29,2,3,0.03,296.83,0.0,0.0,314.51,0.0,0.0,Average,High Risk
15705448,Germany,Male,52,130013.12,1,10,2.76,273.54,0.0,0.0,278.27,0.23,1.13,Above Average,High Risk
15730488,Spain,Female,27,0.0,1,1,0.03,153.23,0.01,0.02,186.23,2.97,14.85,Above Average,High Risk
15620443,France,Female,81,0.0,2,10,0.03,250.48,0.0,0.0,254.85,0.0,0.0,Low Value,High Risk
15741078,France,Male,54,111729.47,2,12,0.03,301.73,0.0,0.0,306.03,0.0,0.0,Low Value,High Risk
15753161,France,Female,36,180169.44,2,2,0.03,309.51,0.0,0.0,337.85,0.0,0.01,Above Average,High Risk
15711396,Spain,Male,40,0.0,2,13,0.03,126.53,0.0,0.0,128.38,0.0,0.0,Low Value,High Risk
15593499,Spain,Female,47,0.0,1,2,2.36,204.23,0.22,0.09,223.65,20.39,181.31,High Value,High Risk
15579189,France,Female,42,0.0,2,8,0.03,205.43,0.0,0.0,210.02,0.0,0.0,Below Average,High Risk
15791316,France,Male,35,0.0,2,5,0.03,212.63,0.0,0.0,220.3,0.0,0.0,Below Average,High Risk
15608246,Germany,Female,36,103914.17,1,11,3.15,296.24,0.0,0.0,300.87,0.1,0.51,Above Average,High Risk
15676526,France,Female,34,88772.87,1,5,0.03,256.79,0.0,0.0,265.88,0.0,0.0,Below Average,High Risk
15813911,France,Female,39,0.0,1,1,0.03,241.13,0.0,0.0,290.4,0.09,0.45,Above Average,High Risk
15630195,France,Female,40,131184.67,1,8,0.03,300.5,0.0,0.0,306.98,0.0,0.0,Below Average,High Risk
15736250,France,Male,38,117810.79,1,2,0.79,310.58,0.23,0.25,339.01,84.49,465.74,High Value,High Risk
15671334,France,Male,31,0.0,1,1,0.03,156.53,0.0,0.0,190.14,0.1,0.52,Above Average,High Risk
15718839,Germany,Female,38,102741.15,2,3,0.03,330.37,0.0,0.0,349.88,0.0,0.01,Above Average,High Risk
15762331,France,Male,37,178755.84,1,3,0.03,249.76,0.0,0.0,264.85,0.0,0.0,Below Average,High Risk
15606901,France,Male,43,0.0,2,3,0.03,216.83,0.0,0.0,230.12,0.0,0.0,Average,High Risk
15713559,Germany,Female,32,146602.25,2,8,0.03,219.64,0.0,0.0,224.51,0.0,0.0,Below Average,High Risk
15768881,France,Male,29,0.0,2,3,0.03,219.83,0.0,0.0,233.28,0.0,0.01,Average,High Risk
15743075,France,Male,35,0.0,2,10,0.03,196.13,0.0,0.0,199.64,0.0,0.0,Low Value,High Risk
15660980,Spain,Male,38,115702.67,2,10,0.03,255.26,0.0,0.0,259.71,0.0,0.0,Low Value,High Risk
15810942,Germany,Female,61,137655.31,1,2,0.03,224.57,0.0,0.0,245.71,0.03,0.16,Above Average,High Risk
15728362,France,Female,29,0.0,2,1,0.03,199.73,0.0,0.0,241.33,0.27,1.35,Above Average,High Risk
15683339,Spain,Female,34,59877.33,1,2,2.36,268.57,0.22,0.09,293.44,26.75,237.88,High Value,High Risk
15685476,France,Male,31,100082.14,1,7,0.03,272.59,0.0,0.0,279.38,0.0,0.0,Below Average,High Risk
15663650,Germany,Male,52,107304.39,3,5,3.94,287.56,0.03,0.02,297.63,5.2,25.98,High Value,High Risk
15617434,Spain,Male,38,0.0,1,12,0.03,194.93,0.0,0.0,197.83,0.0,0.0,Low Value,High Risk
15622470,Spain,Male,41,96032.22,1,14,0.03,306.52,0.0,0.0,310.26,0.0,0.0,Low Value,High Risk
15703682,Spain,Male,33,0.0,1,3,0.03,202.73,0.0,0.0,215.24,0.0,0.0,Below Average,High Risk
15727391,Germany,Male,29,144553.5,2,3,0.03,284.04,0.0,0.0,301.02,0.0,0.0,Average,High Risk
15711062,Germany,Male,40,86172.81,2,8,0.03,264.09,0.0,0.0,269.85,0.0,0.0,Below Average,High Risk
15567339,France,Male,73,0.0,1,12,0.03,247.68,0.0,0.0,251.28,0.0,0.0,Low Value,High Risk
15760662,Germany,Female,29,87212.8,1,2,0.03,230.57,0.0,0.0,252.23,0.03,0.17,Above Average,High Risk
15605737,France,Male,36,0.0,2,2,0.03,160.73,0.0,0.0,176.47,0.0,0.0,Average,High Risk
15672082,France,Male,62,0.0,2,1,0.03,182.03,0.0,0.0,220.36,0.25,1.23,Above Average,High Risk
15600280,France,Female,32,0.0,2,2,0.03,209.33,0.0,0.0,229.19,0.0,0.0,Average,High Risk
15804052,Spain,Male,23,0.0,2,10,0.03,211.43,0.0,0.0,215.18,0.0,0.0,Low Value,High Risk
15576065,Spain,Female,40,171325.98,1,7,1.97,298.08,0.01,0.01,305.45,2.93,14.65,Above Average,High Risk
15796838,Spain,Male,58,92930.92,1,5,0.03,295.6,0.0,0.0,305.94,0.0,0.0,Below Average,High Risk
15748595,France,Female,29,77556.79,2,1,0.03,280.19,0.01,0.02,336.68,5.37,26.84,High Value,High Risk
15679029,France,Male,33,102874.28,1,2,0.03,290.78,0.0,0.0,317.53,0.0,0.0,Average,High Risk
15753639,France,Male,37,146093.39,2,2,0.03,260.11,0.0,0.0,284.27,0.0,0.01,Above Average,High Risk
15666095,Spain,Male,51,79811.72,2,6,1.57,300.83,0.02,0.02,309.54,7.03,35.14,High Value,High Risk
15643487,Spain,Male,39,105473.74,1,3,3.94,264.54,0.13,0.04,280.44,12.49,124.87,High Value,High Risk
15747288,Spain,Female,40,61671.19,1,8,2.36,323.36,0.0,0.0,330.3,1.34,6.69,Above Average,High Risk
15790599,Germany,Female,39,149363.12,2,8,0.03,304.66,0.0,0.0,311.23,0.0,0.0,Below Average,High Risk
15737705,France,Female,27,152309.37,1,1,0.03,310.49,0.0,0.0,372.59,0.2,1.02,Above Average,High Risk
15737194,France,Female,33,0.0,2,2,0.03,188.93,0.0,0.0,207.06,0.0,0.01,Average,High Risk
15726776,Spain,Male,36,111629.29,1,1,0.03,287.42,0.01,0.02,345.25,5.51,27.53,High Value,High Risk
15804357,France,Male,40,0.0,1,4,0.03,142.73,0.0,0.0,149.55,0.0,0.0,Average,High Risk
15664432,Spain,Female,49,96296.78,1,2,2.76,293.03,0.22,0.08,319.98,25.19,224.04,High Value,High Risk
15688984,France,Male,20,95830.43,1,1,0.03,253.4,0.0,0.0,304.94,0.17,0.83,Above Average,High Risk
15771668,France,Male,59,185966.64,1,3,3.94,263.97,0.13,0.04,279.84,12.46,124.6,High Value,High Risk
15779904,France,Female,29,0.0,2,8,0.03,177.53,0.0,0.0,181.57,0.0,0.0,Below Average,High Risk
15784323,France,Female,21,0.0,2,3,0.03,133.13,0.0,0.0,141.82,0.0,0.0,Average,High Risk
15756277,Germany,Female,43,92244.83,2,3,0.03,329.65,0.0,0.0,349.13,0.0,0.0,Average,High Risk
15663312,France,Female,35,112727.06,2,3,0.03,224.18,0.0,0.0,237.87,0.0,0.0,Below Average,High Risk
15793197,France,Female,34,100359.54,1,2,0.03,278.01,0.0,0.0,303.68,0.0,0.0,Average,High Risk
15731463,Germany,Male,43,105301.5,1,14,0.03,320.93,0.0,0.0,324.83,0.0,0.0,Low Value,High Risk
15621768,Spain,Male,45,112994.65,1,2,0.03,289.6,0.0,0.0,316.25,0.0,0.0,Average,High Risk
15691323,Germany,Male,40,89025.88,2,1,0.03,276.01,0.0,0.0,331.73,0.18,0.91,Above Average,High Risk
15781326,France,Male,35,95478.17,1,3,0.03,265.68,0.0,0.0,281.64,0.0,0.0,Average,High Risk
15595640,France,Male,37,0.0,2,3,0.03,207.83,0.0,0.0,220.62,0.0,0.0,Average,High Risk
15814331,Germany,Female,43,119127.46,2,3,0.03,255.45,0.0,0.0,270.86,0.0,0.0,Average,High Risk
15602030,France,Male,28,128206.79,1,5,0.03,291.94,0.0,0.0,302.16,0.0,0.0,Below Average,High Risk
15611315,Germany,Female,23,71433.08,1,1,0.03,285.34,0.0,0.0,342.79,0.19,0.94,Above Average,High Risk
15636977,Germany,Male,36,118214.32,3,4,3.54,228.4,0.07,0.03,238.7,7.81,39.05,High Value,High Risk
15690337,France,Female,27,102258.11,2,2,0.03,249.63,0.0,0.0,272.9,0.0,0.01,Above Average,High Risk
15679551,Spain,Female,46,163764.84,1,2,0.79,229.67,0.23,0.25,251.25,62.62,465.74,High Value,High Risk
15778915,France,Female,32,128551.36,2,12,0.03,297.96,0.0,0.0,302.22,0.0,0.0,Low Value,High Risk
15568849,Spain,Female,31,118158.74,1,14,0.03,238.3,0.0,0.0,241.27,0.0,0.0,Low Value,High Risk
15747762,France,Male,32,118520.41,1,2,0.03,259.02,0.0,0.0,283.08,0.0,0.0,Average,High Risk
15753679,France,Male,24,0.0,2,6,0.03,231.83,0.0,0.0,238.7,0.0,0.0,Below Average,High Risk
15750049,France,Male,40,163823.37,1,3,0.03,264.78,0.0,0.0,280.69,0.0,0.0,Below Average,High Risk
15606097,Germany,Male,63,104469.58,1,10,2.76,291.23,0.0,0.0,296.25,0.24,1.21,Above Average,High Risk
15802368,France,Female,47,0.0,1,8,0.03,180.83,0.0,0.0,184.93,0.0,0.0,Below Average,High Risk
15767488,Spain,Male,36,0.0,2,3,0.03,202.43,0.0,0.0,214.93,0.0,0.0,Average,High Risk
15669946,Germany,Female,46,141726.88,1,2,0.03,276.41,0.0,0.0,301.94,0.04,0.2,Above Average,High Risk
15612103,Germany,Female,35,137852.96,1,2,0.79,265.43,0.23,0.25,290.03,72.28,465.74,High Value,High Risk
15650018,France,Female,43,154100.3,1,2,0.03,282.37,0.0,0.0,308.41,0.0,0.0,Average,High Risk
15659002,France,Female,45,0.0,2,2,0.03,228.23,0.0,0.0,249.69,0.0,0.0,Average,High Risk
15616028,France,Male,30,0.0,3,4,0.03,206.63,0.0,0.0,216.05,0.0,0.0,Average,High Risk
15660475,France,Female,54,0.0,1,12,0.03,126.73,0.0,0.0,128.73,0.0,0.0,Low Value,High Risk
15652615,France,Male,39,140004.96,1,11,0.03,300.03,0.0,0.0,304.71,0.0,0.0,Low Value,High Risk
15653572,Spain,Male,43,127132.96,1,11,3.15,278.69,0.0,0.0,283.06,0.1,0.48,Above Average,High Risk
15628059,France,Male,61,0.0,2,1,0.03,170.88,0.01,0.02,207.15,3.3,16.52,Above Average,High Risk
15703413,France,Female,38,125328.56,1,2,0.03,232.39,0.0,0.0,254.2,0.0,0.0,Average,High Risk
15610433,France,Male,35,0.0,2,3,0.03,170.33,0.0,0.0,181.06,0.0,0.0,Below Average,High Risk
15770548,Germany,Female,28,139986.65,1,1,0.03,213.33,0.0,0.0,257.45,0.29,1.44,Above Average,High Risk
15645637,Germany,Female,39,119787.76,1,8,0.03,315.79,0.0,0.0,322.58,0.0,0.0,Below Average,High Risk
15590888,Spain,Female,34,107556.06,2,4,0.03,283.57,0.0,0.0,296.11,0.0,0.0,Below Average,High Risk
15676091,France,Male,42,0.0,1,10,0.03,161.33,0.0,0.0,164.29,0.0,0.0,Low Value,High Risk
15716984,Spain,Female,56,0.0,2,1,0.03,214.43,0.0,0.0,258.76,0.14,0.71,Above Average,High Risk
15715078,France,Male,35,161613.94,2,10,0.03,253.59,0.0,0.0,258.01,0.0,0.0,Low Value,High Risk
15569452,Germany,Female,58,116353.2,2,5,0.03,281.8,0.0,0.0,291.69,0.0,0.0,Below Average,High Risk
15628863,France,Male,38,60013.81,1,5,0.03,252.08,0.0,0.0,261.02,0.0,0.0,Below Average,High Risk
15778192,Spain,Male,28,0.0,2,6,0.03,186.83,0.0,0.0,192.5,0.0,0.0,Below Average,High Risk
15793723,Germany,Male,32,144272.07,2,3,0.03,259.73,0.0,0.0,275.37,0.0,0.0,Average,High Risk
15798943,France,Female,46,0.0,2,3,0.03,192.23,0.0,0.0,204.17,0.0,0.0,Average,High Risk
15764708,France,Male,30,117696.67,1,2,0.03,247.87,0.0,0.0,270.99,0.0,0.0,Average,High Risk
15791040,Spain,Male,58,79954.61,2,1,0.03,323.99,0.01,0.02,388.59,6.2,30.98,High Value,High Risk
15631512,France,Female,26,149989.39,1,2,0.03,256.99,0.0,0.0,280.88,0.0,0.0,Average,High Risk
15640106,France,Male,40,124339.9,1,2,0.03,260.54,0.0,0.0,284.73,0.0,0.0,Average,High Risk
15710315,Germany,Male,29,135759.4,1,1,1.57,235.92,0.34,0.12,284.22,35.31,207.66,High Value,Medium Risk
15771535,Spain,Female,37,0.0,2,3,0.03,236.63,0.0,0.0,251.0,0.0,0.0,Below Average,High Risk
15611947,France,Male,34,83074.0,1,1,0.03,241.05,0.0,0.0,290.3,0.32,1.62,Above Average,High Risk
15670266,France,Female,28,141792.61,1,5,0.03,227.21,0.0,0.0,235.35,0.0,0.0,Below Average,High Risk
15609083,France,Female,26,0.0,1,2,2.36,161.63,0.22,0.09,177.45,16.18,143.85,High Value,High Risk
15567923,France,Female,30,0.0,1,2,0.03,220.13,0.0,0.0,240.9,0.0,0.0,Average,High Risk
15735782,France,Male,31,120962.59,1,3,0.03,234.85,0.0,0.0,249.13,0.0,0.0,Below Average,High Risk
15774401,Spain,Male,51,0.0,2,1,1.57,231.58,0.34,0.12,279.08,34.67,203.9,High Value,Medium Risk
15737971,France,Female,30,0.0,2,2,0.03,192.23,0.0,0.0,210.64,0.0,0.01,Average,High Risk
15643770,France,Female,52,112670.48,1,1,1.97,283.08,0.34,0.1,340.11,34.26,201.55,High Value,Medium Risk
15744717,France,Female,44,0.0,2,3,0.03,216.23,0.0,0.0,229.48,0.0,0.01,Average,High Risk
15605531,Spain,Female,38,0.0,2,2,0.03,135.53,0.0,0.0,149.13,0.0,0.0,Average,High Risk
15605339,France,Female,37,0.0,2,17,0.03,200.33,0.0,0.0,202.42,0.0,0.0,Low Value,High Risk
15672216,France,Female,40,82441.75,1,1,0.03,249.1,0.0,0.0,299.84,0.16,0.82,Above Average,High Risk
15812893,France,Female,39,0.0,2,17,3.94,187.13,0.0,0.0,189.1,0.0,0.0,Average,High Risk
15624180,Germany,Female,37,134171.8,4,22,3.94,252.35,0.0,0.0,254.33,0.0,0.0,Average,High Risk
15701364,France,Male,30,0.0,2,17,0.03,215.63,0.0,0.0,217.86,0.0,0.0,Low Value,High Risk
15762588,France,Male,31,0.0,2,8,0.03,191.63,0.0,0.0,195.95,0.0,0.0,Below Average,High Risk
15712596,France,Male,31,0.0,1,1,0.03,148.13,0.0,0.0,180.18,0.1,0.49,Above Average,High Risk
15600399,France,Male,60,0.0,1,1,1.57,190.33,0.34,0.12,230.19,28.6,168.19,High Value,Medium Risk
15576216,Germany,Female,37,108862.76,1,1,1.57,272.25,0.34,0.12,327.27,40.66,239.12,High Value,Medium Risk
15620750,France,Male,28,141099.43,1,4,0.03,245.18,0.0,0.0,256.16,0.0,0.0,Average,High Risk
15584928,Germany,Female,32,120074.97,2,6,0.03,254.61,0.0,0.0,262.08,0.0,0.0,Below Average,High Risk
15779913,France,Male,27,130231.8,2,8,0.03,252.75,0.0,0.0,258.28,0.0,0.0,Below Average,High Risk
15644977,France,Female,31,0.0,2,2,0.03,231.23,0.0,0.0,252.94,0.0,0.01,Above Average,High Risk
15749679,France,Male,39,109724.38,1,2,0.03,285.5,0.0,0.0,311.81,0.04,0.21,Above Average,High Risk
15629010,Germany,Female,35,111743.43,1,7,0.03,330.03,0.0,0.0,338.13,0.0,0.0,Below Average,High Risk
15768465,Germany,Male,35,121309.17,2,13,0.03,251.07,0.0,0.0,254.43,0.0,0.0,Low Value,High Risk
15767781,France,Male,38,82697.28,1,3,0.03,268.32,0.0,0.0,284.43,0.0,0.0,Below Average,High Risk
15635364,France,Female,49,44301.43,3,18,3.54,255.16,0.0,0.0,257.61,0.0,0.0,Average,High Risk
15722004,France,Female,31,138317.94,1,1,0.03,240.25,0.0,0.0,289.35,0.16,0.79,Above Average,High Risk
15766044,Germany,Male,49,120688.61,1,1,1.57,269.04,0.34,0.12,323.47,40.18,236.33,High Value,Medium Risk
15586680,France,Male,27,176913.52,1,1,0.03,217.59,0.0,0.0,262.5,0.14,0.72,Above Average,High Risk
15635388,Spain,Male,47,89047.14,1,2,0.03,266.41,0.0,0.0,291.1,0.0,0.0,Average,High Risk
15655175,Germany,Male,40,114318.78,2,1,1.57,298.08,0.34,0.12,357.88,44.46,261.48,High Value,Medium Risk
15639133,France,Female,50,0.0,2,1,0.03,230.33,0.0,0.0,277.6,0.15,0.76,Above Average,High Risk
15799653,Germany,Female,32,94753.55,2,12,0.03,249.73,0.0,0.0,253.35,0.0,0.0,Low Value,High Risk
15723872,Spain,Female,46,0.0,2,17,0.03,175.13,0.0,0.0,176.99,0.0,0.0,Low Value,High Risk
15775627,France,Male,35,0.0,2,13,0.03,151.13,0.0,0.0,153.28,0.0,0.0,Low Value,High Risk
15630704,Germany,Male,32,106520.73,2,3,0.03,259.21,0.0,0.0,274.82,0.0,0.0,Average,High Risk
15697249,Germany,Female,25,132837.7,1,1,0.03,240.88,0.0,0.0,290.1,0.32,1.62,Above Average,High Risk
15682523,France,Male,20,139432.55,1,1,0.03,306.0,0.01,0.02,367.27,5.86,29.28,High Value,High Risk
15650244,Spain,Male,29,80895.44,2,3,0.03,309.57,0.0,0.0,327.95,0.0,0.0,Average,High Risk
15648638,Spain,Male,34,0.0,2,2,0.03,187.13,0.0,0.0,205.1,0.0,0.0,Average,High Risk
15795747,Spain,Female,39,171646.76,1,10,0.03,314.89,0.0,0.0,320.28,0.0,0.0,Low Value,High Risk
15624013,France,Female,39,109844.81,1,2,0.03,238.11,0.0,0.0,260.4,0.0,0.0,Average,High Risk
15800805,France,Female,31,140931.82,1,10,0.03,212.77,0.0,0.0,216.55,0.0,0.0,Low Value,High Risk
15667321,Spain,Male,49,0.0,2,17,0.03,191.63,0.0,0.0,193.64,0.0,0.0,Low Value,High Risk
15601116,France,Male,32,0.0,2,10,0.03,204.23,0.0,0.0,207.87,0.0,0.0,Low Value,High Risk
15622033,Germany,Female,41,101543.51,4,1,1.18,329.39,0.34,0.16,394.99,64.02,376.33,High Value,Medium Risk
15758451,Germany,Male,37,102708.77,1,2,0.03,304.86,0.0,0.0,332.81,0.0,0.0,Average,High Risk
15688689,Germany,Female,37,149000.91,2,13,0.03,281.24,0.0,0.0,284.97,0.0,0.0,Low Value,High Risk
15806327,France,Female,40,75893.11,2,1,0.03,313.35,0.0,0.0,375.98,0.42,2.1,Above Average,High Risk
15649618,Germany,Female,39,167395.6,2,12,0.03,318.32,0.0,0.0,322.85,0.0,0.0,Low Value,High Risk
15677117,France,Female,61,0.0,2,10,0.03,200.88,0.0,0.0,204.47,0.0,0.0,Low Value,High Risk
15751445,Germany,Female,52,71283.09,2,10,0.03,295.63,0.0,0.0,300.72,0.0,0.0,Below Average,High Risk
15749669,France,Female,31,0.0,2,5,0.03,161.03,0.0,0.0,167.03,0.0,0.0,Below Average,High Risk
15656351,Spain,Male,60,0.0,2,5,0.03,135.13,0.0,0.0,140.3,0.0,0.0,Below Average,High Risk
15682273,France,Female,38,127616.56,1,1,0.03,281.71,0.0,0.0,338.49,0.11,0.53,Above Average,High Risk
15580912,France,Male,32,154737.88,2,8,0.03,302.5,0.0,0.0,309.02,0.0,0.0,Below Average,High Risk
15785183,Spain,Male,29,0.0,2,3,0.03,177.23,0.0,0.0,188.34,0.0,0.0,Average,High Risk
15705383,France,Male,35,125476.31,1,5,0.03,269.3,0.0,0.0,278.79,0.0,0.0,Below Average,High Risk
15712903,France,Female,21,176511.08,1,4,0.03,228.67,0.0,0.0,238.98,0.0,0.0,Average,High Risk
15774285,Spain,Female,47,110783.28,1,11,0.03,270.57,0.0,0.0,274.83,0.0,0.0,Low Value,High Risk
15740160,France,Male,31,0.0,2,1,0.03,183.23,0.01,0.02,221.78,3.54,17.68,High Value,High Risk
15793425,Spain,Female,33,0.0,1,12,0.03,166.43,0.0,0.0,168.96,0.0,0.0,Low Value,High Risk
15749265,Germany,Male,42,75681.52,1,1,0.03,201.43,0.01,0.02,243.34,3.88,19.4,High Value,High Risk
15623989,France,Male,54,0.0,1,1,1.18,133.93,0.34,0.16,163.36,26.48,155.64,High Value,Medium Risk
15604832,France,Male,29,0.0,1,10,0.03,188.33,0.0,0.0,191.72,0.0,0.0,Low Value,High Risk
15584580,France,Male,35,161111.45,1,2,0.03,211.27,0.0,0.0,231.28,0.0,0.0,Average,High Risk
15573854,France,Male,62,0.0,2,8,0.03,231.53,0.0,0.0,236.64,0.0,0.0,Below Average,High Risk
15614847,France,Female,45,72494.69,1,8,0.03,275.24,0.0,0.0,281.22,0.0,0.0,Below Average,High Risk
15679966,France,Female,31,133964.3,1,4,0.03,275.44,0.0,0.0,287.64,0.0,0.0,Average,High Risk
15752186,France,Female,27,0.0,2,1,0.03,167.03,0.0,0.0,202.58,0.23,1.13,Above Average,High Risk
15705544,France,Male,61,157201.48,1,4,0.03,281.85,0.0,0.0,294.32,0.0,0.0,Average,High Risk
15713632,Spain,Female,48,95679.29,1,1,0.03,240.19,0.0,0.0,289.28,0.09,0.45,Above Average,High Risk
15586523,Germany,Female,29,106230.92,1,10,2.76,291.59,0.0,0.0,296.61,0.24,1.21,Above Average,High Risk
15609176,France,Female,32,0.0,2,8,0.03,204.83,0.0,0.0,209.41,0.0,0.0,Below Average,High Risk
15769308,Germany,Female,36,81231.85,2,3,0.03,264.3,0.0,0.0,280.19,0.0,0.0,Average,High Risk
15676810,France,Female,31,81480.27,2,1,0.03,242.12,0.01,0.02,291.57,4.65,23.25,High Value,High Risk
15634591,France,Male,33,73059.38,1,11,0.03,328.09,0.0,0.0,333.18,0.0,0.0,Low Value,High Risk
15679804,France,Male,36,117559.05,2,8,0.03,267.06,0.0,0.0,272.88,0.0,0.0,Below Average,High Risk
15677764,Germany,Female,74,186445.31,2,1,0.03,247.64,0.01,0.02,298.11,4.75,23.77,High Value,High Risk
15571917,Germany,Female,38,137657.71,2,2,0.03,308.62,0.0,0.0,336.88,0.0,0.01,Above Average,High Risk
15574608,France,Male,36,133889.35,1,11,0.03,291.03,0.0,0.0,295.58,0.0,0.0,Low Value,High Risk
15740868,Germany,Female,45,134562.8,1,12,0.03,274.57,0.0,0.0,278.52,0.0,0.0,Low Value,High Risk
15702442,Germany,Female,56,100781.75,2,15,0.03,258.54,0.0,0.0,261.52,0.0,0.0,Low Value,High Risk
15699797,France,Male,30,174356.13,1,2,0.03,299.99,0.0,0.0,327.52,0.0,0.0,Average,High Risk
15648047,Germany,Male,27,190125.43,2,2,0.03,302.07,0.0,0.0,329.78,0.0,0.01,Above Average,High Risk
15766826,France,Male,26,146266.0,1,2,2.76,324.92,0.22,0.08,354.56,27.91,248.26,High Value,High Risk
15591628,Germany,Male,41,164046.1,1,3,0.03,288.79,0.0,0.0,306.02,0.0,0.0,Average,High Risk
15583857,Spain,Female,43,123536.52,2,1,0.03,263.5,0.0,0.0,316.9,0.17,0.87,Above Average,High Risk
15752534,France,Male,36,0.0,2,17,0.03,221.63,0.0,0.0,223.92,0.0,0.0,Low Value,High Risk
15783589,France,Male,40,0.0,2,3,0.03,183.23,0.0,0.0,194.67,0.0,0.0,Below Average,High Risk
15598046,France,Female,39,139562.05,2,2,0.03,276.01,0.0,0.0,301.51,0.0,0.01,Above Average,High Risk
15643330,France,Male,37,0.0,2,3,0.03,176.63,0.0,0.0,187.71,0.0,0.0,Average,High Risk
15680405,France,Male,40,168001.34,2,3,0.03,284.14,0.0,0.0,301.12,0.0,0.01,Above Average,High Risk
15621644,Germany,Male,83,123356.63,1,8,0.03,321.24,0.0,0.0,328.13,0.0,0.0,Below Average,High Risk
15733032,Spain,Male,47,0.0,2,3,0.03,193.73,0.0,0.0,205.75,0.0,0.0,Average,High Risk
15658946,Germany,Male,40,45408.85,2,4,0.03,243.62,0.0,0.0,254.54,0.0,0.0,Below Average,High Risk
15645371,Germany,Female,51,147262.11,1,10,2.76,262.92,0.0,0.0,267.48,0.22,1.09,Above Average,High Risk
15653110,France,Male,42,133767.19,1,2,0.03,285.33,0.0,0.0,311.61,0.0,0.0,Average,High Risk
15585249,France,Male,42,106036.52,1,2,2.36,297.88,0.22,0.09,325.23,29.65,263.65,High Value,High Risk
15611786,Spain,Female,69,0.0,1,12,0.03,222.58,0.0,0.0,225.85,0.0,0.0,Low Value,High Risk
15575486,France,Female,27,0.0,2,1,0.03,157.13,0.01,0.02,190.85,3.04,15.22,Above Average,High Risk
15780215,France,Male,31,0.0,2,10,0.03,189.23,0.0,0.0,192.63,0.0,0.0,Low Value,High Risk
15739042,France,Female,35,0.0,2,3,0.03,228.53,0.0,0.0,242.46,0.0,0.0,Below Average,High Risk
15815316,France,Male,50,76817.0,4,5,3.54,266.63,0.03,0.02,276.03,5.33,26.66,High Value,High Risk
15778489,Germany,Male,71,142550.25,2,15,0.03,337.8,0.0,0.0,341.62,0.0,0.0,Low Value,High Risk
15786389,Spain,Female,41,0.0,2,17,0.03,188.93,0.0,0.0,190.92,0.0,0.0,Low Value,High Risk
15601787,Germany,Male,35,103711.56,1,2,0.79,267.73,0.23,0.25,292.53,72.9,465.74,High Value,High Risk
15624715,Spain,Female,40,0.0,1,2,0.03,176.33,0.0,0.0,193.39,0.03,0.13,Above Average,High Risk
15763093,Germany,Female,35,128369.75,2,3,0.03,238.85,0.0,0.0,253.34,0.0,0.0,Average,High Risk
15572073,Spain,Male,35,0.0,2,8,0.03,197.33,0.0,0.0,201.76,0.0,0.0,Below Average,High Risk
15780256,France,Male,34,0.0,2,15,0.03,187.43,0.0,0.0,189.67,0.0,0.0,Low Value,High Risk
15659305,Germany,Male,19,166133.28,1,11,0.03,260.07,0.0,0.0,264.18,0.0,0.0,Low Value,High Risk
15638882,Germany,Female,62,148214.36,1,3,3.54,305.81,0.13,0.05,323.98,15.97,159.69,High Value,High Risk
15714680,France,Female,78,121206.96,1,7,0.03,337.97,0.0,0.0,346.25,0.0,0.0,Below Average,High Risk
15777217,Spain,Male,25,0.0,2,17,0.03,190.73,0.0,0.0,192.73,0.0,0.0,Low Value,High Risk
15739123,Germany,Male,50,127552.85,2,1,0.03,297.91,0.0,0.0,357.68,0.2,0.98,Above Average,High Risk
15594450,France,Male,49,159458.53,1,3,0.03,286.8,0.0,0.0,303.92,0.0,0.0,Average,High Risk
15797751,Germany,Female,47,102085.72,1,7,1.97,215.12,0.01,0.01,220.6,2.12,10.58,Above Average,High Risk
15691543,Germany,Male,58,142537.18,1,2,0.03,254.95,0.0,0.0,278.66,0.04,0.19,Above Average,High Risk
15722845,Spain,Male,29,182781.74,2,1,0.03,278.71,0.01,0.02,334.92,5.34,26.7,High Value,High Risk
15605804,France,Male,45,0.0,2,4,0.03,219.53,0.0,0.0,229.47,0.0,0.0,Below Average,High Risk
15702061,France,Male,29,0.0,2,12,0.03,194.63,0.0,0.0,197.53,0.0,0.0,Low Value,High Risk
15694321,France,Female,28,0.0,2,1,0.03,184.13,0.0,0.0,222.85,0.25,1.25,Above Average,High Risk
15798749,Germany,Female,43,152063.59,2,1,0.03,331.48,0.0,0.0,397.46,0.44,2.22,Above Average,High Risk
15758048,France,Male,50,148942.0,1,2,0.03,252.44,0.0,0.0,275.95,0.04,0.19,Above Average,High Risk
15805681,France,Male,41,0.0,1,12,0.03,213.23,0.0,0.0,216.38,0.0,0.0,Low Value,High Risk
15807239,France,Female,34,93920.47,1,2,0.03,273.97,0.0,0.0,299.29,0.0,0.0,Average,High Risk
15749093,France,Male,43,158713.08,2,1,0.03,318.57,0.0,0.0,382.16,0.21,1.04,Above Average,High Risk
15689344,Spain,Male,42,0.0,3,8,0.03,182.93,0.0,0.0,187.07,0.0,0.0,Below Average,High Risk
15606076,Germany,Male,63,123204.88,1,10,0.03,308.23,0.0,0.0,313.51,0.0,0.0,Low Value,High Risk
15610090,France,Male,40,72945.29,2,3,0.03,273.18,0.0,0.0,289.56,0.0,0.0,Average,High Risk
15791501,France,Male,43,0.0,2,13,0.03,175.43,0.0,0.0,177.87,0.0,0.0,Low Value,High Risk
15621870,Spain,Female,40,0.0,1,2,0.03,220.13,0.0,0.0,240.9,0.0,0.0,Average,High Risk
15734711,France,Male,42,0.0,1,2,2.76,110.33,0.22,0.08,121.8,9.59,85.28,High Value,High Risk
15814405,France,Female,46,0.0,1,12,3.54,123.83,0.0,0.0,125.8,0.02,0.09,Above Average,High Risk
15729359,France,Female,29,0.0,2,15,0.03,249.53,0.0,0.0,252.42,0.0,0.0,Low Value,High Risk
15606944,Germany,Male,43,140121.17,1,3,3.54,270.94,0.13,0.05,287.19,14.16,141.56,High Value,High Risk
15671934,Germany,Male,39,132906.88,1,2,0.03,242.68,0.0,0.0,265.36,0.04,0.18,Above Average,High Risk
15641773,Germany,Male,45,179334.83,2,3,0.03,253.08,0.0,0.0,268.35,0.0,0.01,Above Average,High Risk
15701972,France,Male,35,137179.39,1,4,0.03,282.49,0.0,0.0,294.99,0.0,0.0,Average,High Risk
15749114,Spain,Male,35,0.0,2,5,0.03,188.63,0.0,0.0,195.52,0.0,0.0,Below Average,High Risk
15780362,France,Female,49,119960.29,2,3,0.03,258.5,0.0,0.0,274.07,0.0,0.0,Average,High Risk
15753229,France,Male,29,127414.55,1,12,0.03,317.4,0.0,0.0,321.92,0.0,0.0,Low Value,High Risk
15656009,France,Female,36,0.0,1,2,0.03,219.23,0.0,0.0,239.92,0.0,0.0,Average,High Risk
15785024,France,Female,40,137409.19,1,3,3.54,266.0,0.13,0.05,281.99,13.9,138.99,High Value,High Risk
15670492,France,Male,28,0.0,2,3,0.03,219.53,0.0,0.0,232.96,0.0,0.0,Average,High Risk
15795458,Spain,Female,39,0.0,1,2,0.03,213.83,0.0,0.0,234.07,0.03,0.16,Above Average,High Risk
15732438,France,Male,43,0.0,4,2,1.57,166.73,0.23,0.13,182.98,24.41,216.79,High Value,High Risk
15781987,France,Male,31,112494.99,1,12,0.03,268.27,0.0,0.0,272.14,0.0,0.0,Low Value,High Risk
15775826,France,Male,30,78133.15,1,1,0.03,276.64,0.01,0.02,332.48,5.3,26.51,High Value,High Risk
15632538,Spain,Female,32,145553.07,1,7,0.03,275.09,0.0,0.0,281.94,0.0,0.0,Below Average,High Risk
15641389,Germany,Male,48,123593.22,2,1,1.57,274.3,0.34,0.12,329.7,40.96,240.89,High Value,Medium Risk
15626042,Spain,Female,26,0.0,2,3,0.03,205.43,0.0,0.0,218.09,0.0,0.01,Average,High Risk
15597109,France,Male,70,94416.78,1,1,0.03,287.9,0.01,0.02,345.82,5.51,27.57,High Value,High Risk
15756148,Spain,Male,45,91549.78,1,2,0.03,304.1,0.0,0.0,331.98,0.04,0.22,Above Average,High Risk
15665634,France,Female,38,59568.57,1,10,0.03,265.23,0.0,0.0,269.84,0.0,0.0,Low Value,High Risk
15739997,France,Female,23,94464.81,2,3,0.03,289.61,0.0,0.0,306.89,0.0,0.01,Above Average,High Risk
15686242,France,Female,57,0.0,1,1,1.57,238.48,0.34,0.12,287.26,35.69,209.88,High Value,Medium Risk
15759244,Germany,Male,44,95368.14,2,13,0.03,280.97,0.0,0.0,284.69,0.0,0.0,Low Value,High Risk
15672027,Germany,Female,33,102185.42,2,4,0.03,290.43,0.0,0.0,303.25,0.0,0.0,Below Average,High Risk
15707138,Spain,Male,39,0.0,2,8,0.03,202.13,0.0,0.0,206.66,0.0,0.0,Below Average,High Risk
15756954,France,Female,32,0.0,1,2,0.03,159.83,0.0,0.0,175.49,0.02,0.12,Above Average,High Risk
15619130,Germany,Female,37,113291.05,2,8,0.03,301.62,0.0,0.0,308.12,0.0,0.0,Below Average,High Risk
15686060,Germany,Male,43,111677.88,1,3,3.54,276.92,0.13,0.05,293.51,14.47,144.67,High Value,High Risk
15615753,Germany,Female,35,131101.04,1,11,0.03,256.09,0.0,0.0,260.14,0.0,0.0,Low Value,High Risk
15800961,Germany,Male,52,76101.81,2,1,0.03,263.97,0.01,0.02,317.45,5.06,25.31,High Value,High Risk
15672467,France,Female,52,92510.9,2,12,0.03,306.97,0.0,0.0,311.35,0.0,0.0,Low Value,High Risk
15752915,France,Female,34,0.0,2,3,0.03,144.83,0.0,0.0,154.16,0.0,0.0,Average,High Risk
15744695,France,Male,39,77652.4,1,7,0.03,281.7,0.0,0.0,288.7,0.0,0.0,Below Average,High Risk
15584897,France,Female,31,98360.03,1,1,0.03,266.78,0.0,0.0,320.79,0.36,1.79,Above Average,High Risk
15601857,Germany,Female,46,115518.07,1,1,1.57,287.65,0.34,0.12,345.52,42.92,252.45,High Value,Medium Risk
15674156,Germany,Male,69,27288.43,1,4,0.03,333.28,0.0,0.0,347.84,0.0,0.0,Average,High Risk
15695465,France,Female,36,0.0,1,2,0.03,189.83,0.0,0.0,208.03,0.0,0.0,Average,High Risk
15792232,Spain,Female,43,0.0,2,2,0.03,176.93,0.0,0.0,194.04,0.0,0.01,Average,High Risk
15807900,France,Male,36,0.0,1,10,2.76,170.93,0.0,0.0,174.04,0.14,0.71,Above Average,High Risk
15743760,France,Male,31,131996.66,2,10,0.03,332.04,0.0,0.0,337.7,0.0,0.0,Below Average,High Risk
15652835,Spain,Female,27,121580.42,1,2,0.03,202.19,0.0,0.0,221.44,0.03,0.15,Above Average,High Risk
15767818,France,Male,55,132436.34,1,3,0.03,275.31,0.0,0.0,291.8,0.0,0.0,Below Average,High Risk
15591150,Spain,Male,34,0.0,2,17,0.03,169.43,0.0,0.0,171.24,0.0,0.0,Low Value,High Risk
15734659,Germany,Female,46,107978.4,2,2,0.03,267.7,0.0,0.0,292.49,0.0,0.01,Above Average,High Risk
15796115,Germany,Female,40,78119.59,4,2,1.57,280.24,0.23,0.13,306.1,40.84,362.67,High Value,High Risk
15724648,France,Male,26,98684.15,1,2,0.03,292.6,0.0,0.0,319.5,0.0,0.0,Average,High Risk
15737732,France,Female,44,0.0,2,4,0.03,223.73,0.0,0.0,233.84,0.0,0.0,Below Average,High Risk
15632280,Spain,Female,53,0.0,1,3,3.54,165.38,0.13,0.05,175.84,8.67,86.67,High Value,High Risk
15795370,Germany,Male,37,131753.41,1,2,0.03,271.42,0.0,0.0,296.54,0.0,0.0,Average,High Risk
15656829,Spain,Female,33,0.0,2,2,0.03,171.53,0.0,0.0,188.18,0.0,0.0,Average,High Risk
15643794,Spain,Female,27,0.0,1,2,0.03,190.13,0.0,0.0,208.36,0.03,0.14,Above Average,High Risk
15798605,Germany,Male,26,57422.62,1,1,0.03,277.29,0.01,0.02,333.24,5.31,26.57,High Value,High Risk
15637324,France,Female,28,0.0,2,12,0.03,195.53,0.0,0.0,198.44,0.0,0.0,Low Value,High Risk
15589589,France,Male,34,144094.2,1,1,0.03,261.52,0.0,0.0,314.56,0.1,0.49,Above Average,High Risk
15778936,France,Male,33,147510.34,1,3,0.03,288.08,0.0,0.0,305.27,0.0,0.0,Average,High Risk
15757385,Spain,Female,28,161592.76,1,2,0.03,251.79,0.0,0.0,275.23,0.0,0.0,Average,High Risk
15666200,France,Female,40,0.0,2,1,0.03,205.13,0.01,0.02,247.73,3.95,19.75,High Value,High Risk
15683977,Spain,Female,72,0.0,2,6,0.03,232.03,0.0,0.0,238.9,0.0,0.0,Below Average,High Risk
15752984,France,Female,70,87542.89,2,15,0.03,320.4,0.0,0.0,324.03,0.0,0.0,Low Value,High Risk
15577913,France,Female,32,144581.96,1,11,0.03,272.94,0.0,0.0,277.24,0.0,0.0,Low Value,High Risk
15591980,France,Male,33,122568.05,2,8,0.03,302.44,0.0,0.0,308.96,0.0,0.0,Below Average,High Risk
15598948,Spain,Female,24,172231.93,1,7,0.03,235.71,0.0,0.0,241.66,0.0,0.0,Below Average,High Risk
15574142,Germany,Female,28,171932.26,2,3,0.03,216.2,0.0,0.0,229.45,0.0,0.01,Average,High Risk
15582903,France,Male,39,0.0,2,12,0.03,191.33,0.0,0.0,194.19,0.0,0.0,Low Value,High Risk
15733229,Spain,Female,34,0.0,2,3,0.03,189.83,0.0,0.0,201.63,0.0,0.0,Average,High Risk
15635752,Germany,Male,38,111798.06,2,6,0.03,281.43,0.0,0.0,289.62,0.0,0.0,Below Average,High Risk
15771000,France,Male,38,0.0,3,2,0.03,203.63,0.0,0.0,223.0,0.0,0.01,Above Average,High Risk
15804864,France,Female,27,79336.61,1,7,0.03,274.64,0.0,0.0,281.48,0.0,0.0,Below Average,High Risk
15641175,Germany,Male,63,120916.52,3,1,1.18,303.0,0.34,0.16,363.72,58.96,346.54,High Value,Medium Risk
15692226,France,Female,31,142905.51,1,4,0.03,289.07,0.0,0.0,301.83,0.0,0.0,Average,High Risk
15584156,Spain,Male,27,0.0,3,5,3.94,176.33,0.03,0.02,182.83,3.19,15.96,Above Average,High Risk
15606552,France,Male,37,105261.76,2,15,0.03,297.83,0.0,0.0,301.22,0.0,0.0,Low Value,High Risk
15687001,Germany,Male,54,123544.0,1,1,0.39,260.4,0.34,0.42,313.22,131.48,465.74,High Value,Medium Risk
15781903,Germany,Male,41,127913.71,2,3,0.03,251.13,0.0,0.0,266.29,0.0,0.01,Above Average,High Risk
15731951,Spain,Female,28,95328.6,1,1,1.97,281.57,0.34,0.1,338.31,34.08,200.49,High Value,Medium Risk
15580953,France,Male,30,73218.89,1,5,0.03,236.31,0.0,0.0,244.73,0.0,0.0,Below Average,High Risk
15810390,France,Female,41,0.0,2,1,0.39,213.83,0.34,0.42,258.04,108.32,465.74,High Value,Medium Risk
15628274,Germany,Male,35,149995.72,2,3,0.03,252.79,0.0,0.0,268.05,0.0,0.0,Average,High Risk
15615444,Germany,Male,28,123674.28,2,13,0.03,275.5,0.0,0.0,279.16,0.0,0.0,Low Value,High Risk
15571586,Spain,Male,29,159035.45,1,1,1.18,235.48,0.34,0.16,283.7,45.99,270.3,High Value,Medium Risk
15748616,France,Male,27,0.0,2,2,0.03,178.13,0.0,0.0,195.34,0.0,0.01,Average,High Risk
15769402,France,Male,27,156811.74,1,10,0.03,278.29,0.0,0.0,283.1,0.0,0.0,Low Value,High Risk
15739248,France,Male,52,0.0,2,6,0.03,219.03,0.0,0.0,225.56,0.0,0.0,Below Average,High Risk
15603481,Spain,Female,55,0.0,2,6,0.03,211.38,0.0,0.0,217.7,0.0,0.0,Below Average,High Risk
15723604,France,Male,39,150555.83,1,2,0.03,269.61,0.0,0.0,294.57,0.0,0.0,Average,High Risk
15797822,France,Male,28,109137.12,1,2,0.03,279.17,0.0,0.0,304.94,0.04,0.2,Above Average,High Risk
15665064,France,Male,36,158351.02,2,3,0.03,235.15,0.0,0.0,249.44,0.0,0.0,Average,High Risk
15640580,France,Female,47,0.0,1,3,0.03,193.43,0.0,0.0,205.43,0.0,0.0,Below Average,High Risk
15581089,Spain,Male,35,0.0,2,12,0.03,221.63,0.0,0.0,224.89,0.0,0.0,Low Value,High Risk
15728605,France,Male,40,0.0,2,6,0.03,207.53,0.0,0.0,213.75,0.0,0.0,Below Average,High Risk
15737385,Spain,Female,46,0.0,2,2,0.03,238.43,0.0,0.0,260.75,0.0,0.0,Average,High Risk
15714789,France,Male,24,0.0,1,10,0.03,197.63,0.0,0.0,201.17,0.0,0.0,Low Value,High Risk
15786035,France,Male,39,0.0,2,3,0.03,220.43,0.0,0.0,233.91,0.0,0.0,Below Average,High Risk
15815259,France,Female,56,0.0,2,3,0.03,256.43,0.0,0.0,271.89,0.0,0.01,Above Average,High Risk
15638047,Germany,Female,45,142765.24,2,3,0.03,261.46,0.0,0.0,277.19,0.0,0.0,Average,High Risk
15674573,France,Female,25,121172.97,1,5,0.03,290.37,0.0,0.0,300.54,0.0,0.0,Below Average,High Risk
15694859,Germany,Female,28,132932.14,2,17,0.03,302.38,0.0,0.0,305.42,0.0,0.0,Low Value,High Risk
15776404,France,Male,22,123374.46,1,11,0.03,233.49,0.0,0.0,237.21,0.0,0.0,Low Value,High Risk
15690733,Spain,Male,45,0.0,2,1,1.57,180.83,0.34,0.12,218.94,27.2,159.96,High Value,Medium Risk
15631481,France,Male,51,79563.36,2,13,0.03,276.81,0.0,0.0,280.48,0.0,0.0,Low Value,High Risk
15571529,Germany,Female,48,138232.24,1,2,0.03,272.34,0.0,0.0,297.53,0.0,0.0,Average,High Risk
15592104,France,Female,41,0.0,1,1,1.97,194.93,0.34,0.1,235.65,23.74,139.65,High Value,Medium Risk
15613787,Spain,Male,35,116932.59,1,2,0.03,227.73,0.0,0.0,249.14,0.0,0.0,Average,High Risk
15675983,France,Female,36,79551.12,1,4,0.03,281.26,0.0,0.0,293.71,0.0,0.0,Average,High Risk
15622370,Germany,Male,30,116416.94,1,1,0.03,320.1,0.01,0.02,383.98,6.12,30.61,High Value,High Risk
15656319,Spain,Male,37,88141.1,1,1,0.03,329.34,0.0,0.0,394.93,0.22,1.08,Above Average,High Risk
15605130,France,Male,32,177729.13,1,8,0.03,304.92,0.0,0.0,311.49,0.0,0.0,Below Average,High Risk
15672574,Spain,Female,32,0.0,1,7,0.03,253.43,0.0,0.0,259.79,0.0,0.0,Below Average,High Risk
15659355,Spain,Male,32,123912.78,2,10,0.03,277.92,0.0,0.0,282.72,0.0,0.0,Below Average,High Risk
15777907,France,Female,33,0.0,1,4,1.18,235.73,0.07,0.09,246.33,22.52,112.61,High Value,High Risk
15655171,France,Male,80,0.0,1,4,0.03,223.13,0.0,0.0,233.22,0.0,0.0,Average,High Risk
15619674,France,Female,35,108306.44,1,5,0.03,270.42,0.0,0.0,279.94,0.0,0.0,Below Average,High Risk
15775192,Germany,Female,48,102962.62,1,1,1.57,294.98,0.34,0.12,354.21,44.0,258.8,High Value,Medium Risk
15688951,Germany,Male,43,119654.44,2,13,3.15,313.08,0.0,0.0,317.19,0.02,0.11,Above Average,High Risk
15763460,France,Male,33,183768.47,1,3,0.03,283.24,0.0,0.0,300.17,0.0,0.0,Below Average,High Risk
15617454,France,Female,25,0.0,2,1,0.03,203.63,0.01,0.02,245.96,3.92,19.61,High Value,High Risk
15701932,France,Female,52,140900.97,1,8,0.03,255.77,0.0,0.0,261.36,0.0,0.0,Below Average,High Risk
15700813,Germany,Female,25,94049.92,2,2,0.03,231.38,0.0,0.0,253.1,0.0,0.01,Above Average,High Risk
15645600,Spain,Female,27,98926.4,1,11,0.03,296.81,0.0,0.0,301.45,0.0,0.0,Low Value,High Risk
15634146,Germany,Male,18,142872.36,1,2,0.03,328.06,0.0,0.0,357.97,0.05,0.24,Above Average,High Risk
15686743,Spain,Male,29,46057.96,2,5,0.03,307.02,0.0,0.0,317.72,0.0,0.0,Below Average,High Risk
15698792,France,Female,48,119769.77,1,8,0.03,277.69,0.0,0.0,283.72,0.0,0.0,Below Average,High Risk
15591724,France,Female,44,143244.97,1,1,0.03,245.58,0.0,0.0,295.67,0.09,0.46,Above Average,High Risk
15571281,France,Male,28,79562.98,1,14,0.03,268.96,0.0,0.0,272.28,0.0,0.0,Low Value,High Risk
15661380,France,Male,69,0.0,2,10,0.03,226.78,0.0,0.0,230.78,0.0,0.0,Low Value,High Risk
15618950,Spain,Male,26,96659.64,2,13,0.03,268.16,0.0,0.0,271.72,0.0,0.0,Low Value,High Risk
15735849,France,Female,26,165947.99,2,3,0.03,263.66,0.0,0.0,279.52,0.0,0.01,Above Average,High Risk
15652948,France,Male,33,92676.3,1,1,0.03,296.08,0.0,0.0,355.51,0.19,0.97,Above Average,High Risk
15618155,France,Male,45,83195.12,1,7,0.03,272.86,0.0,0.0,279.66,0.0,0.0,Below Average,High Risk
15566378,France,Male,48,129387.94,1,7,1.97,231.4,0.01,0.01,237.26,2.28,11.38,Above Average,High Risk
15565879,France,Female,28,0.0,2,15,0.03,251.93,0.0,0.0,254.85,0.0,0.0,Low Value,High Risk
15792922,Spain,Male,38,130233.14,1,12,0.03,268.65,0.0,0.0,272.52,0.0,0.0,Low Value,High Risk
15770567,France,Female,32,123502.53,1,4,0.03,243.69,0.0,0.0,254.61,0.0,0.0,Average,High Risk
15738042,Germany,Male,37,140894.06,2,13,0.03,240.37,0.0,0.0,243.6,0.0,0.0,Low Value,High Risk
15714920,Germany,Male,44,163867.86,1,10,0.03,253.98,0.0,0.0,258.41,0.0,0.0,Low Value,High Risk
15660636,Spain,Female,40,0.0,2,3,0.03,160.43,0.0,0.0,170.62,0.0,0.0,Average,High Risk
15664504,France,Male,35,0.0,2,12,0.03,123.83,0.0,0.0,125.8,0.0,0.0,Low Value,High Risk
15739847,Germany,Male,38,146756.68,1,1,0.03,332.74,0.0,0.0,398.96,0.12,0.62,Above Average,High Risk
15699415,France,Female,46,150213.71,1,2,2.36,263.3,0.22,0.09,287.72,26.23,233.24,High Value,High Risk
15665521,Germany,Male,18,111183.53,2,8,0.03,268.49,0.0,0.0,274.34,0.0,0.0,Below Average,High Risk
15682868,France,Female,40,99816.46,1,12,3.54,330.17,0.0,0.0,334.86,0.05,0.23,Above Average,High Risk
15584462,France,Male,34,0.0,1,3,0.03,220.13,0.0,0.0,233.6,0.0,0.0,Below Average,High Risk
15661708,France,Female,41,0.0,2,8,0.03,150.83,0.0,0.0,154.34,0.0,0.0,Below Average,High Risk
15584452,France,Male,41,0.0,2,2,0.03,198.53,0.0,0.0,217.47,0.0,0.0,Average,High Risk
15717010,France,Female,60,0.0,1,7,0.03,233.23,0.0,0.0,239.13,0.0,0.0,Below Average,High Risk
15643828,France,Male,29,0.0,2,12,0.03,176.03,0.0,0.0,178.68,0.0,0.0,Low Value,High Risk
15733361,Germany,Female,45,86714.06,1,2,2.36,269.54,0.22,0.09,294.49,26.85,238.73,High Value,High Risk
15581551,Spain,Male,41,132838.07,1,11,0.03,332.08,0.0,0.0,337.22,0.0,0.0,Low Value,High Risk
15632051,Germany,Female,42,128707.31,1,3,3.94,241.87,0.13,0.04,256.53,11.42,114.22,High Value,High Risk
15780409,France,Male,40,0.0,2,2,0.03,233.33,0.0,0.0,255.22,0.0,0.0,Average,High Risk
15590337,France,Male,29,123192.12,1,8,2.36,274.28,0.0,0.0,280.24,1.13,5.67,Above Average,High Risk
15634551,Germany,Male,46,115248.11,4,1,1.18,294.23,0.34,0.16,353.32,57.27,336.63,High Value,Medium Risk
15669290,France,Male,38,59360.77,1,11,0.03,252.61,0.0,0.0,256.61,0.0,0.0,Low Value,High Risk
15621140,Spain,Male,37,0.0,2,15,0.03,191.63,0.0,0.0,193.91,0.0,0.0,Low Value,High Risk
15613518,France,Female,35,112668.7,1,8,0.03,270.08,0.0,0.0,275.96,0.0,0.0,Below Average,High Risk
15728043,Germany,Female,37,138503.51,2,3,0.03,271.76,0.0,0.0,288.06,0.0,0.0,Average,High Risk
15570073,Spain,Male,57,0.0,1,1,0.03,223.48,0.01,0.02,269.48,4.3,21.49,High Value,High Risk
15777033,France,Male,29,0.0,2,12,0.03,155.63,0.0,0.0,158.02,0.0,0.0,Low Value,High Risk
15682454,France,Female,34,0.0,2,5,0.03,186.23,0.0,0.0,193.05,0.0,0.0,Below Average,High Risk
15758513,France,Male,43,0.0,2,3,0.03,169.13,0.0,0.0,179.8,0.0,0.0,Average,High Risk
15721715,France,Female,40,133871.05,1,12,0.03,307.83,0.0,0.0,312.22,0.0,0.0,Low Value,High Risk
15688563,Germany,Male,31,141989.27,2,1,0.03,285.72,0.0,0.0,343.24,0.19,0.94,Above Average,High Risk
15772009,France,Female,41,0.0,1,7,0.03,197.63,0.0,0.0,202.71,0.0,0.0,Below Average,High Risk
15809585,France,Male,38,0.0,2,3,0.03,192.23,0.0,0.0,204.17,0.0,0.0,Average,High Risk
15593778,France,Female,29,46388.16,3,1,1.18,303.77,0.34,0.16,364.62,59.1,347.4,High Value,Medium Risk
15655360,Germany,Female,72,148666.99,1,1,1.97,339.93,0.34,0.1,407.48,41.04,241.47,High Value,Medium Risk
15780909,Germany,Male,34,115101.5,1,2,2.76,306.82,0.22,0.08,334.93,26.37,234.51,High Value,High Risk
15757310,Germany,Male,67,148363.38,1,8,0.03,295.57,0.0,0.0,301.95,0.0,0.0,Below Average,High Risk
15801411,Spain,Male,46,0.0,1,1,1.57,185.33,0.34,0.12,224.27,27.86,163.86,High Value,Medium Risk
15761706,Spain,Female,39,144102.32,1,11,0.03,289.12,0.0,0.0,293.65,0.0,0.0,Low Value,High Risk
15658409,France,Male,41,128876.71,3,10,1.97,282.68,0.0,0.0,287.56,0.32,1.61,Above Average,High Risk
15810010,Germany,Male,36,118448.15,2,2,0.03,279.71,0.0,0.0,305.53,0.0,0.0,Average,High Risk
15627027,France,Male,39,0.0,2,8,0.03,219.83,0.0,0.0,224.71,0.0,0.0,Below Average,High Risk
15624374,France,Male,28,0.0,2,15,0.03,209.33,0.0,0.0,211.8,0.0,0.0,Low Value,High Risk
15720083,Spain,Male,42,0.0,2,1,0.03,164.63,0.01,0.02,199.74,3.18,15.92,Above Average,High Risk
15752294,France,Female,38,135979.01,4,20,3.54,251.83,0.0,0.0,254.01,0.0,0.0,Average,High Risk
15743193,France,Male,37,117271.8,2,2,2.36,269.45,0.22,0.09,294.39,26.84,238.65,High Value,High Risk
15696733,France,Male,29,0.0,1,1,0.03,215.63,0.0,0.0,260.18,0.14,0.71,Above Average,High Risk
15643523,Spain,Female,30,0.0,2,4,0.03,211.43,0.0,0.0,221.04,0.0,0.0,Below Average,High Risk
15624936,France,Male,35,129205.49,1,11,0.03,266.19,0.0,0.0,270.39,0.0,0.0,Low Value,High Risk
15716085,Spain,Female,41,0.0,1,2,3.15,220.13,0.22,0.07,240.9,16.69,148.45,High Value,High Risk
15641688,Spain,Male,18,0.0,1,10,2.76,191.63,0.0,0.0,195.07,0.16,0.79,Above Average,High Risk
15796834,Germany,Male,35,104015.54,2,12,0.03,271.05,0.0,0.0,274.95,0.0,0.0,Low Value,High Risk
15720123,Spain,Male,37,0.0,2,1,0.03,164.63,0.0,0.0,199.74,0.22,1.12,Above Average,High Risk
15604732,France,Female,30,0.0,2,3,0.03,143.33,0.0,0.0,152.58,0.0,0.0,Below Average,High Risk
15807120,Germany,Female,52,112383.03,1,1,1.18,330.76,0.34,0.16,396.62,64.29,377.88,High Value,Medium Risk
15810891,France,Male,34,117731.79,2,3,0.03,274.87,0.0,0.0,291.34,0.0,0.01,Above Average,High Risk
15778838,France,Male,38,114135.17,1,3,0.03,310.97,0.0,0.0,329.42,0.0,0.0,Average,High Risk
15709256,France,Female,28,0.0,2,15,0.03,253.43,0.0,0.0,256.36,0.0,0.0,Low Value,High Risk
15742285,France,Male,62,118756.62,1,8,0.03,259.03,0.0,0.0,264.69,0.0,0.0,Below Average,High Risk
15729019,Spain,Male,34,98382.72,1,2,0.03,255.68,0.0,0.0,279.45,0.0,0.0,Average,High Risk
15608588,Germany,Male,41,100520.92,1,2,0.79,244.12,0.23,0.25,266.92,66.52,465.74,High Value,High Risk
15610557,Spain,Female,35,79858.13,2,12,0.03,282.19,0.0,0.0,286.24,0.0,0.0,Low Value,High Risk
15786418,France,Female,20,0.0,1,8,0.03,162.23,0.0,0.0,165.96,0.0,0.0,Below Average,High Risk
15653050,Germany,Female,76,95052.29,1,3,0.03,323.05,0.0,0.0,342.16,0.0,0.0,Below Average,High Risk
15669611,France,Male,71,83116.68,1,4,0.03,289.8,0.0,0.0,302.6,0.0,0.0,Average,High Risk
15594786,Germany,Male,34,111565.91,1,10,0.03,307.52,0.0,0.0,312.79,0.0,0.0,Low Value,High Risk
15649211,Spain,Male,40,83015.71,1,2,0.03,286.35,0.0,0.0,312.72,0.0,0.0,Average,High Risk
15772216,France,Female,67,130652.52,1,1,0.03,319.62,0.01,0.02,383.41,6.11,30.57,High Value,High Risk
15619898,France,Male,55,0.0,2,8,0.03,240.18,0.0,0.0,245.46,0.0,0.0,Below Average,High Risk
15724543,France,Male,61,0.0,2,8,0.03,191.28,0.0,0.0,195.59,0.0,0.0,Below Average,High Risk
15755084,France,Male,37,121854.45,1,2,0.03,235.8,0.0,0.0,257.9,0.0,0.0,Average,High Risk
15730441,France,Male,26,0.0,2,17,0.03,151.13,0.0,0.0,152.77,0.0,0.0,Low Value,High Risk
15690456,Germany,Female,32,79523.13,1,10,0.03,298.36,0.0,0.0,303.49,0.0,0.0,Low Value,High Risk
15570533,Germany,Female,55,131033.76,1,10,2.76,269.54,0.0,0.0,274.21,0.22,1.12,Above Average,High Risk
15797692,France,Female,33,89939.62,1,2,0.03,272.18,0.0,0.0,297.35,0.0,0.0,Average,High Risk
15603135,Germany,Female,59,95727.05,1,1,1.18,276.34,0.34,0.16,332.13,53.84,316.44,High Value,Medium Risk
15698927,France,Male,39,0.0,2,12,0.03,200.93,0.0,0.0,203.91,0.0,0.0,Low Value,High Risk
15687363,France,Male,31,155047.56,2,5,0.03,309.11,0.0,0.0,319.88,0.0,0.0,Below Average,High Risk
15733444,France,Female,29,0.0,2,3,0.03,219.23,0.0,0.0,232.65,0.0,0.0,Below Average,High Risk
15678057,France,Male,44,118569.03,2,4,0.03,233.52,0.0,0.0,244.03,0.0,0.0,Below Average,High Risk
15806918,France,Male,28,0.0,1,7,0.03,200.63,0.0,0.0,205.78,0.0,0.0,Below Average,High Risk
15638247,Spain,Male,44,0.0,2,3,0.03,208.43,0.0,0.0,221.26,0.0,0.0,Below Average,High Risk
15812534,France,Male,40,0.0,3,2,0.03,134.93,0.0,0.0,148.48,0.21,1.04,Above Average,High Risk
15615931,France,Female,37,0.0,2,6,0.03,222.23,0.0,0.0,228.84,0.0,0.0,Below Average,High Risk
15664860,Spain,Female,47,0.0,2,1,1.18,206.03,0.34,0.16,248.8,40.33,237.05,High Value,Medium Risk
15664539,Spain,Male,35,61172.04,1,3,0.03,276.81,0.0,0.0,293.39,0.0,0.0,Average,High Risk
15693131,France,Female,24,95508.2,1,4,0.03,249.18,0.0,0.0,260.32,0.0,0.0,Average,High Risk
15779973,Germany,Male,35,99967.76,1,4,0.03,280.38,0.0,0.0,292.79,0.0,0.0,Average,High Risk
15620557,Spain,Male,37,101470.29,1,5,0.03,243.58,0.0,0.0,252.24,0.0,0.0,Below Average,High Risk
15639549,Germany,Female,33,70541.06,1,1,0.03,288.26,0.0,0.0,346.24,0.19,0.95,Above Average,High Risk
15618750,France,Male,31,112211.61,1,2,0.03,252.95,0.0,0.0,276.5,0.0,0.0,Average,High Risk
15796790,France,Female,47,154543.98,1,2,0.03,249.99,0.0,0.0,273.28,0.0,0.0,Average,High Risk
15665158,Spain,Male,27,137275.36,1,1,0.03,321.2,0.01,0.02,385.28,6.14,30.72,High Value,High Risk
15689322,Spain,Male,31,153316.14,1,1,0.03,270.33,0.0,0.0,325.0,0.36,1.82,Above Average,High Risk
15596624,France,Female,22,0.0,2,15,0.03,197.03,0.0,0.0,199.37,0.0,0.0,Low Value,High Risk
15601977,Spain,Male,44,121250.04,1,2,0.03,225.57,0.0,0.0,246.8,0.03,0.17,Above Average,High Risk
15801462,France,Male,31,109578.04,2,13,0.03,290.6,0.0,0.0,294.43,0.0,0.0,Low Value,High Risk
15566139,France,Female,37,53573.18,1,1,0.03,228.83,0.0,0.0,275.81,0.09,0.43,Above Average,High Risk
15791006,Germany,Female,34,58003.41,1,2,0.03,299.56,0.0,0.0,327.05,0.0,0.0,Average,High Risk
15668057,France,Female,31,113000.66,1,2,0.03,276.7,0.0,0.0,302.26,0.0,0.0,Average,High Risk
15580805,France,Male,27,0.0,2,4,0.03,194.93,0.0,0.0,203.87,0.0,0.0,Below Average,High Risk
15613048,Germany,Female,40,139973.65,1,7,1.97,271.83,0.01,0.01,278.6,2.67,13.36,Above Average,High Risk
15803654,France,Female,31,151290.16,1,2,0.03,314.95,0.0,0.0,343.74,0.05,0.23,Above Average,High Risk
15662337,Germany,Female,50,121498.11,2,1,0.39,299.68,0.34,0.42,359.78,151.02,465.74,High Value,Medium Risk
15650924,Spain,Female,32,103515.39,2,6,0.03,303.72,0.0,0.0,312.5,0.0,0.0,Below Average,High Risk
15647203,France,Female,35,0.0,1,1,0.03,223.43,0.0,0.0,269.42,0.3,1.51,Above Average,High Risk
15682778,France,Male,34,0.0,2,15,0.03,202.43,0.0,0.0,204.83,0.0,0.0,Low Value,High Risk
15579820,Spain,Male,38,106687.76,1,2,0.03,286.82,0.0,0.0,313.23,0.0,0.0,Average,High Risk
15709354,France,Female,41,0.0,2,3,0.03,154.73,0.0,0.0,164.61,0.0,0.0,Average,High Risk
15728480,France,Female,35,0.0,2,13,0.03,134.03,0.0,0.0,135.97,0.0,0.0,Low Value,High Risk
15641091,France,Female,31,106089.2,1,1,0.03,284.08,0.0,0.0,341.29,0.11,0.53,Above Average,High Risk
15603111,Spain,Male,71,69608.14,1,3,3.94,354.02,0.13,0.04,374.84,16.69,166.9,High Value,High Risk
15679693,France,Male,31,0.0,2,8,0.03,185.93,0.0,0.0,190.13,0.0,0.0,Below Average,High Risk
15797190,Germany,Female,40,96202.32,1,2,0.03,257.33,0.0,0.0,281.25,0.0,0.0,Average,High Risk
15646168,Spain,Male,33,0.0,2,2,0.03,248.63,0.0,0.0,271.81,0.0,0.01,Above Average,High Risk
15726720,France,Female,40,0.0,1,2,2.76,142.43,0.22,0.08,156.62,12.33,109.66,High Value,High Risk
15735799,Germany,Male,58,137318.42,1,4,0.03,245.4,0.0,0.0,256.39,0.0,0.0,Average,High Risk
15773098,Spain,Male,34,0.0,2,2,0.03,248.63,0.0,0.0,271.81,0.0,0.01,Above Average,High Risk
15668971,France,Female,40,55776.39,2,1,0.03,246.19,0.0,0.0,296.39,0.16,0.81,Above Average,High Risk
15603221,Germany,Male,32,84421.62,1,5,0.03,282.86,0.0,0.0,292.78,0.0,0.0,Below Average,High Risk
15740043,France,Male,32,83161.65,1,7,0.03,255.76,0.0,0.0,262.16,0.0,0.0,Below Average,High Risk
15712264,France,Female,39,0.0,2,17,0.03,212.33,0.0,0.0,214.53,0.0,0.0,Low Value,High Risk
15751926,Germany,Male,42,87807.29,2,5,0.03,320.62,0.0,0.0,331.76,0.0,0.0,Below Average,High Risk
15589401,France,Female,30,0.0,2,1,0.03,163.43,0.0,0.0,198.32,0.11,0.54,Above Average,High Risk
15742019,France,Female,39,0.0,2,2,0.03,200.93,0.0,0.0,220.07,0.0,0.0,Average,High Risk
15660611,Spain,Male,39,0.0,2,5,0.03,222.83,0.0,0.0,230.83,0.0,0.0,Below Average,High Risk
15607634,Germany,Male,40,95293.86,2,15,0.03,256.66,0.0,0.0,259.63,0.0,0.0,Low Value,High Risk
15595036,Germany,Male,30,92847.59,1,2,0.03,292.49,0.0,0.0,319.39,0.0,0.0,Average,High Risk
15745794,France,Male,30,0.0,2,10,0.03,162.53,0.0,0.0,165.51,0.0,0.0,Low Value,High Risk
15781689,Spain,Male,35,0.0,2,2,0.03,225.83,0.0,0.0,247.08,0.0,0.01,Above Average,High Risk
15696054,France,Male,37,0.0,1,2,0.03,177.23,0.0,0.0,194.37,0.03,0.13,Above Average,High Risk
15752467,Spain,Male,34,0.0,2,5,0.03,214.43,0.0,0.0,222.15,0.0,0.0,Below Average,High Risk
15597739,France,Male,37,0.0,1,1,0.03,200.63,0.0,0.0,242.4,0.27,1.35,Above Average,High Risk
15651336,France,Female,32,0.0,2,1,0.03,225.23,0.0,0.0,271.55,0.15,0.74,Above Average,High Risk
15636061,Germany,Male,78,68345.86,2,6,0.03,302.35,0.0,0.0,311.1,0.0,0.0,Below Average,High Risk
15723013,Germany,Male,28,76656.4,2,12,0.03,257.31,0.0,0.0,261.04,0.0,0.0,Low Value,High Risk
15784148,France,Male,62,0.0,2,3,0.03,206.33,0.0,0.0,219.04,0.0,0.0,Below Average,High Risk
15578098,France,Male,31,0.0,2,13,0.03,178.43,0.0,0.0,180.91,0.0,0.0,Low Value,High Risk
15720924,France,Female,34,0.0,1,1,0.03,173.93,0.01,0.02,210.76,3.36,16.8,Above Average,High Risk
15566531,Germany,Male,33,88046.88,1,5,1.57,291.54,0.03,0.04,301.74,12.53,62.63,High Value,High Risk
15605067,France,Male,19,0.0,2,3,0.03,140.03,0.0,0.0,149.1,0.0,0.0,Below Average,High Risk
15607301,Spain,Female,63,129968.67,1,11,0.03,288.48,0.0,0.0,293.0,0.0,0.0,Low Value,High Risk
15694628,Germany,Female,39,157731.6,2,1,0.03,284.02,0.0,0.0,341.23,0.19,0.93,Above Average,High Risk
15607112,France,Male,32,0.0,2,10,0.03,180.23,0.0,0.0,183.49,0.0,0.0,Low Value,High Risk
15635775,France,Male,33,89276.48,1,1,0.03,308.73,0.0,0.0,370.5,0.41,2.07,Above Average,High Risk
15644280,France,Male,45,138825.19,1,1,0.03,255.27,0.0,0.0,307.15,0.17,0.84,Above Average,High Risk
15708362,France,Male,63,103729.79,2,6,0.03,329.58,0.0,0.0,339.06,0.0,0.0,Below Average,High Risk
15771997,France,Female,31,75499.24,1,3,0.03,310.61,0.0,0.0,329.05,0.0,0.0,Below Average,High Risk
15730579,France,Male,68,169445.4,1,7,0.03,356.2,0.0,0.0,364.9,0.0,0.0,Below Average,High Risk
15728005,France,Female,57,111359.55,2,3,0.03,294.05,0.0,0.0,311.58,0.0,0.0,Average,High Risk
15791674,France,Female,34,142388.61,2,17,3.94,331.34,0.0,0.0,334.65,0.0,0.0,Average,High Risk
15754599,France,Male,42,123311.39,2,6,0.03,306.08,0.0,0.0,314.93,0.0,0.0,Below Average,High Risk
15693690,Spain,Male,52,115532.52,1,2,0.03,250.85,0.0,0.0,274.22,0.0,0.0,Average,High Risk
15728963,Germany,Female,51,167273.71,1,3,3.94,264.97,0.13,0.04,280.89,12.51,125.07,High Value,High Risk
15659710,France,Male,25,77886.53,2,2,0.03,247.82,0.0,0.0,270.93,0.0,0.01,Above Average,High Risk
15658675,Germany,Male,37,135795.63,1,8,0.03,290.23,0.0,0.0,296.5,0.0,0.0,Below Average,High Risk
15638788,France,Male,32,97514.07,1,11,0.03,240.02,0.0,0.0,243.84,0.0,0.0,Low Value,High Risk
15609735,Germany,Male,51,127545.56,2,2,2.36,237.96,0.22,0.09,260.23,23.73,210.96,High Value,High Risk
15771477,France,Male,49,106160.37,1,3,0.03,309.28,0.0,0.0,327.64,0.0,0.0,Average,High Risk
15797149,Spain,Female,36,143680.47,2,6,0.03,246.5,0.0,0.0,253.76,0.0,0.0,Below Average,High Risk
15636912,Spain,Male,38,124483.53,1,1,0.03,280.05,0.0,0.0,336.51,0.38,1.88,Above Average,High Risk
15687828,Spain,Female,31,86006.3,1,7,0.03,267.38,0.0,0.0,274.05,0.0,0.0,Below Average,High Risk
15667424,Germany,Female,43,111094.05,2,12,0.03,280.49,0.0,0.0,284.52,0.0,0.0,Low Value,High Risk
15759872,France,Male,22,0.0,2,3,0.03,185.93,0.0,0.0,197.52,0.0,0.0,Below Average,High Risk
15572374,Spain,Male,36,0.0,2,1,0.03,218.33,0.01,0.02,263.38,4.2,21.0,High Value,High Risk
15754926,France,Female,30,0.0,2,2,0.03,152.03,0.0,0.0,167.03,0.0,0.0,Average,High Risk
15687431,France,Female,41,115171.71,1,10,0.03,268.73,0.0,0.0,273.39,0.0,0.0,Low Value,High Risk
15604515,Germany,Female,22,111543.26,2,4,0.03,297.01,0.0,0.0,310.1,0.0,0.0,Below Average,High Risk
15682839,France,Female,57,137936.94,1,11,0.03,258.58,0.0,0.0,262.67,0.0,0.0,Low Value,High Risk
15624677,Germany,Female,37,122304.65,2,1,0.03,239.43,0.0,0.0,288.38,0.32,1.61,Above Average,High Risk
15646366,Germany,Male,41,120586.54,1,11,0.03,232.73,0.0,0.0,236.45,0.0,0.0,Low Value,High Risk
15701768,France,Male,32,0.0,2,5,0.03,189.53,0.0,0.0,196.45,0.0,0.0,Below Average,High Risk
15623566,France,Male,40,46520.69,1,12,0.03,284.28,0.0,0.0,288.36,0.0,0.0,Low Value,High Risk
15681274,Spain,Female,56,105473.74,1,2,0.03,300.84,0.0,0.0,328.44,0.04,0.22,Above Average,High Risk
15762573,Spain,Female,34,0.0,2,3,0.03,202.43,0.0,0.0,214.93,0.0,0.0,Average,High Risk
15706458,Germany,Male,39,115730.71,3,10,1.97,319.76,0.0,0.0,325.23,0.36,1.82,Above Average,High Risk
15654222,Spain,Male,30,145396.49,1,4,0.03,304.78,0.0,0.0,318.18,0.0,0.0,Average,High Risk
15704053,Spain,Male,62,131078.42,2,1,1.18,304.99,0.34,0.16,366.07,59.34,348.78,High Value,Medium Risk
15724321,Germany,Female,47,128298.74,1,3,3.54,231.65,0.13,0.05,245.74,12.11,121.13,High Value,High Risk
15621815,France,Female,40,165526.71,1,2,0.03,319.45,0.0,0.0,348.62,0.0,0.01,Average,High Risk
15724876,France,Female,38,83714.41,1,7,0.03,242.0,0.0,0.0,248.09,0.0,0.0,Below Average,High Risk
15696588,France,Female,36,0.0,2,5,0.03,202.13,0.0,0.0,209.46,0.0,0.0,Below Average,High Risk
15612832,France,Male,32,125540.05,1,2,0.03,234.5,0.0,0.0,256.49,0.0,0.0,Average,High Risk
15804295,France,Male,41,100254.76,2,3,0.03,220.7,0.0,0.0,234.2,0.0,0.01,Average,High Risk
15712536,France,Female,36,0.0,2,1,1.18,185.93,0.34,0.16,224.98,36.47,214.35,High Value,Medium Risk
15662494,Spain,Male,43,138150.57,1,10,0.03,309.24,0.0,0.0,314.54,0.0,0.0,Low Value,High Risk
15807728,France,Female,45,0.0,1,1,0.39,157.43,0.34,0.42,191.21,80.26,465.74,High Value,Medium Risk
15764916,Germany,Female,43,95984.21,1,10,2.76,259.71,0.0,0.0,264.23,0.22,1.08,Above Average,High Risk
15615330,France,Male,23,0.0,2,17,0.03,193.73,0.0,0.0,195.76,0.0,0.0,Low Value,High Risk
15638487,Germany,Male,38,136858.42,1,2,0.03,253.08,0.0,0.0,276.64,0.04,0.19,Above Average,High Risk
15627859,Germany,Male,29,102609.0,1,2,0.03,257.46,0.0,0.0,281.39,0.0,0.0,Average,High Risk
15622192,Spain,Male,39,0.0,2,5,0.03,215.63,0.0,0.0,223.39,0.0,0.0,Below Average,High Risk
15789413,France,Male,64,0.0,2,5,0.03,235.83,0.0,0.0,244.24,0.0,0.0,Below Average,High Risk
15583221,Germany,Male,70,77356.92,2,5,0.03,298.57,0.0,0.0,309.01,0.0,0.0,Below Average,High Risk
15768495,France,Female,32,110923.15,2,13,3.15,285.88,0.0,0.0,289.66,0.02,0.1,Above Average,High Risk
15644103,Spain,Male,78,151675.65,1,2,0.03,310.66,0.0,0.0,339.1,0.05,0.23,Above Average,High Risk
15741197,Spain,Male,22,0.0,3,4,0.03,211.43,0.0,0.0,221.04,0.0,0.0,Below Average,High Risk
15664547,France,Male,37,0.0,1,2,2.76,226.43,0.22,0.08,247.73,19.5,173.46,High Value,High Risk
15797293,France,Female,25,0.0,2,1,0.03,201.53,0.0,0.0,243.47,0.27,1.36,Above Average,High Risk
15572021,Germany,Female,29,80204.11,2,3,0.03,313.12,0.0,0.0,331.69,0.0,0.0,Average,High Risk
15637461,France,Male,35,0.0,2,3,0.03,225.83,0.0,0.0,239.61,0.0,0.0,Average,High Risk
15620577,France,Male,45,0.0,2,6,0.03,212.93,0.0,0.0,219.29,0.0,0.0,Below Average,High Risk
15609643,Germany,Male,32,115587.49,2,15,0.03,301.75,0.0,0.0,305.19,0.0,0.0,Low Value,High Risk
15785358,Germany,Male,46,106968.96,1,11,3.15,251.44,0.0,0.0,255.42,0.09,0.43,Above Average,High Risk
15603883,France,Male,36,0.0,2,6,0.03,243.83,0.0,0.0,251.02,0.0,0.0,Below Average,High Risk
15775761,Germany,Female,69,86038.21,3,2,1.97,280.93,0.23,0.11,306.85,33.24,295.37,High Value,High Risk
15680201,Germany,Male,24,102773.2,2,2,1.97,263.47,0.23,0.11,287.91,31.18,277.14,High Value,High Risk
15767594,France,Female,35,0.0,2,13,0.03,158.33,0.0,0.0,160.56,0.0,0.0,Low Value,High Risk
15591985,France,Female,51,70754.18,1,11,3.15,286.53,0.0,0.0,291.02,0.1,0.49,Above Average,High Risk
15789339,France,Male,59,122781.51,1,5,0.03,292.1,0.0,0.0,302.33,0.0,0.0,Below Average,High Risk
15781530,France,Male,21,0.0,2,13,0.03,205.43,0.0,0.0,208.24,0.0,0.0,Low Value,High Risk
15705174,Germany,Male,68,153545.11,1,10,0.03,297.34,0.0,0.0,302.46,0.0,0.0,Low Value,High Risk
15572114,Spain,Male,40,121629.22,1,1,0.03,278.39,0.01,0.02,334.55,5.33,26.67,High Value,High Risk
15804009,Germany,Male,36,167983.17,2,13,0.03,320.44,0.0,0.0,324.64,0.0,0.0,Low Value,High Risk
15662698,Spain,Female,43,81153.82,1,10,2.76,268.19,0.0,0.0,272.85,0.22,1.11,Above Average,High Risk
15696047,France,Male,35,99760.84,1,8,0.03,225.47,0.0,0.0,230.46,0.0,0.0,Below Average,High Risk
15701160,Germany,Female,43,125890.72,1,5,0.03,243.52,0.0,0.0,252.18,0.0,0.0,Below Average,High Risk
15736778,Germany,Female,60,72948.58,2,1,0.03,327.68,0.01,0.02,392.96,6.27,31.33,High Value,High Risk
15734917,Germany,Male,21,133974.36,2,3,0.03,289.54,0.0,0.0,306.81,0.0,0.0,Average,High Risk
15569526,France,Male,40,98627.13,2,4,0.03,255.39,0.0,0.0,266.79,0.0,0.0,Below Average,High Risk
15777067,France,Male,64,136770.67,1,2,0.03,228.27,0.0,0.0,249.73,0.03,0.17,Above Average,High Risk
15795511,Germany,Male,39,95252.72,1,1,0.03,314.86,0.0,0.0,377.77,0.21,1.03,Above Average,High Risk
15610419,France,Male,33,117413.95,1,4,0.03,242.46,0.0,0.0,253.32,0.0,0.0,Average,High Risk
15644994,Germany,Male,54,137986.58,2,6,1.57,296.53,0.02,0.02,305.13,6.93,34.64,High Value,High Risk
15703707,France,Male,44,143571.52,1,3,0.03,274.4,0.0,0.0,290.84,0.0,0.0,Below Average,High Risk
15659327,France,Male,49,121197.64,1,1,1.97,232.47,0.34,0.1,280.13,28.22,166.01,High Value,Medium Risk
15771323,Spain,Male,39,121626.9,1,7,0.03,220.49,0.0,0.0,226.09,0.0,0.0,Below Average,High Risk
15750549,Germany,Male,30,84440.1,2,1,0.03,272.06,0.01,0.02,327.05,5.21,26.07,High Value,High Risk
15698462,France,Male,36,0.0,2,6,0.03,158.03,0.0,0.0,162.93,0.0,0.0,Below Average,High Risk
15744041,France,Female,26,140356.7,1,1,0.03,311.45,0.0,0.0,373.72,0.42,2.09,Above Average,High Risk
15700714,France,Male,29,0.0,2,12,0.03,222.53,0.0,0.0,225.8,0.0,0.0,Low Value,High Risk
15777743,France,Female,39,92224.56,1,4,0.03,286.15,0.0,0.0,298.79,0.0,0.0,Average,High Risk
15623143,France,Female,43,0.0,2,3,0.03,218.03,0.0,0.0,231.38,0.0,0.0,Below Average,High Risk
15712568,Spain,Male,40,121355.99,1,3,0.03,230.98,0.0,0.0,245.04,0.0,0.0,Below Average,High Risk
15617432,Germany,Female,40,109003.26,1,12,0.03,320.56,0.0,0.0,325.12,0.0,0.0,Low Value,High Risk
15650424,France,Female,48,147341.43,1,4,1.18,270.07,0.07,0.09,282.06,25.79,128.95,High Value,High Risk
15728829,France,Male,18,102983.91,1,2,0.03,228.08,0.0,0.0,249.52,0.0,0.0,Average,High Risk
15680430,Germany,Female,49,96252.98,2,1,0.03,255.23,0.0,0.0,307.1,0.17,0.84,Above Average,High Risk
15687626,France,Male,39,0.0,2,1,1.57,156.53,0.34,0.12,190.14,23.62,138.92,High Value,Medium Risk
15609187,France,Female,27,155879.09,2,2,0.03,214.65,0.0,0.0,234.95,0.0,0.01,Above Average,High Risk
15609521,Germany,Male,34,142929.16,2,6,0.03,318.47,0.0,0.0,327.65,0.0,0.0,Below Average,High Risk
15752626,France,Male,32,64082.09,1,10,0.03,238.12,0.0,0.0,242.29,0.0,0.0,Low Value,High Risk
15571756,France,Female,28,0.0,1,1,0.03,215.63,0.0,0.0,260.18,0.08,0.41,Above Average,High Risk
15814040,France,Female,45,0.0,2,1,0.03,181.43,0.01,0.02,219.65,3.5,17.51,High Value,High Risk
15658211,Spain,Female,39,0.0,2,3,0.03,166.13,0.0,0.0,176.63,0.0,0.0,Average,High Risk
15742091,Germany,Female,35,118336.95,1,2,2.36,323.81,0.22,0.09,353.36,32.22,286.45,High Value,High Risk
15787168,Spain,Female,28,168253.21,1,11,0.03,324.35,0.0,0.0,329.39,0.0,0.0,Low Value,High Risk
15659364,Spain,Male,23,164902.43,1,1,0.03,284.02,0.0,0.0,341.22,0.11,0.53,Above Average,High Risk
15794236,Germany,Male,22,111812.52,2,17,0.03,268.53,0.0,0.0,271.25,0.0,0.0,Low Value,High Risk
15721383,Spain,Male,40,0.0,2,17,0.03,186.53,0.0,0.0,188.49,0.0,0.0,Low Value,High Risk
15652981,Germany,Male,30,119755.0,1,2,0.03,256.39,0.0,0.0,280.23,0.04,0.19,Above Average,High Risk
15640507,Spain,Female,35,119349.69,3,6,1.18,304.97,0.02,0.03,313.78,9.26,46.28,High Value,High Risk
15578878,Spain,Female,30,139528.23,1,4,0.03,248.11,0.0,0.0,259.2,0.0,0.0,Average,High Risk
15776558,France,Male,31,108345.22,1,1,0.03,277.62,0.01,0.02,333.64,5.32,26.6,High Value,High Risk
15596136,France,Female,36,166939.88,1,12,0.03,269.7,0.0,0.0,273.59,0.0,0.0,Low Value,High Risk
15704597,France,Male,33,174571.36,1,10,0.03,272.1,0.0,0.0,276.81,0.0,0.0,Low Value,High Risk
15648272,Spain,Male,35,71829.34,1,12,0.03,270.38,0.0,0.0,274.28,0.0,0.0,Low Value,High Risk
15594915,France,Female,36,0.0,2,13,0.03,193.13,0.0,0.0,195.79,0.0,0.0,Low Value,High Risk
15581115,France,Female,39,76769.68,1,3,0.03,254.32,0.0,0.0,269.67,0.0,0.0,Average,High Risk
15705994,Spain,Male,27,0.0,1,3,0.03,212.03,0.0,0.0,225.05,0.0,0.0,Below Average,High Risk
15772421,Germany,Female,31,128927.93,1,1,0.03,270.38,0.01,0.02,325.06,5.18,25.92,High Value,High Risk
15711572,Germany,Female,31,110941.93,2,3,0.03,287.38,0.0,0.0,304.54,0.0,0.0,Average,High Risk
15691170,Spain,Female,29,99250.08,1,14,0.03,252.14,0.0,0.0,255.26,0.0,0.0,Low Value,High Risk
15745431,France,Male,34,0.0,2,12,0.03,179.63,0.0,0.0,182.33,0.0,0.0,Low Value,High Risk
15649508,Spain,Male,48,0.0,2,3,0.03,191.33,0.0,0.0,203.22,0.0,0.0,Average,High Risk
15812611,Spain,Female,30,0.0,2,8,0.03,205.43,0.0,0.0,210.02,0.0,0.0,Below Average,High Risk
15619699,France,Male,31,0.0,1,2,0.03,165.83,0.0,0.0,182.0,0.0,0.0,Average,High Risk
15762762,Germany,Female,45,118886.55,1,1,0.03,270.74,0.0,0.0,325.48,0.1,0.51,Above Average,High Risk
15629793,Spain,Male,28,156823.7,2,3,0.03,273.79,0.0,0.0,290.2,0.0,0.0,Average,High Risk
15781298,Germany,Male,39,124216.93,1,4,0.03,319.03,0.0,0.0,333.01,0.0,0.0,Average,High Risk
15658980,Germany,Male,26,128793.63,1,3,0.03,290.17,0.0,0.0,307.48,0.0,0.0,Average,High Risk
15701936,Germany,Male,28,126315.26,1,3,3.94,216.84,0.13,0.04,230.13,10.25,102.47,High Value,High Risk
15686917,Spain,Female,40,0.0,2,1,0.03,235.13,0.0,0.0,283.29,0.15,0.77,Above Average,High Risk
15807312,Spain,Male,33,0.0,2,8,0.03,179.03,0.0,0.0,183.1,0.0,0.0,Below Average,High Risk
15574523,France,Male,39,0.0,2,1,0.03,171.23,0.01,0.02,207.56,3.31,16.55,Above Average,High Risk
15724200,France,Male,38,115341.55,1,1,0.03,251.34,0.01,0.02,302.49,4.82,24.12,High Value,High Risk
15738224,France,Male,32,99162.29,1,2,0.03,253.03,0.0,0.0,276.58,0.0,0.0,Average,High Risk
15593283,Germany,Female,48,156848.13,2,1,0.39,289.69,0.34,0.42,347.94,146.05,465.74,High Value,Medium Risk
15814690,Germany,Female,64,105736.32,1,2,0.79,271.56,0.23,0.25,296.68,73.94,465.74,High Value,High Risk
15799358,France,Female,46,62212.29,1,8,2.36,226.82,0.0,0.0,231.84,0.94,4.69,Above Average,High Risk
15777958,France,Male,39,0.0,2,17,0.03,174.53,0.0,0.0,176.38,0.0,0.0,Low Value,High Risk
15809124,France,Male,38,151532.4,1,7,0.03,302.96,0.0,0.0,310.44,0.0,0.0,Below Average,High Risk
15687385,France,Male,41,0.0,1,7,0.03,143.63,0.0,0.0,147.48,0.0,0.0,Below Average,High Risk
15607877,Spain,Male,26,0.0,2,13,0.03,171.23,0.0,0.0,173.62,0.0,0.0,Low Value,High Risk
15736327,Germany,Female,46,68238.51,2,1,0.03,242.74,0.01,0.02,292.3,4.66,23.3,High Value,High Risk
15746704,Spain,Male,30,136808.53,2,15,0.03,268.68,0.0,0.0,271.77,0.0,0.0,Low Value,High Risk
15588456,France,Female,40,143566.12,1,7,0.03,275.0,0.0,0.0,281.84,0.0,0.0,Below Average,High Risk
15664035,Spain,Female,38,0.0,2,15,0.03,175.43,0.0,0.0,177.54,0.0,0.0,Low Value,High Risk
15596405,Spain,Male,25,127728.24,2,12,0.03,240.62,0.0,0.0,244.12,0.0,0.0,Low Value,High Risk
15815097,France,Female,34,0.0,2,3,0.03,179.33,0.0,0.0,190.56,0.0,0.0,Below Average,High Risk
15762708,Spain,Female,38,119658.49,1,14,0.03,262.08,0.0,0.0,265.32,0.0,0.0,Low Value,High Risk
15776211,France,Female,34,0.0,2,10,0.03,201.83,0.0,0.0,205.43,0.0,0.0,Low Value,High Risk
15626012,France,Male,26,149879.66,1,1,0.03,215.58,0.0,0.0,260.12,0.14,0.71,Above Average,High Risk
15792077,Germany,Male,28,119859.52,2,3,0.03,277.69,0.0,0.0,294.32,0.0,0.0,Average,High Risk
15718765,Spain,Male,43,104533.24,1,2,2.36,225.78,0.22,0.09,247.03,22.52,200.25,High Value,High Risk
15576615,Spain,Male,37,145382.61,1,3,0.03,293.38,0.0,0.0,310.87,0.0,0.0,Below Average,High Risk
15752650,Spain,Female,37,121231.39,1,8,0.03,280.77,0.0,0.0,286.86,0.0,0.0,Below Average,High Risk
15797502,Spain,Male,24,141078.57,1,2,0.03,289.28,0.0,0.0,315.9,0.04,0.21,Above Average,High Risk
15779423,France,Male,39,70657.61,2,1,0.03,287.67,0.01,0.02,345.55,5.51,27.55,High Value,High Risk
15619514,Germany,Male,40,120105.43,1,1,1.18,228.51,0.34,0.16,275.43,44.65,262.43,High Value,Medium Risk
15615430,Germany,Male,55,129646.91,1,5,1.57,286.57,0.03,0.04,296.61,12.31,61.56,High Value,High Risk
15716431,France,Female,30,191091.74,2,17,0.03,312.0,0.0,0.0,315.13,0.0,0.0,Low Value,High Risk
15798341,France,Male,38,0.0,1,11,0.03,161.63,0.0,0.0,164.32,0.0,0.0,Low Value,High Risk
15651958,France,Male,27,0.0,2,13,0.03,225.23,0.0,0.0,228.28,0.0,0.0,Low Value,High Risk
15726179,Germany,Female,43,131433.33,2,8,1.97,304.11,0.0,0.0,310.66,1.49,7.47,Above Average,High Risk
15652999,Germany,Male,33,137937.95,1,1,0.03,299.93,0.01,0.02,360.08,5.74,28.71,High Value,High Risk
15691950,France,Male,49,0.0,2,1,0.03,175.73,0.0,0.0,212.89,0.24,1.19,Above Average,High Risk
15632446,France,Male,24,0.0,2,1,0.03,198.53,0.0,0.0,239.91,0.13,0.66,Above Average,High Risk
15620936,France,Male,32,0.0,2,6,0.03,234.53,0.0,0.0,241.47,0.0,0.0,Below Average,High Risk
15782231,France,Male,38,0.0,2,2,0.03,154.73,0.0,0.0,169.96,0.0,0.0,Average,High Risk
15580462,Spain,Male,40,112544.45,1,1,0.03,258.07,0.01,0.02,310.47,4.95,24.75,High Value,High Risk
15736371,France,Female,34,123034.43,2,5,0.03,266.47,0.0,0.0,275.87,0.0,0.0,Below Average,High Risk
15648032,Spain,Male,37,0.0,2,3,0.03,174.83,0.0,0.0,185.81,0.0,0.0,Average,High Risk
15610454,Germany,Female,33,119278.44,1,12,0.03,293.56,0.0,0.0,297.76,0.0,0.0,Low Value,High Risk
15671358,France,Male,44,0.0,2,1,0.03,214.43,0.0,0.0,258.76,0.14,0.71,Above Average,High Risk
15747130,France,Male,39,0.0,2,12,0.03,154.73,0.0,0.0,157.1,0.0,0.0,Low Value,High Risk
15578374,Spain,Male,36,169312.72,1,2,0.03,264.7,0.0,0.0,289.24,0.0,0.0,Average,High Risk
15572182,Germany,Female,33,106506.77,3,1,1.18,227.11,0.34,0.16,273.77,44.38,260.84,High Value,Medium Risk
15770041,Spain,Female,43,128412.61,1,11,0.03,295.25,0.0,0.0,299.87,0.0,0.0,Low Value,High Risk
15669414,Germany,Male,62,118356.89,2,3,3.54,237.11,0.13,0.05,251.51,12.4,123.97,High Value,High Risk
15777054,Germany,Male,42,137479.13,1,1,0.03,252.51,0.0,0.0,303.88,0.34,1.7,Above Average,High Risk
15785490,France,Male,50,105229.72,1,4,1.18,306.83,0.07,0.09,320.31,29.29,146.43,High Value,High Risk
15686974,France,Female,48,0.0,1,5,1.57,223.73,0.03,0.04,231.75,9.62,48.1,High Value,High Risk
15574584,France,Male,33,126679.69,1,11,0.03,277.76,0.0,0.0,282.12,0.0,0.0,Low Value,High Risk
15646310,Spain,Male,24,143582.89,1,11,0.03,282.8,0.0,0.0,287.23,0.0,0.0,Low Value,High Risk
15697606,France,Female,21,125712.2,1,3,0.03,267.81,0.0,0.0,283.89,0.0,0.0,Below Average,High Risk
15711489,Spain,Female,32,0.0,1,2,0.03,226.43,0.0,0.0,247.73,0.03,0.17,Above Average,High Risk
15670427,Spain,Male,37,155187.3,1,1,0.03,276.72,0.0,0.0,332.56,0.18,0.91,Above Average,High Risk
15731755,France,Male,49,0.0,2,4,0.03,202.43,0.0,0.0,211.68,0.0,0.0,Below Average,High Risk
15796370,Spain,Male,40,155455.43,1,7,0.03,259.33,0.0,0.0,265.82,0.0,0.0,Below Average,High Risk
15598331,France,Female,40,100480.53,1,3,0.03,304.42,0.0,0.0,322.51,0.0,0.0,Average,High Risk
15704795,France,Female,77,0.0,2,10,0.03,188.48,0.0,0.0,191.87,0.0,0.0,Low Value,High Risk
15796764,Germany,Female,56,127585.98,3,6,1.18,289.51,0.02,0.03,297.92,8.79,43.94,High Value,High Risk
15589420,France,Female,40,101891.1,1,2,0.03,313.81,0.0,0.0,342.51,0.05,0.23,Above Average,High Risk
15810563,Spain,Female,61,0.0,2,13,0.03,215.58,0.0,0.0,218.51,0.0,0.0,Low Value,High Risk
15746569,France,Male,38,0.0,1,1,1.57,175.13,0.34,0.12,212.18,26.36,155.03,High Value,Medium Risk
15811594,Spain,Female,28,128929.88,1,4,0.03,274.88,0.0,0.0,287.07,0.0,0.0,Average,High Risk
15645896,Germany,Male,39,121681.91,2,10,0.03,270.29,0.0,0.0,274.98,0.0,0.0,Low Value,High Risk
15802909,Germany,Female,56,139603.22,1,4,0.03,296.71,0.0,0.0,309.78,0.0,0.0,Average,High Risk
15797665,France,Female,27,0.0,2,3,0.03,217.43,0.0,0.0,230.75,0.0,0.0,Average,High Risk
15778959,France,Female,36,0.0,2,17,0.03,180.23,0.0,0.0,182.14,0.0,0.0,Low Value,High Risk
15722532,Spain,Female,36,91760.11,1,14,0.03,281.61,0.0,0.0,285.07,0.0,0.0,Low Value,High Risk
15776518,France,Female,38,175739.36,1,5,0.03,252.64,0.0,0.0,261.6,0.0,0.0,Below Average,High Risk
15611247,France,Female,28,0.0,2,4,0.03,142.73,0.0,0.0,149.55,0.0,0.0,Below Average,High Risk
15721469,Germany,Male,45,170295.04,2,3,0.03,226.34,0.0,0.0,240.14,0.0,0.0,Below Average,High Risk
15773338,France,Male,58,101579.28,1,2,0.03,306.99,0.0,0.0,335.11,0.04,0.22,Above Average,High Risk
15784042,France,Male,55,118793.6,1,10,2.76,269.78,0.0,0.0,274.46,0.22,1.12,Above Average,High Risk
15776229,France,Male,44,115282.3,1,1,0.03,280.73,0.0,0.0,337.33,0.38,1.89,Above Average,High Risk
15655903,Spain,Female,34,107980.37,1,8,0.03,286.0,0.0,0.0,292.19,0.0,0.0,Below Average,High Risk
15590177,France,Female,44,133866.22,1,1,0.03,292.53,0.01,0.02,351.31,5.6,28.01,High Value,High Risk
15813140,Spain,Male,41,0.0,2,8,0.03,161.33,0.0,0.0,165.04,0.0,0.0,Below Average,High Risk
15770516,Spain,Female,44,193213.02,2,12,0.03,264.38,0.0,0.0,268.19,0.0,0.0,Low Value,High Risk
15755731,Germany,Male,53,117005.55,1,11,3.15,270.48,0.0,0.0,274.74,0.09,0.46,Above Average,High Risk
15673020,France,Female,49,204510.94,1,4,1.18,283.36,0.07,0.09,295.89,27.05,135.27,High Value,High Risk
15596811,France,Male,36,139753.35,1,2,0.03,277.52,0.0,0.0,303.14,0.0,0.0,Average,High Risk
15786789,France,Female,29,0.0,2,10,0.03,215.93,0.0,0.0,219.76,0.0,0.0,Low Value,High Risk
15578865,Germany,Female,50,107959.39,1,7,1.97,265.3,0.01,0.01,271.92,2.61,13.04,Above Average,High Risk
15605672,France,Female,38,195926.39,1,7,0.03,287.87,0.0,0.0,295.01,0.0,0.0,Below Average,High Risk
15603674,France,Male,36,0.0,2,1,0.03,239.33,0.01,0.02,288.26,4.6,22.98,High Value,High Risk
15759915,France,Female,31,87772.52,1,2,0.03,318.52,0.0,0.0,347.62,0.0,0.01,Average,High Risk
15686219,France,Male,38,71018.6,2,1,0.03,256.2,0.0,0.0,308.26,0.17,0.84,Above Average,High Risk
15696388,Germany,Male,38,111096.91,1,5,0.03,302.39,0.0,0.0,312.94,0.0,0.0,Below Average,High Risk
15713604,Germany,Male,40,166776.6,2,15,0.03,206.1,0.0,0.0,208.53,0.0,0.0,Low Value,High Risk
15647800,France,Female,34,101266.51,1,2,0.03,330.27,0.0,0.0,360.37,0.0,0.01,Average,High Risk
15813451,Spain,Male,18,134796.87,2,13,0.03,280.28,0.0,0.0,283.99,0.0,0.0,Low Value,High Risk
15765375,France,Female,46,0.0,1,2,0.03,237.53,0.0,0.0,259.77,0.0,0.0,Average,High Risk
15774586,Germany,Female,43,118588.83,1,14,3.94,283.92,0.0,0.0,287.41,0.01,0.04,Above Average,High Risk
15603454,Germany,Male,28,160454.15,2,8,0.03,298.84,0.0,0.0,305.29,0.0,0.0,Below Average,High Risk
15653037,France,Male,77,0.0,1,1,0.03,214.88,0.01,0.02,259.29,4.13,20.67,High Value,High Risk
15782475,France,Female,42,0.0,2,13,0.03,208.43,0.0,0.0,211.27,0.0,0.0,Low Value,High Risk
15593496,Spain,Female,36,91132.18,1,1,0.03,232.37,0.0,0.0,280.01,0.09,0.44,Above Average,High Risk
15808971,Spain,Female,57,0.0,2,15,0.03,215.08,0.0,0.0,217.61,0.0,0.0,Low Value,High Risk
15791972,France,Female,20,0.0,2,3,0.03,222.83,0.0,0.0,236.45,0.0,0.0,Average,High Risk
15676869,Spain,Male,36,0.0,2,13,0.03,195.53,0.0,0.0,198.22,0.0,0.0,Low Value,High Risk
15683007,Germany,Female,25,113113.12,1,1,0.03,297.71,0.0,0.0,357.44,0.11,0.56,Above Average,High Risk
15659495,Spain,Male,23,0.0,1,2,0.03,233.63,0.0,0.0,255.54,0.03,0.17,Above Average,High Risk
15703923,Germany,Male,41,190409.34,2,12,0.03,302.68,0.0,0.0,307.0,0.0,0.0,Low Value,High Risk
15674000,France,Male,44,0.0,2,17,0.03,191.93,0.0,0.0,193.94,0.0,0.0,Low Value,High Risk
15618171,France,Female,33,0.0,2,15,0.03,199.13,0.0,0.0,201.49,0.0,0.0,Low Value,High Risk
15732202,France,Male,34,83503.11,2,1,0.39,258.48,0.34,0.42,310.96,130.53,465.74,High Value,Medium Risk
15735078,Germany,Female,53,139687.66,2,1,0.03,298.36,0.01,0.02,358.22,5.71,28.56,High Value,High Risk
15798615,France,Female,47,137301.87,1,3,0.03,332.3,0.0,0.0,351.92,0.0,0.0,Average,High Risk
15638494,Germany,Female,39,129845.26,1,14,0.03,264.43,0.0,0.0,267.69,0.0,0.0,Low Value,High Risk
15763874,Spain,Male,46,0.0,2,13,0.03,188.93,0.0,0.0,191.54,0.0,0.0,Low Value,High Risk
15696355,Germany,Male,37,125489.4,1,2,0.03,293.9,0.0,0.0,320.91,0.0,0.0,Average,High Risk
15655952,France,Male,47,0.0,2,3,0.03,163.43,0.0,0.0,173.78,0.0,0.0,Average,High Risk
15739850,France,Male,45,155417.61,1,8,0.03,271.63,0.0,0.0,277.53,0.0,0.0,Below Average,High Risk
15611338,Spain,Male,29,0.0,2,6,0.03,212.63,0.0,0.0,218.99,0.0,0.0,Below Average,High Risk
15707861,France,Female,46,85216.61,1,3,3.94,230.12,0.13,0.04,244.13,10.87,108.7,High Value,High Risk
15657771,France,Male,37,0.0,1,8,0.03,159.53,0.0,0.0,163.21,0.0,0.0,Below Average,High Risk
15677783,Spain,Male,38,113607.47,1,1,0.03,305.24,0.0,0.0,366.36,0.2,1.0,Above Average,High Risk
15681026,Germany,Female,33,104552.72,1,12,3.54,313.98,0.0,0.0,318.45,0.04,0.22,Above Average,High Risk
15566543,Spain,Male,44,0.0,2,3,0.03,170.33,0.0,0.0,181.06,0.0,0.0,Below Average,High Risk
15594612,Spain,Male,44,0.0,1,3,3.54,209.03,0.13,0.05,221.89,10.94,109.37,High Value,High Risk
15642785,France,Male,34,117593.48,2,2,0.03,219.97,0.0,0.0,240.72,0.0,0.01,Above Average,High Risk
15690164,Germany,Female,33,83199.05,1,1,0.03,262.06,0.0,0.0,315.2,0.17,0.86,Above Average,High Risk
15590213,Spain,Male,35,125920.98,1,5,0.03,220.42,0.0,0.0,228.34,0.0,0.0,Below Average,High Risk
15603794,France,Male,48,118469.38,1,7,0.03,263.22,0.0,0.0,269.79,0.0,0.0,Below Average,High Risk
15733491,Germany,Female,40,153537.57,2,3,0.03,231.64,0.0,0.0,245.74,0.0,0.0,Average,High Risk
15806360,France,Male,41,0.0,1,8,0.03,181.13,0.0,0.0,185.24,0.0,0.0,Below Average,High Risk
15587133,France,Male,42,151027.05,2,3,0.03,233.33,0.0,0.0,247.52,0.0,0.0,Average,High Risk
15721377,France,Female,34,144751.81,1,1,0.03,327.55,0.0,0.0,392.81,0.44,2.2,Above Average,High Risk
15747927,France,Male,26,155739.76,1,1,0.03,305.54,0.0,0.0,366.72,0.2,1.0,Above Average,High Risk
15806455,France,Male,27,0.0,2,12,0.03,181.73,0.0,0.0,184.46,0.0,0.0,Low Value,High Risk
15695474,France,Male,33,122531.86,1,2,0.03,251.44,0.0,0.0,274.86,0.0,0.0,Average,High Risk
15656062,France,Female,33,103377.81,1,2,0.03,266.51,0.0,0.0,291.2,0.0,0.0,Average,High Risk
15579969,France,Female,32,0.0,2,15,0.03,203.33,0.0,0.0,205.74,0.0,0.0,Low Value,High Risk
15703563,France,Male,40,93017.47,2,3,0.03,306.9,0.0,0.0,325.13,0.0,0.0,Average,High Risk
15692664,France,Female,58,90022.85,1,1,0.03,287.59,0.01,0.02,345.45,5.51,27.54,High Value,High Risk
15719276,Spain,Male,35,74371.49,1,2,0.03,295.51,0.0,0.0,322.66,0.0,0.0,Average,High Risk
15672754,Germany,Male,42,152039.7,1,4,1.18,227.38,0.07,0.09,237.64,21.73,108.64,High Value,High Risk
15768163,Germany,Female,46,137145.12,1,2,2.76,273.79,0.22,0.08,299.1,23.55,209.43,High Value,High Risk
15656710,France,Male,40,0.0,1,1,0.03,182.33,0.0,0.0,220.71,0.12,0.6,Above Average,High Risk
15696175,Germany,Male,35,90602.42,2,12,0.03,255.13,0.0,0.0,258.82,0.0,0.0,Low Value,High Risk
15586914,France,Male,36,123841.49,2,2,0.03,274.31,0.0,0.0,299.67,0.0,0.0,Average,High Risk
15581736,Germany,Male,47,183579.54,2,1,0.03,281.14,0.01,0.02,337.8,5.39,26.93,High Value,High Risk
15588839,Spain,Male,30,180307.73,2,13,0.03,260.92,0.0,0.0,264.39,0.0,0.0,Low Value,High Risk
15589329,France,Male,30,0.0,2,1,0.03,230.93,0.0,0.0,278.31,0.15,0.76,Above Average,High Risk
15605622,Spain,Male,28,0.0,2,6,0.03,250.73,0.0,0.0,258.1,0.0,0.0,Below Average,High Risk
15798964,Germany,Male,33,35016.6,1,1,0.03,282.39,0.0,0.0,339.29,0.38,1.9,Above Average,High Risk
15769959,France,Female,53,88381.21,1,1,1.57,257.21,0.34,0.12,309.45,38.44,226.09,High Value,Medium Risk
15569266,France,Male,28,155060.41,1,2,0.03,271.31,0.0,0.0,296.41,0.0,0.0,Average,High Risk
15606229,France,Male,39,0.0,2,2,0.03,229.73,0.0,0.0,251.31,0.0,0.01,Above Average,High Risk
15569892,France,Male,35,57369.61,1,14,0.03,226.28,0.0,0.0,229.12,0.0,0.0,Low Value,High Risk
15584532,France,Female,36,0.0,1,10,2.76,211.13,0.0,0.0,214.88,0.18,0.88,Above Average,High Risk
15682355,Germany,Male,42,75075.31,2,1,1.18,304.87,0.34,0.16,365.94,59.32,348.65,High Value,Medium Risk
15628319,France,Female,28,130142.79,1,1,0.03,314.54,0.0,0.0,377.39,0.21,1.03,Above Average,High Risk
